#
# There is insufficient memory for the Java Runtime Environment to continue.
# Native memory allocation (mmap) failed to map 2097152 bytes. Error detail: G1 virtual space
# Possible reasons:
#   The system is out of physical RAM or swap space
#   This process is running with CompressedOops enabled, and the Java Heap may be blocking the growth of the native heap
# Possible solutions:
#   Reduce memory load on the system
#   Increase physical memory or swap space
#   Check if swap backing store is full
#   Decrease Java heap size (-Xmx/-Xms)
#   Decrease number of Java threads
#   Decrease Java thread stack sizes (-Xss)
#   Set larger code cache with -XX:ReservedCodeCacheSize=
#   JVM is running with Zero Based Compressed Oops mode in which the Java heap is
#     placed in the first 32GB address space. The Java Heap base address is the
#     maximum limit for the native heap growth. Please use -XX:HeapBaseMinAddress
#     to set the Java Heap base and to place the Java Heap above 32GB virtual address.
# This output file may be truncated or incomplete.
#
#  Out of Memory Error (os_windows.cpp:3926), pid=15088, tid=15804
#
# JRE version: OpenJDK Runtime Environment (21.0.10) (build 21.0.10+-14961533-b1163.108)
# Java VM: OpenJDK 64-Bit Server VM (21.0.10+-14961533-b1163.108, mixed mode, tiered, compressed oops, compressed class ptrs, g1 gc, windows-amd64)
# No core dump will be written. Minidumps are not enabled by default on client versions of Windows
#

---------------  S U M M A R Y ------------

Command Line: -XX:MaxMetaspaceSize=512m --add-opens=java.base/java.util=ALL-UNNAMED --add-opens=java.base/java.lang=ALL-UNNAMED --add-opens=java.base/java.lang.invoke=ALL-UNNAMED --add-opens=java.prefs/java.util.prefs=ALL-UNNAMED --add-opens=java.base/java.nio.charset=ALL-UNNAMED --add-opens=java.base/java.net=ALL-UNNAMED --add-opens=java.base/java.util.concurrent.atomic=ALL-UNNAMED -Xmx4g -Dfile.encoding=UTF-8 -Duser.country=US -Duser.language=en -Duser.variant -javaagent:C:\Users\HP\.gradle\wrapper\dists\gradle-8.5-bin\5t9huq95ubn472n8rpzujfbqh\gradle-8.5\lib\agents\gradle-instrumentation-agent-8.5.jar org.gradle.launcher.daemon.bootstrap.GradleDaemon 8.5

Host: Intel(R) N100, 4 cores, 15G,  Windows 11 , 64 bit Build 22000 (10.0.22000.2538)
Time: Mon Jun  1 13:08:50 2026 Pacific Daylight Time elapsed time: 3977.596606 seconds (0d 1h 6m 17s)

---------------  T H R E A D  ---------------

Current thread (0x0000018d740b31e0):  WorkerThread "GC Thread#1"    [id=15804, stack(0x0000005fa2800000,0x0000005fa2900000) (1024K)]

Stack: [0x0000005fa2800000,0x0000005fa2900000]
Native frames: (J=compiled Java code, j=interpreted, Vv=VM code, C=native code)
V  [jvm.dll+0x6d78a9]
V  [jvm.dll+0x8665b3]
V  [jvm.dll+0x868bde]
V  [jvm.dll+0x8692c3]
V  [jvm.dll+0x280ee6]
V  [jvm.dll+0x6d4165]
V  [jvm.dll+0x6c77fa]
V  [jvm.dll+0x358f4b]
V  [jvm.dll+0x360bc6]
V  [jvm.dll+0x3b2bab]
V  [jvm.dll+0x3b3264]
V  [jvm.dll+0x3b332d]
V  [jvm.dll+0x32cdac]
V  [jvm.dll+0x32cb08]
V  [jvm.dll+0x31b6c6]
V  [jvm.dll+0x31c55a]
V  [jvm.dll+0x31ca85]
V  [jvm.dll+0x31c3bd]
V  [jvm.dll+0x35adda]
V  [jvm.dll+0x35b156]
V  [jvm.dll+0x35c29a]
V  [jvm.dll+0x35bf14]
V  [jvm.dll+0x370569]
V  [jvm.dll+0x370c2a]
V  [jvm.dll+0x370d27]
V  [jvm.dll+0x371c2b]
V  [jvm.dll+0x8944e4]
V  [jvm.dll+0x80fd28]
V  [jvm.dll+0x6d60fd]
C  [ucrtbase.dll+0x26c0c]
C  [KERNEL32.DLL+0x153e0]
C  [ntdll.dll+0x485b]


---------------  P R O C E S S  ---------------

Threads class SMR info:
_java_thread_list=0x0000018d0bb65a00, length=96, elements={
0x0000018d53b84440, 0x0000018d6f5de2e0, 0x0000018d6f5bead0, 0x0000018d6f5bf530,
0x0000018d6f615a40, 0x0000018d6f6164a0, 0x0000018d6f5fcae0, 0x0000018d6f5fd540,
0x0000018d6f61ef10, 0x0000018d6f603c30, 0x0000018d6f996990, 0x0000018d75fcb020,
0x0000018d7523b300, 0x0000018d74e1a790, 0x0000018d760510a0, 0x0000018d7604fcf0,
0x0000018d76051730, 0x0000018d7604e940, 0x0000018d7604efd0, 0x0000018d7610ec30,
0x0000018d7610b7b0, 0x0000018d7610d1f0, 0x0000018d7610df10, 0x0000018d7610f950,
0x0000018d7610d880, 0x0000018d7610b120, 0x0000018d7456f6f0, 0x0000018d03841770,
0x0000018d03843ed0, 0x0000018d03844560, 0x0000018d03845280, 0x0000018d09410e10,
0x0000018d0940cc70, 0x0000018d0b1be7a0, 0x0000018d0b1bd3f0, 0x0000018d0b1b8530,
0x0000018d0b1bee30, 0x0000018d0b1ba600, 0x0000018d0b1bf4c0, 0x0000018d0b1bac90,
0x0000018d0b1b8bc0, 0x0000018d0b1c01e0, 0x0000018d0b1bb9b0, 0x0000018d0b1c0870,
0x0000018d0b1b9f70, 0x0000018d0b1c3660, 0x0000018d0b1c2fd0, 0x0000018d0b1c1c20,
0x0000018d0b1c4380, 0x0000018d0b1c0f00, 0x0000018d0b1c5730, 0x0000018d0b1c5dc0,
0x0000018d0b1c6450, 0x0000018d0b1c1590, 0x0000018d0b1c22b0, 0x0000018d0b1c2940,
0x0000018d0b1c4a10, 0x0000018d0b1c3cf0, 0x0000018d0b1c6ae0, 0x0000018d0b1c7170,
0x0000018d0383e980, 0x0000018d03838da0, 0x0000018d03839430, 0x0000018d0383f6a0,
0x0000018d0383b500, 0x0000018d0383cf40, 0x0000018d0383d5d0, 0x0000018d0383e2f0,
0x0000018d0383f010, 0x0000018d0383bb90, 0x0000018d0383dc60, 0x0000018d0383a150,
0x0000018d03838710, 0x0000018d09412850, 0x0000018d0ac5d690, 0x0000018d0ac5e3b0,
0x0000018d0ac5dd20, 0x0000018d0ac5ea40, 0x0000018d0ac60480, 0x0000018d0ac5d000,
0x0000018d0ac60b10, 0x0000018d0ac5f760, 0x0000018d03736b60, 0x0000018d03735120,
0x0000018d03739950, 0x0000018d0373a670, 0x0000018d037364d0, 0x0000018d0373b390,
0x0000018d03739fe0, 0x0000018d03734400, 0x0000018d77d15d20, 0x0000018d77d135c0,
0x0000018d77d11b80, 0x0000018d77d170d0, 0x0000018d77d17760, 0x0000018d77d18480
}

Java Threads: ( => current thread )
  0x0000018d53b84440 JavaThread "main"                              [_thread_blocked, id=11708, stack(0x0000005fa1500000,0x0000005fa1600000) (1024K)]
  0x0000018d6f5de2e0 JavaThread "Common-Cleaner"             daemon [_thread_blocked, id=14936, stack(0x0000005fa1d00000,0x0000005fa1e00000) (1024K)]
  0x0000018d6f5bead0 JavaThread "Reference Handler"          daemon [_thread_blocked, id=5564, stack(0x0000005fa1e00000,0x0000005fa1f00000) (1024K)]
  0x0000018d6f5bf530 JavaThread "Finalizer"                  daemon [_thread_blocked, id=15400, stack(0x0000005fa1f00000,0x0000005fa2000000) (1024K)]
  0x0000018d6f615a40 JavaThread "Signal Dispatcher"          daemon [_thread_blocked, id=19884, stack(0x0000005fa2000000,0x0000005fa2100000) (1024K)]
  0x0000018d6f6164a0 JavaThread "Attach Listener"            daemon [_thread_blocked, id=10380, stack(0x0000005fa2100000,0x0000005fa2200000) (1024K)]
  0x0000018d6f5fcae0 JavaThread "Service Thread"             daemon [_thread_blocked, id=18676, stack(0x0000005fa2200000,0x0000005fa2300000) (1024K)]
  0x0000018d6f5fd540 JavaThread "Monitor Deflation Thread"   daemon [_thread_blocked, id=15972, stack(0x0000005fa2300000,0x0000005fa2400000) (1024K)]
  0x0000018d6f61ef10 JavaThread "C2 CompilerThread0"         daemon [_thread_blocked, id=4280, stack(0x0000005fa2400000,0x0000005fa2500000) (1024K)]
  0x0000018d6f603c30 JavaThread "C1 CompilerThread0"         daemon [_thread_blocked, id=6084, stack(0x0000005fa2500000,0x0000005fa2600000) (1024K)]
  0x0000018d6f996990 JavaThread "Notification Thread"        daemon [_thread_blocked, id=11472, stack(0x0000005fa2600000,0x0000005fa2700000) (1024K)]
  0x0000018d75fcb020 JavaThread "Daemon health stats"               [_thread_blocked, id=15232, stack(0x0000005fa2b00000,0x0000005fa2c00000) (1024K)]
  0x0000018d7523b300 JavaThread "Incoming local TCP Connector on port 50910"        [_thread_in_native, id=20164, stack(0x0000005fa2c00000,0x0000005fa2d00000) (1024K)]
  0x0000018d74e1a790 JavaThread "Daemon periodic checks"            [_thread_blocked, id=9820, stack(0x0000005fa2d00000,0x0000005fa2e00000) (1024K)]
  0x0000018d760510a0 JavaThread "Cache worker for journal cache (C:\Users\HP\.gradle\caches\journal-1)"        [_thread_blocked, id=12132, stack(0x0000005fa2700000,0x0000005fa2800000) (1024K)]
  0x0000018d7604fcf0 JavaThread "File lock request listener"        [_thread_in_native, id=18616, stack(0x0000005fa3500000,0x0000005fa3600000) (1024K)]
  0x0000018d76051730 JavaThread "Cache worker for file hash cache (C:\Users\HP\.gradle\caches\8.5\fileHashes)"        [_thread_blocked, id=13656, stack(0x0000005fa3700000,0x0000005fa3800000) (1024K)]
  0x0000018d7604e940 JavaThread "File watcher server"        daemon [_thread_blocked, id=9404, stack(0x0000005fa3800000,0x0000005fa3900000) (1024K)]
  0x0000018d7604efd0 JavaThread "File watcher consumer"      daemon [_thread_blocked, id=7924, stack(0x0000005fa3900000,0x0000005fa3a00000) (1024K)]
  0x0000018d7610ec30 JavaThread "Cache worker for file content cache (C:\Users\HP\.gradle\caches\8.5\fileContent)"        [_thread_blocked, id=3372, stack(0x0000005fa3e00000,0x0000005fa3f00000) (1024K)]
  0x0000018d7610b7b0 JavaThread "Cache worker for execution history cache (C:\Users\HP\.gradle\caches\8.5\executionHistory)"        [_thread_blocked, id=19932, stack(0x0000005fa3f00000,0x0000005fa4000000) (1024K)]
  0x0000018d7610d1f0 JavaThread "Cache worker for kotlin-dsl (C:\Users\HP\.gradle\caches\8.5\kotlin-dsl)"        [_thread_blocked, id=14604, stack(0x0000005fa4000000,0x0000005fa4100000) (1024K)]
  0x0000018d7610df10 JavaThread "jar transforms"                    [_thread_blocked, id=16640, stack(0x0000005fa4100000,0x0000005fa4200000) (1024K)]
  0x0000018d7610f950 JavaThread "jar transforms Thread 2"           [_thread_blocked, id=7568, stack(0x0000005fa4200000,0x0000005fa4300000) (1024K)]
  0x0000018d7610d880 JavaThread "jar transforms Thread 3"           [_thread_blocked, id=6664, stack(0x0000005fa4300000,0x0000005fa4400000) (1024K)]
  0x0000018d7610b120 JavaThread "jar transforms Thread 4"           [_thread_blocked, id=10828, stack(0x0000005fa4400000,0x0000005fa4500000) (1024K)]
  0x0000018d7456f6f0 JavaThread "Memory manager"                    [_thread_blocked, id=7252, stack(0x0000005fa3600000,0x0000005fa3700000) (1024K)]
  0x0000018d03841770 JavaThread "RMI Scheduler(0)"           daemon [_thread_blocked, id=284, stack(0x0000005fa3d00000,0x0000005fa3e00000) (1024K)]
  0x0000018d03843ed0 JavaThread "RMI GC Daemon"              daemon [_thread_blocked, id=12548, stack(0x0000005fa7800000,0x0000005fa7900000) (1024K)]
  0x0000018d03844560 JavaThread "RMI TCP Accept-0"           daemon [_thread_in_native, id=3076, stack(0x0000005fa7900000,0x0000005fa7a00000) (1024K)]
  0x0000018d03845280 JavaThread "RMI Reaper"                        [_thread_blocked, id=3456, stack(0x0000005fa7a00000,0x0000005fa7b00000) (1024K)]
  0x0000018d09410e10 JavaThread "Daemon Thread 13"                  [_thread_blocked, id=21300, stack(0x0000005fa1200000,0x0000005fa1300000) (1024K)]
  0x0000018d0940cc70 JavaThread "Daemon worker Thread 10"           [_thread_blocked, id=1820, stack(0x0000005fa2e00000,0x0000005fa2f00000) (1024K)]
  0x0000018d0b1be7a0 JavaThread "Handler for socket connection from /127.0.0.1:50910 to /127.0.0.1:51918"        [_thread_in_native, id=7852, stack(0x0000005fa1300000,0x0000005fa1400000) (1024K)]
  0x0000018d0b1bd3f0 JavaThread "Cancel handler"                    [_thread_blocked, id=9540, stack(0x0000005fa1400000,0x0000005fa1500000) (1024K)]
  0x0000018d0b1b8530 JavaThread "Asynchronous log dispatcher for DefaultDaemonConnection: socket connection from /127.0.0.1:50910 to /127.0.0.1:51918"        [_thread_blocked, id=10372, stack(0x0000005fa2f00000,0x0000005fa3000000) (1024K)]
  0x0000018d0b1bee30 JavaThread "Daemon client event forwarder"        [_thread_blocked, id=11140, stack(0x0000005fa3100000,0x0000005fa3200000) (1024K)]
  0x0000018d0b1ba600 JavaThread "Cache worker for checksums cache (C:\Users\HP\AndroidStudioProjects\FirstBankApp\.gradle\8.5\checksums)"        [_thread_blocked, id=1004, stack(0x0000005fa3200000,0x0000005fa3300000) (1024K)]
  0x0000018d0b1bf4c0 JavaThread "Cache worker for file hash cache (C:\Users\HP\AndroidStudioProjects\FirstBankApp\.gradle\8.5\fileHashes)"        [_thread_blocked, id=628, stack(0x0000005fa3300000,0x0000005fa3400000) (1024K)]
  0x0000018d0b1bac90 JavaThread "Cache worker for cache directory md-supplier (C:\Users\HP\.gradle\caches\8.5\md-supplier)"        [_thread_blocked, id=21196, stack(0x0000005fa3400000,0x0000005fa3500000) (1024K)]
  0x0000018d0b1b8bc0 JavaThread "Cache worker for cache directory md-rule (C:\Users\HP\.gradle\caches\8.5\md-rule)"        [_thread_blocked, id=19344, stack(0x0000005fa3a00000,0x0000005fa3b00000) (1024K)]
  0x0000018d0b1c01e0 JavaThread "Cache worker for dependencies-accessors (C:\Users\HP\AndroidStudioProjects\FirstBankApp\.gradle\8.5\dependencies-accessors)"        [_thread_blocked, id=9200, stack(0x0000005fa3b00000,0x0000005fa3c00000) (1024K)]
  0x0000018d0b1bb9b0 JavaThread "Cache worker for Build Output Cleanup Cache (C:\Users\HP\AndroidStudioProjects\FirstBankApp\.gradle\buildOutputCleanup)"        [_thread_blocked, id=16952, stack(0x0000005fa3c00000,0x0000005fa3d00000) (1024K)]
  0x0000018d0b1c0870 JavaThread "Unconstrained build operations"        [_thread_blocked, id=14532, stack(0x0000005fa4500000,0x0000005fa4600000) (1024K)]
  0x0000018d0b1b9f70 JavaThread "Unconstrained build operations Thread 2"        [_thread_blocked, id=21360, stack(0x0000005fa4600000,0x0000005fa4700000) (1024K)]
  0x0000018d0b1c3660 JavaThread "Unconstrained build operations Thread 3"        [_thread_blocked, id=20256, stack(0x0000005fa4700000,0x0000005fa4800000) (1024K)]
  0x0000018d0b1c2fd0 JavaThread "build event listener"              [_thread_blocked, id=2080, stack(0x0000005fa4800000,0x0000005fa4900000) (1024K)]
  0x0000018d0b1c1c20 JavaThread "build event listener"              [_thread_blocked, id=3280, stack(0x0000005fa4a00000,0x0000005fa4b00000) (1024K)]
  0x0000018d0b1c4380 JavaThread "included builds"                   [_thread_blocked, id=7744, stack(0x0000005fa4c00000,0x0000005fa4d00000) (1024K)]
  0x0000018d0b1c0f00 JavaThread "Execution worker"                  [_thread_blocked, id=8560, stack(0x0000005fa4d00000,0x0000005fa4e00000) (1024K)]
  0x0000018d0b1c5730 JavaThread "Execution worker Thread 2"         [_thread_blocked, id=20788, stack(0x0000005fa4e00000,0x0000005fa4f00000) (1024K)]
  0x0000018d0b1c5dc0 JavaThread "Execution worker Thread 3"         [_thread_blocked, id=21076, stack(0x0000005fa4f00000,0x0000005fa5000000) (1024K)]
  0x0000018d0b1c6450 JavaThread "Cache worker for execution history cache (C:\Users\HP\AndroidStudioProjects\FirstBankApp\.gradle\8.5\executionHistory)"        [_thread_blocked, id=9412, stack(0x0000005fa5000000,0x0000005fa5100000) (1024K)]
  0x0000018d0b1c1590 JavaThread "Unconstrained build operations Thread 4"        [_thread_blocked, id=4776, stack(0x0000005fa5100000,0x0000005fa5200000) (1024K)]
  0x0000018d0b1c22b0 JavaThread "Unconstrained build operations Thread 5"        [_thread_blocked, id=8480, stack(0x0000005fa5200000,0x0000005fa5300000) (1024K)]
  0x0000018d0b1c2940 JavaThread "Unconstrained build operations Thread 6"        [_thread_blocked, id=17128, stack(0x0000005fa5300000,0x0000005fa5400000) (1024K)]
  0x0000018d0b1c4a10 JavaThread "Unconstrained build operations Thread 7"        [_thread_blocked, id=10660, stack(0x0000005fa5400000,0x0000005fa5500000) (1024K)]
  0x0000018d0b1c3cf0 JavaThread "Unconstrained build operations Thread 8"        [_thread_blocked, id=8160, stack(0x0000005fa5500000,0x0000005fa5600000) (1024K)]
  0x0000018d0b1c6ae0 JavaThread "Unconstrained build operations Thread 9"        [_thread_blocked, id=20096, stack(0x0000005fa5600000,0x0000005fa5700000) (1024K)]
  0x0000018d0b1c7170 JavaThread "Unconstrained build operations Thread 10"        [_thread_blocked, id=1128, stack(0x0000005fa5700000,0x0000005fa5800000) (1024K)]
  0x0000018d0383e980 JavaThread "Unconstrained build operations Thread 11"        [_thread_blocked, id=18884, stack(0x0000005fa5800000,0x0000005fa5900000) (1024K)]
  0x0000018d03838da0 JavaThread "Unconstrained build operations Thread 12"        [_thread_blocked, id=17068, stack(0x0000005fa5900000,0x0000005fa5a00000) (1024K)]
  0x0000018d03839430 JavaThread "Unconstrained build operations Thread 13"        [_thread_blocked, id=13128, stack(0x0000005fa5a00000,0x0000005fa5b00000) (1024K)]
  0x0000018d0383f6a0 JavaThread "Unconstrained build operations Thread 14"        [_thread_blocked, id=5044, stack(0x0000005fa5b00000,0x0000005fa5c00000) (1024K)]
  0x0000018d0383b500 JavaThread "Unconstrained build operations Thread 15"        [_thread_blocked, id=16704, stack(0x0000005fa5c00000,0x0000005fa5d00000) (1024K)]
  0x0000018d0383cf40 JavaThread "Unconstrained build operations Thread 16"        [_thread_blocked, id=14656, stack(0x0000005fa5d00000,0x0000005fa5e00000) (1024K)]
  0x0000018d0383d5d0 JavaThread "WorkerExecutor Queue"              [_thread_blocked, id=3928, stack(0x0000005fa4b00000,0x0000005fa4c00000) (1024K)]
  0x0000018d0383e2f0 JavaThread "Unconstrained build operations Thread 17"        [_thread_blocked, id=19640, stack(0x0000005fa5e00000,0x0000005fa5f00000) (1024K)]
  0x0000018d0383f010 JavaThread "Unconstrained build operations Thread 18"        [_thread_blocked, id=18916, stack(0x0000005fa5f00000,0x0000005fa6000000) (1024K)]
  0x0000018d0383bb90 JavaThread "Unconstrained build operations Thread 19"        [_thread_blocked, id=10744, stack(0x0000005fa6000000,0x0000005fa6100000) (1024K)]
  0x0000018d0383dc60 JavaThread "Unconstrained build operations Thread 20"        [_thread_blocked, id=10032, stack(0x0000005fa6100000,0x0000005fa6200000) (1024K)]
  0x0000018d0383a150 JavaThread "Unconstrained build operations Thread 21"        [_thread_blocked, id=10100, stack(0x0000005fa6200000,0x0000005fa6300000) (1024K)]
  0x0000018d03838710 JavaThread "Unconstrained build operations Thread 22"        [_thread_blocked, id=12616, stack(0x0000005fa6300000,0x0000005fa6400000) (1024K)]
  0x0000018d09412850 JavaThread "RMI TCP Connection(idle)"   daemon [_thread_blocked, id=1944, stack(0x0000005fa6500000,0x0000005fa6600000) (1024K)]
  0x0000018d0ac5d690 JavaThread "RMI TCP Connection(idle)"   daemon [_thread_blocked, id=8376, stack(0x0000005fa6600000,0x0000005fa6700000) (1024K)]
  0x0000018d0ac5e3b0 JavaThread "Unconstrained build operations Thread 23"        [_thread_blocked, id=15792, stack(0x0000005fa6700000,0x0000005fa6800000) (1024K)]
  0x0000018d0ac5dd20 JavaThread "WorkerExecutor Queue Thread 2"        [_thread_blocked, id=20084, stack(0x0000005fa6800000,0x0000005fa6900000) (1024K)]
  0x0000018d0ac5ea40 JavaThread "RMI TCP Connection(idle)"   daemon [_thread_blocked, id=14736, stack(0x0000005fa6a00000,0x0000005fa6b00000) (1024K)]
  0x0000018d0ac60480 JavaThread "Unconstrained build operations Thread 24"        [_thread_blocked, id=19936, stack(0x0000005fa6b00000,0x0000005fa6c00000) (1024K)]
  0x0000018d0ac5d000 JavaThread "WorkerExecutor Queue Thread 3"        [_thread_blocked, id=11492, stack(0x0000005fa6c00000,0x0000005fa6d00000) (1024K)]
  0x0000018d0ac60b10 JavaThread "RMI TCP Connection(idle)"   daemon [_thread_blocked, id=8292, stack(0x0000005fa6e00000,0x0000005fa6f00000) (1024K)]
  0x0000018d0ac5f760 JavaThread "RMI TCP Connection(idle)"   daemon [_thread_blocked, id=8172, stack(0x0000005fa6f00000,0x0000005fa7000000) (1024K)]
  0x0000018d03736b60 JavaThread "Unconstrained build operations Thread 25"        [_thread_blocked, id=21368, stack(0x0000005fa6900000,0x0000005fa6a00000) (1024K)]
  0x0000018d03735120 JavaThread "Exec process"                      [_thread_blocked, id=156, stack(0x0000005fa6d00000,0x0000005fa6e00000) (1024K)]
  0x0000018d03739950 JavaThread "Exec process Thread 2"             [_thread_blocked, id=18160, stack(0x0000005fa7000000,0x0000005fa7100000) (1024K)]
  0x0000018d0373a670 JavaThread "Exec process Thread 3"             [_thread_blocked, id=19168, stack(0x0000005fa7100000,0x0000005fa7200000) (1024K)]
  0x0000018d037364d0 JavaThread "Cache worker for Java compile cache (C:\Users\HP\.gradle\caches\8.5\javaCompile)"        [_thread_blocked, id=13568, stack(0x0000005fa6400000,0x0000005fa6500000) (1024K)]
  0x0000018d0373b390 JavaThread "Build operations"                  [_thread_blocked, id=14904, stack(0x0000005fa7300000,0x0000005fa7400000) (1024K)]
  0x0000018d03739fe0 JavaThread "Build operations Thread 2"         [_thread_blocked, id=2604, stack(0x0000005fa7400000,0x0000005fa7500000) (1024K)]
  0x0000018d03734400 JavaThread "Build operations Thread 3"         [_thread_blocked, id=18180, stack(0x0000005fa7500000,0x0000005fa7600000) (1024K)]
  0x0000018d77d15d20 JavaThread "Unconstrained build operations Thread 26"        [_thread_blocked, id=5932, stack(0x0000005fa7600000,0x0000005fa7700000) (1024K)]
  0x0000018d77d135c0 JavaThread "Unconstrained build operations Thread 27"        [_thread_blocked, id=13920, stack(0x0000005fa7700000,0x0000005fa7800000) (1024K)]
  0x0000018d77d11b80 JavaThread "Unconstrained build operations Thread 28"        [_thread_blocked, id=18500, stack(0x0000005fa7b00000,0x0000005fa7c00000) (1024K)]
  0x0000018d77d170d0 JavaThread "Unconstrained build operations Thread 29"        [_thread_blocked, id=5692, stack(0x0000005fa4900000,0x0000005fa4a00000) (1024K)]
  0x0000018d77d17760 JavaThread "Unconstrained build operations Thread 30"        [_thread_blocked, id=7068, stack(0x0000005fa7200000,0x0000005fa7300000) (1024K)]
  0x0000018d77d18480 JavaThread "Unconstrained build operations Thread 31"        [_thread_blocked, id=19736, stack(0x0000005fa7c00000,0x0000005fa7d00000) (1024K)]
Total: 96

Other Threads:
  0x0000018d6f4143e0 VMThread "VM Thread"                           [id=7100, stack(0x0000005fa1c00000,0x0000005fa1d00000) (1024K)]
  0x0000018d6f3ceb10 WatcherThread "VM Periodic Task Thread"        [id=12728, stack(0x0000005fa1b00000,0x0000005fa1c00000) (1024K)]
  0x0000018d55e314e0 WorkerThread "GC Thread#0"                     [id=15344, stack(0x0000005fa1600000,0x0000005fa1700000) (1024K)]
=>0x0000018d740b31e0 WorkerThread "GC Thread#1"                     [id=15804, stack(0x0000005fa2800000,0x0000005fa2900000) (1024K)]
  0x0000018d740b3590 WorkerThread "GC Thread#2"                     [id=2088, stack(0x0000005fa2900000,0x0000005fa2a00000) (1024K)]
  0x0000018d740b3940 WorkerThread "GC Thread#3"                     [id=15644, stack(0x0000005fa2a00000,0x0000005fa2b00000) (1024K)]
  0x0000018d55e423e0 ConcurrentGCThread "G1 Main Marker"            [id=19964, stack(0x0000005fa1700000,0x0000005fa1800000) (1024K)]
  0x0000018d55e42f70 WorkerThread "G1 Conc#0"                       [id=6764, stack(0x0000005fa1800000,0x0000005fa1900000) (1024K)]
  0x0000018d55e9dfb0 ConcurrentGCThread "G1 Refine#0"               [id=9916, stack(0x0000005fa1900000,0x0000005fa1a00000) (1024K)]
  0x0000018d55e9ea40 ConcurrentGCThread "G1 Service"                [id=18652, stack(0x0000005fa1a00000,0x0000005fa1b00000) (1024K)]
Total: 10

Threads with active compile tasks:
Total: 0

VM state: at safepoint (normal execution)

VM Mutex/Monitor currently owned by a thread:  ([mutex/lock_event])
[0x00007fff352f5fd0] FreeList_lock - owner thread: 0x0000018d740b31e0
[0x00007fff352f86d0] Threads_lock - owner thread: 0x0000018d6f4143e0
[0x00007fff352f87d0] Heap_lock - owner thread: 0x0000018d77d18480

Heap address: 0x0000000700000000, size: 4096 MB, Compressed Oops mode: Zero based, Oop shift amount: 3

CDS archive(s) not mapped
Compressed class space mapped at: 0x0000000800000000-0x000000081a000000, reserved size: 436207616
Narrow klass base: 0x0000000800000000, Narrow klass shift: 0, Narrow klass range: 0x1a000000

GC Precious Log:
 CardTable entry size: 512
 Card Set container configuration: InlinePtr #cards 4 size 8 Array Of Cards #cards 16 size 48 Howl #buckets 8 coarsen threshold 3686 Howl Bitmap #cards 512 size 80 coarsen threshold 460 Card regions per heap region 1 cards per card region 4096
 CPUs: 4 total, 4 available
 Memory: 16037M
 Large Page Support: Disabled
 NUMA Support: Disabled
 Compressed Oops: Enabled (Zero based)
 Heap Region Size: 2M
 Heap Min Capacity: 8M
 Heap Initial Capacity: 252M
 Heap Max Capacity: 4G
 Pre-touch: Disabled
 Parallel Workers: 4
 Concurrent Workers: 1
 Concurrent Refinement Workers: 4
 Periodic GC: Disabled

Heap:
 garbage-first heap   total 999424K, used 946554K [0x0000000700000000, 0x0000000800000000)
  region size 2048K, 285 young (583680K), 25 survivors (51200K)
 Metaspace       used 274451K, committed 277760K, reserved 688128K
  class space    used 34309K, committed 36352K, reserved 425984K

Heap Regions: E=young(eden), S=young(survivor), O=old, HS=humongous(starts), HC=humongous(continues), CS=collection set, F=free, TAMS=top-at-mark-start, PB=parsable bottom
|   0|0x0000000700000000, 0x0000000700200000, 0x0000000700200000|100%|HS|  |TAMS 0x0000000700000000| PB 0x0000000700000000| Complete 
|   1|0x0000000700200000, 0x0000000700400000, 0x0000000700400000|100%|HC|  |TAMS 0x0000000700200000| PB 0x0000000700200000| Complete 
|   2|0x0000000700400000, 0x0000000700600000, 0x0000000700600000|100%| O|  |TAMS 0x0000000700400000| PB 0x0000000700400000| Untracked 
|   3|0x0000000700600000, 0x0000000700800000, 0x0000000700800000|100%| O|  |TAMS 0x0000000700600000| PB 0x0000000700600000| Untracked 
|   4|0x0000000700800000, 0x0000000700a00000, 0x0000000700a00000|100%| O|  |TAMS 0x0000000700800000| PB 0x0000000700800000| Untracked 
|   5|0x0000000700a00000, 0x0000000700c00000, 0x0000000700c00000|100%| O|  |TAMS 0x0000000700a00000| PB 0x0000000700a00000| Untracked 
|   6|0x0000000700c00000, 0x0000000700e00000, 0x0000000700e00000|100%| O|  |TAMS 0x0000000700c00000| PB 0x0000000700c00000| Untracked 
|   7|0x0000000700e00000, 0x0000000701000000, 0x0000000701000000|100%| O|  |TAMS 0x0000000700e00000| PB 0x0000000700e00000| Untracked 
|   8|0x0000000701000000, 0x0000000701200000, 0x0000000701200000|100%| O|  |TAMS 0x0000000701000000| PB 0x0000000701000000| Untracked 
|   9|0x0000000701200000, 0x0000000701400000, 0x0000000701400000|100%| O|  |TAMS 0x0000000701200000| PB 0x0000000701200000| Untracked 
|  10|0x0000000701400000, 0x0000000701600000, 0x0000000701600000|100%| O|  |TAMS 0x0000000701400000| PB 0x0000000701400000| Untracked 
|  11|0x0000000701600000, 0x0000000701800000, 0x0000000701800000|100%| O|  |TAMS 0x0000000701600000| PB 0x0000000701600000| Untracked 
|  12|0x0000000701800000, 0x0000000701a00000, 0x0000000701a00000|100%| O|  |TAMS 0x0000000701800000| PB 0x0000000701800000| Untracked 
|  13|0x0000000701a00000, 0x0000000701c00000, 0x0000000701c00000|100%| O|  |TAMS 0x0000000701a00000| PB 0x0000000701a00000| Untracked 
|  14|0x0000000701c00000, 0x0000000701e00000, 0x0000000701e00000|100%| O|  |TAMS 0x0000000701c00000| PB 0x0000000701c00000| Untracked 
|  15|0x0000000701e00000, 0x0000000702000000, 0x0000000702000000|100%|HS|  |TAMS 0x0000000701e00000| PB 0x0000000701e00000| Complete 
|  16|0x0000000702000000, 0x0000000702200000, 0x0000000702200000|100%| O|  |TAMS 0x0000000702000000| PB 0x0000000702000000| Untracked 
|  17|0x0000000702200000, 0x0000000702400000, 0x0000000702400000|100%| O|  |TAMS 0x0000000702200000| PB 0x0000000702200000| Untracked 
|  18|0x0000000702400000, 0x0000000702600000, 0x0000000702600000|100%| E|CS|TAMS 0x0000000702400000| PB 0x0000000702400000| Complete 
|  19|0x0000000702600000, 0x0000000702800000, 0x0000000702800000|100%|HS|  |TAMS 0x0000000702600000| PB 0x0000000702600000| Complete 
|  20|0x0000000702800000, 0x0000000702a00000, 0x0000000702a00000|100%| O|  |TAMS 0x0000000702800000| PB 0x0000000702800000| Untracked 
|  21|0x0000000702a00000, 0x0000000702c00000, 0x0000000702c00000|100%| O|  |TAMS 0x0000000702a00000| PB 0x0000000702a00000| Untracked 
|  22|0x0000000702c00000, 0x0000000702e00000, 0x0000000702e00000|100%|HS|  |TAMS 0x0000000702c00000| PB 0x0000000702c00000| Complete 
|  23|0x0000000702e00000, 0x0000000703000000, 0x0000000703000000|100%|HS|  |TAMS 0x0000000702e00000| PB 0x0000000702e00000| Complete 
|  24|0x0000000703000000, 0x0000000703200000, 0x0000000703200000|100%|HC|  |TAMS 0x0000000703000000| PB 0x0000000703000000| Complete 
|  25|0x0000000703200000, 0x0000000703400000, 0x0000000703400000|100%| O|  |TAMS 0x0000000703200000| PB 0x0000000703200000| Untracked 
|  26|0x0000000703400000, 0x0000000703600000, 0x0000000703600000|100%| O|  |TAMS 0x0000000703400000| PB 0x0000000703400000| Untracked 
|  27|0x0000000703600000, 0x0000000703800000, 0x0000000703800000|100%| O|  |TAMS 0x0000000703600000| PB 0x0000000703600000| Untracked 
|  28|0x0000000703800000, 0x0000000703a00000, 0x0000000703a00000|100%| O|  |TAMS 0x0000000703800000| PB 0x0000000703800000| Untracked 
|  29|0x0000000703a00000, 0x0000000703c00000, 0x0000000703c00000|100%|HS|  |TAMS 0x0000000703a00000| PB 0x0000000703a00000| Complete 
|  30|0x0000000703c00000, 0x0000000703e00000, 0x0000000703e00000|100%|HC|  |TAMS 0x0000000703c00000| PB 0x0000000703c00000| Complete 
|  31|0x0000000703e00000, 0x0000000704000000, 0x0000000704000000|100%| O|  |TAMS 0x0000000703e00000| PB 0x0000000703e00000| Untracked 
|  32|0x0000000704000000, 0x0000000704200000, 0x0000000704200000|100%| O|  |TAMS 0x0000000704000000| PB 0x0000000704000000| Untracked 
|  33|0x0000000704200000, 0x0000000704400000, 0x0000000704400000|100%| O|  |TAMS 0x0000000704200000| PB 0x0000000704200000| Untracked 
|  34|0x0000000704400000, 0x0000000704600000, 0x0000000704600000|100%| O|  |TAMS 0x0000000704400000| PB 0x0000000704400000| Untracked 
|  35|0x0000000704600000, 0x0000000704800000, 0x0000000704800000|100%| O|  |TAMS 0x0000000704600000| PB 0x0000000704600000| Untracked 
|  36|0x0000000704800000, 0x0000000704a00000, 0x0000000704a00000|100%| E|CS|TAMS 0x0000000704800000| PB 0x0000000704800000| Complete 
|  37|0x0000000704a00000, 0x0000000704c00000, 0x0000000704c00000|100%| O|  |TAMS 0x0000000704a00000| PB 0x0000000704a00000| Untracked 
|  38|0x0000000704c00000, 0x0000000704e00000, 0x0000000704e00000|100%| O|  |TAMS 0x0000000704c00000| PB 0x0000000704c00000| Untracked 
|  39|0x0000000704e00000, 0x0000000705000000, 0x0000000705000000|100%| O|  |TAMS 0x0000000704e00000| PB 0x0000000704e00000| Untracked 
|  40|0x0000000705000000, 0x0000000705200000, 0x0000000705200000|100%| O|  |TAMS 0x0000000705000000| PB 0x0000000705000000| Untracked 
|  41|0x0000000705200000, 0x0000000705400000, 0x0000000705400000|100%| O|  |TAMS 0x0000000705200000| PB 0x0000000705200000| Untracked 
|  42|0x0000000705400000, 0x0000000705600000, 0x0000000705600000|100%| O|  |TAMS 0x0000000705400000| PB 0x0000000705400000| Untracked 
|  43|0x0000000705600000, 0x0000000705800000, 0x0000000705800000|100%| O|Cm|TAMS 0x0000000705600000| PB 0x0000000705600000| Complete 
|  44|0x0000000705800000, 0x0000000705a00000, 0x0000000705a00000|100%| O|  |TAMS 0x0000000705800000| PB 0x0000000705800000| Untracked 
|  45|0x0000000705a00000, 0x0000000705c00000, 0x0000000705c00000|100%|HS|  |TAMS 0x0000000705a00000| PB 0x0000000705a00000| Complete 
|  46|0x0000000705c00000, 0x0000000705e00000, 0x0000000705e00000|100%|HC|  |TAMS 0x0000000705c00000| PB 0x0000000705c00000| Complete 
|  47|0x0000000705e00000, 0x0000000706000000, 0x0000000706000000|100%|HC|  |TAMS 0x0000000705e00000| PB 0x0000000705e00000| Complete 
|  48|0x0000000706000000, 0x0000000706200000, 0x0000000706200000|100%| E|CS|TAMS 0x0000000706000000| PB 0x0000000706000000| Complete 
|  49|0x0000000706200000, 0x0000000706400000, 0x0000000706400000|100%| E|CS|TAMS 0x0000000706200000| PB 0x0000000706200000| Complete 
|  50|0x0000000706400000, 0x0000000706600000, 0x0000000706600000|100%| O|Cm|TAMS 0x0000000706400000| PB 0x0000000706400000| Complete 
|  51|0x0000000706600000, 0x0000000706800000, 0x0000000706800000|100%| O|  |TAMS 0x0000000706600000| PB 0x0000000706600000| Untracked 
|  52|0x0000000706800000, 0x0000000706a00000, 0x0000000706a00000|100%| O|Cm|TAMS 0x0000000706800000| PB 0x0000000706800000| Complete 
|  53|0x0000000706a00000, 0x0000000706c00000, 0x0000000706c00000|100%| O|  |TAMS 0x0000000706a00000| PB 0x0000000706a00000| Untracked 
|  54|0x0000000706c00000, 0x0000000706e00000, 0x0000000706e00000|100%| O|  |TAMS 0x0000000706c00000| PB 0x0000000706c00000| Untracked 
|  55|0x0000000706e00000, 0x0000000707000000, 0x0000000707000000|100%| E|CS|TAMS 0x0000000706e00000| PB 0x0000000706e00000| Complete 
|  56|0x0000000707000000, 0x0000000707200000, 0x0000000707200000|100%| O|  |TAMS 0x0000000707000000| PB 0x0000000707000000| Untracked 
|  57|0x0000000707200000, 0x0000000707400000, 0x0000000707400000|100%| O|Cm|TAMS 0x0000000707200000| PB 0x0000000707200000| Complete 
|  58|0x0000000707400000, 0x0000000707600000, 0x0000000707600000|100%| O|  |TAMS 0x0000000707400000| PB 0x0000000707400000| Untracked 
|  59|0x0000000707600000, 0x0000000707800000, 0x0000000707800000|100%| O|  |TAMS 0x0000000707600000| PB 0x0000000707600000| Untracked 
|  60|0x0000000707800000, 0x0000000707a00000, 0x0000000707a00000|100%| O|  |TAMS 0x0000000707800000| PB 0x0000000707800000| Untracked 
|  61|0x0000000707a00000, 0x0000000707c00000, 0x0000000707c00000|100%| E|CS|TAMS 0x0000000707a00000| PB 0x0000000707a00000| Complete 
|  62|0x0000000707c00000, 0x0000000707e00000, 0x0000000707e00000|100%| O|  |TAMS 0x0000000707c00000| PB 0x0000000707c00000| Untracked 
|  63|0x0000000707e00000, 0x0000000708000000, 0x0000000708000000|100%| O|  |TAMS 0x0000000707e00000| PB 0x0000000707e00000| Untracked 
|  64|0x0000000708000000, 0x0000000708200000, 0x0000000708200000|100%| O|  |TAMS 0x0000000708000000| PB 0x0000000708000000| Untracked 
|  65|0x0000000708200000, 0x0000000708400000, 0x0000000708400000|100%| O|Cm|TAMS 0x0000000708200000| PB 0x0000000708200000| Complete 
|  66|0x0000000708400000, 0x0000000708600000, 0x0000000708600000|100%|HS|  |TAMS 0x0000000708400000| PB 0x0000000708400000| Complete 
|  67|0x0000000708600000, 0x0000000708800000, 0x0000000708800000|100%| O|  |TAMS 0x0000000708600000| PB 0x0000000708600000| Untracked 
|  68|0x0000000708800000, 0x0000000708a00000, 0x0000000708a00000|100%| O|  |TAMS 0x0000000708800000| PB 0x0000000708800000| Untracked 
|  69|0x0000000708a00000, 0x0000000708c00000, 0x0000000708c00000|100%|HS|  |TAMS 0x0000000708a00000| PB 0x0000000708a00000| Complete 
|  70|0x0000000708c00000, 0x0000000708e00000, 0x0000000708e00000|100%|HS|  |TAMS 0x0000000708c00000| PB 0x0000000708c00000| Complete 
|  71|0x0000000708e00000, 0x0000000709000000, 0x0000000709000000|100%|HC|  |TAMS 0x0000000708e00000| PB 0x0000000708e00000| Complete 
|  72|0x0000000709000000, 0x0000000709200000, 0x0000000709200000|100%|HC|  |TAMS 0x0000000709000000| PB 0x0000000709000000| Complete 
|  73|0x0000000709200000, 0x0000000709400000, 0x0000000709400000|100%| O|  |TAMS 0x0000000709200000| PB 0x0000000709200000| Untracked 
|  74|0x0000000709400000, 0x0000000709600000, 0x0000000709600000|100%| O|  |TAMS 0x0000000709400000| PB 0x0000000709400000| Untracked 
|  75|0x0000000709600000, 0x0000000709800000, 0x0000000709800000|100%|HS|  |TAMS 0x0000000709600000| PB 0x0000000709600000| Complete 
|  76|0x0000000709800000, 0x0000000709a00000, 0x0000000709a00000|100%| O|  |TAMS 0x0000000709800000| PB 0x0000000709800000| Untracked 
|  77|0x0000000709a00000, 0x0000000709c00000, 0x0000000709c00000|100%| O|  |TAMS 0x0000000709a00000| PB 0x0000000709a00000| Untracked 
|  78|0x0000000709c00000, 0x0000000709e00000, 0x0000000709e00000|100%| O|  |TAMS 0x0000000709c00000| PB 0x0000000709c00000| Untracked 
|  79|0x0000000709e00000, 0x000000070a000000, 0x000000070a000000|100%| O|  |TAMS 0x0000000709e00000| PB 0x0000000709e00000| Untracked 
|  80|0x000000070a000000, 0x000000070a200000, 0x000000070a200000|100%| O|  |TAMS 0x000000070a000000| PB 0x000000070a000000| Untracked 
|  81|0x000000070a200000, 0x000000070a400000, 0x000000070a400000|100%| O|  |TAMS 0x000000070a200000| PB 0x000000070a200000| Untracked 
|  82|0x000000070a400000, 0x000000070a600000, 0x000000070a600000|100%| O|  |TAMS 0x000000070a400000| PB 0x000000070a400000| Untracked 
|  83|0x000000070a600000, 0x000000070a800000, 0x000000070a800000|100%| O|  |TAMS 0x000000070a600000| PB 0x000000070a600000| Untracked 
|  84|0x000000070a800000, 0x000000070aa00000, 0x000000070aa00000|100%| O|  |TAMS 0x000000070a800000| PB 0x000000070a800000| Untracked 
|  85|0x000000070aa00000, 0x000000070ac00000, 0x000000070ac00000|100%| O|  |TAMS 0x000000070aa00000| PB 0x000000070aa00000| Untracked 
|  86|0x000000070ac00000, 0x000000070ae00000, 0x000000070ae00000|100%| O|  |TAMS 0x000000070ac00000| PB 0x000000070ac00000| Untracked 
|  87|0x000000070ae00000, 0x000000070b000000, 0x000000070b000000|100%| O|  |TAMS 0x000000070ae00000| PB 0x000000070ae00000| Untracked 
|  88|0x000000070b000000, 0x000000070b200000, 0x000000070b200000|100%| O|  |TAMS 0x000000070b000000| PB 0x000000070b000000| Untracked 
|  89|0x000000070b200000, 0x000000070b400000, 0x000000070b400000|100%| O|  |TAMS 0x000000070b200000| PB 0x000000070b200000| Untracked 
|  90|0x000000070b400000, 0x000000070b600000, 0x000000070b600000|100%| O|  |TAMS 0x000000070b400000| PB 0x000000070b400000| Untracked 
|  91|0x000000070b600000, 0x000000070b800000, 0x000000070b800000|100%| O|  |TAMS 0x000000070b600000| PB 0x000000070b600000| Untracked 
|  92|0x000000070b800000, 0x000000070ba00000, 0x000000070ba00000|100%| O|  |TAMS 0x000000070b800000| PB 0x000000070b800000| Untracked 
|  93|0x000000070ba00000, 0x000000070bc00000, 0x000000070bc00000|100%| O|  |TAMS 0x000000070ba00000| PB 0x000000070ba00000| Untracked 
|  94|0x000000070bc00000, 0x000000070be00000, 0x000000070be00000|100%| O|  |TAMS 0x000000070bc00000| PB 0x000000070bc00000| Untracked 
|  95|0x000000070be00000, 0x000000070c000000, 0x000000070c000000|100%| O|  |TAMS 0x000000070be00000| PB 0x000000070be00000| Untracked 
|  96|0x000000070c000000, 0x000000070c200000, 0x000000070c200000|100%| O|  |TAMS 0x000000070c000000| PB 0x000000070c000000| Untracked 
|  97|0x000000070c200000, 0x000000070c400000, 0x000000070c400000|100%| O|  |TAMS 0x000000070c200000| PB 0x000000070c200000| Untracked 
|  98|0x000000070c400000, 0x000000070c600000, 0x000000070c600000|100%| O|  |TAMS 0x000000070c400000| PB 0x000000070c400000| Untracked 
|  99|0x000000070c600000, 0x000000070c800000, 0x000000070c800000|100%| O|  |TAMS 0x000000070c600000| PB 0x000000070c600000| Untracked 
| 100|0x000000070c800000, 0x000000070ca00000, 0x000000070ca00000|100%| O|  |TAMS 0x000000070c800000| PB 0x000000070c800000| Untracked 
| 101|0x000000070ca00000, 0x000000070cc00000, 0x000000070cc00000|100%| O|  |TAMS 0x000000070ca00000| PB 0x000000070ca00000| Untracked 
| 102|0x000000070cc00000, 0x000000070ce00000, 0x000000070ce00000|100%| O|  |TAMS 0x000000070cc00000| PB 0x000000070cc00000| Untracked 
| 103|0x000000070ce00000, 0x000000070d000000, 0x000000070d000000|100%| O|  |TAMS 0x000000070ce00000| PB 0x000000070ce00000| Untracked 
| 104|0x000000070d000000, 0x000000070d200000, 0x000000070d200000|100%| O|  |TAMS 0x000000070d000000| PB 0x000000070d000000| Untracked 
| 105|0x000000070d200000, 0x000000070d400000, 0x000000070d400000|100%| O|  |TAMS 0x000000070d200000| PB 0x000000070d200000| Untracked 
| 106|0x000000070d400000, 0x000000070d600000, 0x000000070d600000|100%| O|  |TAMS 0x000000070d400000| PB 0x000000070d400000| Untracked 
| 107|0x000000070d600000, 0x000000070d800000, 0x000000070d800000|100%| O|  |TAMS 0x000000070d600000| PB 0x000000070d600000| Untracked 
| 108|0x000000070d800000, 0x000000070da00000, 0x000000070da00000|100%|HS|  |TAMS 0x000000070d800000| PB 0x000000070d800000| Complete 
| 109|0x000000070da00000, 0x000000070dc00000, 0x000000070dc00000|100%| E|CS|TAMS 0x000000070da00000| PB 0x000000070da00000| Complete 
| 110|0x000000070dc00000, 0x000000070de00000, 0x000000070de00000|100%| E|CS|TAMS 0x000000070dc00000| PB 0x000000070dc00000| Complete 
| 111|0x000000070de00000, 0x000000070e000000, 0x000000070e000000|100%| O|  |TAMS 0x000000070de00000| PB 0x000000070de00000| Untracked 
| 112|0x000000070e000000, 0x000000070e200000, 0x000000070e200000|100%| O|  |TAMS 0x000000070e000000| PB 0x000000070e000000| Untracked 
| 113|0x000000070e200000, 0x000000070e400000, 0x000000070e400000|100%| O|  |TAMS 0x000000070e200000| PB 0x000000070e200000| Untracked 
| 114|0x000000070e400000, 0x000000070e600000, 0x000000070e600000|100%| O|  |TAMS 0x000000070e400000| PB 0x000000070e400000| Untracked 
| 115|0x000000070e600000, 0x000000070e800000, 0x000000070e800000|100%| O|Cm|TAMS 0x000000070e600000| PB 0x000000070e600000| Complete 
| 116|0x000000070e800000, 0x000000070e95e9a0, 0x000000070ea00000| 68%| O|  |TAMS 0x000000070e800000| PB 0x000000070e800000| Untracked 
| 117|0x000000070ea00000, 0x000000070ec00000, 0x000000070ec00000|100%| O|  |TAMS 0x000000070ea00000| PB 0x000000070ea00000| Untracked 
| 118|0x000000070ec00000, 0x000000070ee00000, 0x000000070ee00000|100%| O|  |TAMS 0x000000070ec00000| PB 0x000000070ec00000| Untracked 
| 119|0x000000070ee00000, 0x000000070f000000, 0x000000070f000000|100%| E|CS|TAMS 0x000000070ee00000| PB 0x000000070ee00000| Complete 
| 120|0x000000070f000000, 0x000000070f200000, 0x000000070f200000|100%| E|CS|TAMS 0x000000070f000000| PB 0x000000070f000000| Complete 
| 121|0x000000070f200000, 0x000000070f400000, 0x000000070f400000|100%| E|CS|TAMS 0x000000070f200000| PB 0x000000070f200000| Complete 
| 122|0x000000070f400000, 0x000000070f600000, 0x000000070f600000|100%| O|  |TAMS 0x000000070f400000| PB 0x000000070f400000| Untracked 
| 123|0x000000070f600000, 0x000000070f800000, 0x000000070f800000|100%| O|  |TAMS 0x000000070f600000| PB 0x000000070f600000| Untracked 
| 124|0x000000070f800000, 0x000000070fa00000, 0x000000070fa00000|100%| O|  |TAMS 0x000000070f800000| PB 0x000000070f800000| Untracked 
| 125|0x000000070fa00000, 0x000000070fc00000, 0x000000070fc00000|100%| E|CS|TAMS 0x000000070fa00000| PB 0x000000070fa00000| Complete 
| 126|0x000000070fc00000, 0x000000070fe00000, 0x000000070fe00000|100%| E|CS|TAMS 0x000000070fc00000| PB 0x000000070fc00000| Complete 
| 127|0x000000070fe00000, 0x0000000710000000, 0x0000000710000000|100%| E|CS|TAMS 0x000000070fe00000| PB 0x000000070fe00000| Complete 
| 128|0x0000000710000000, 0x0000000710200000, 0x0000000710200000|100%| O|  |TAMS 0x0000000710000000| PB 0x0000000710000000| Untracked 
| 129|0x0000000710200000, 0x0000000710400000, 0x0000000710400000|100%| E|CS|TAMS 0x0000000710200000| PB 0x0000000710200000| Complete 
| 130|0x0000000710400000, 0x0000000710600000, 0x0000000710600000|100%| E|CS|TAMS 0x0000000710400000| PB 0x0000000710400000| Complete 
| 131|0x0000000710600000, 0x0000000710800000, 0x0000000710800000|100%| E|CS|TAMS 0x0000000710600000| PB 0x0000000710600000| Complete 
| 132|0x0000000710800000, 0x0000000710a00000, 0x0000000710a00000|100%| O|  |TAMS 0x0000000710800000| PB 0x0000000710800000| Untracked 
| 133|0x0000000710a00000, 0x0000000710c00000, 0x0000000710c00000|100%| E|CS|TAMS 0x0000000710a00000| PB 0x0000000710a00000| Complete 
| 134|0x0000000710c00000, 0x0000000710e00000, 0x0000000710e00000|100%| O|  |TAMS 0x0000000710c00000| PB 0x0000000710c00000| Untracked 
| 135|0x0000000710e00000, 0x0000000711000000, 0x0000000711000000|100%| E|CS|TAMS 0x0000000710e00000| PB 0x0000000710e00000| Complete 
| 136|0x0000000711000000, 0x0000000711200000, 0x0000000711200000|100%| E|CS|TAMS 0x0000000711000000| PB 0x0000000711000000| Complete 
| 137|0x0000000711200000, 0x0000000711400000, 0x0000000711400000|100%| E|CS|TAMS 0x0000000711200000| PB 0x0000000711200000| Complete 
| 138|0x0000000711400000, 0x0000000711600000, 0x0000000711600000|100%| O|  |TAMS 0x0000000711400000| PB 0x0000000711400000| Untracked 
| 139|0x0000000711600000, 0x0000000711800000, 0x0000000711800000|100%| E|CS|TAMS 0x0000000711600000| PB 0x0000000711600000| Complete 
| 140|0x0000000711800000, 0x0000000711a00000, 0x0000000711a00000|100%| O|  |TAMS 0x0000000711800000| PB 0x0000000711800000| Untracked 
| 141|0x0000000711a00000, 0x0000000711c00000, 0x0000000711c00000|100%| E|CS|TAMS 0x0000000711a00000| PB 0x0000000711a00000| Complete 
| 142|0x0000000711c00000, 0x0000000711e00000, 0x0000000711e00000|100%| E|CS|TAMS 0x0000000711c00000| PB 0x0000000711c00000| Complete 
| 143|0x0000000711e00000, 0x0000000712000000, 0x0000000712000000|100%| O|Cm|TAMS 0x0000000711e00000| PB 0x0000000711e00000| Complete 
| 144|0x0000000712000000, 0x0000000712200000, 0x0000000712200000|100%| E|CS|TAMS 0x0000000712000000| PB 0x0000000712000000| Complete 
| 145|0x0000000712200000, 0x0000000712400000, 0x0000000712400000|100%| O|  |TAMS 0x0000000712200000| PB 0x0000000712200000| Untracked 
| 146|0x0000000712400000, 0x0000000712600000, 0x0000000712600000|100%| O|  |TAMS 0x0000000712400000| PB 0x0000000712400000| Untracked 
| 147|0x0000000712600000, 0x0000000712800000, 0x0000000712800000|100%|HS|  |TAMS 0x0000000712600000| PB 0x0000000712600000| Complete 
| 148|0x0000000712800000, 0x0000000712a00000, 0x0000000712a00000|100%|HC|  |TAMS 0x0000000712800000| PB 0x0000000712800000| Complete 
| 149|0x0000000712a00000, 0x0000000712c00000, 0x0000000712c00000|100%|HC|  |TAMS 0x0000000712a00000| PB 0x0000000712a00000| Complete 
| 150|0x0000000712c00000, 0x0000000712e00000, 0x0000000712e00000|100%|HC|  |TAMS 0x0000000712c00000| PB 0x0000000712c00000| Complete 
| 151|0x0000000712e00000, 0x0000000713000000, 0x0000000713000000|100%|HC|  |TAMS 0x0000000712e00000| PB 0x0000000712e00000| Complete 
| 152|0x0000000713000000, 0x0000000713200000, 0x0000000713200000|100%| O|  |TAMS 0x0000000713000000| PB 0x0000000713000000| Untracked 
| 153|0x0000000713200000, 0x0000000713400000, 0x0000000713400000|100%| E|CS|TAMS 0x0000000713200000| PB 0x0000000713200000| Complete 
| 154|0x0000000713400000, 0x0000000713600000, 0x0000000713600000|100%| E|CS|TAMS 0x0000000713400000| PB 0x0000000713400000| Complete 
| 155|0x0000000713600000, 0x0000000713800000, 0x0000000713800000|100%| E|CS|TAMS 0x0000000713600000| PB 0x0000000713600000| Complete 
| 156|0x0000000713800000, 0x0000000713a00000, 0x0000000713a00000|100%| O|  |TAMS 0x0000000713800000| PB 0x0000000713800000| Untracked 
| 157|0x0000000713a00000, 0x0000000713c00000, 0x0000000713c00000|100%| E|CS|TAMS 0x0000000713a00000| PB 0x0000000713a00000| Complete 
| 158|0x0000000713c00000, 0x0000000713e00000, 0x0000000713e00000|100%| O|  |TAMS 0x0000000713c00000| PB 0x0000000713c00000| Untracked 
| 159|0x0000000713e00000, 0x0000000714000000, 0x0000000714000000|100%| E|CS|TAMS 0x0000000713e00000| PB 0x0000000713e00000| Complete 
| 160|0x0000000714000000, 0x0000000714200000, 0x0000000714200000|100%| E|CS|TAMS 0x0000000714000000| PB 0x0000000714000000| Complete 
| 161|0x0000000714200000, 0x0000000714400000, 0x0000000714400000|100%| O|  |TAMS 0x0000000714200000| PB 0x0000000714200000| Untracked 
| 162|0x0000000714400000, 0x0000000714600000, 0x0000000714600000|100%| O|  |TAMS 0x0000000714400000| PB 0x0000000714400000| Untracked 
| 163|0x0000000714600000, 0x0000000714800000, 0x0000000714800000|100%| O|  |TAMS 0x0000000714600000| PB 0x0000000714600000| Untracked 
| 164|0x0000000714800000, 0x0000000714a00000, 0x0000000714a00000|100%| O|  |TAMS 0x0000000714800000| PB 0x0000000714800000| Untracked 
| 165|0x0000000714a00000, 0x0000000714c00000, 0x0000000714c00000|100%| O|  |TAMS 0x0000000714a00000| PB 0x0000000714a00000| Untracked 
| 166|0x0000000714c00000, 0x0000000714e00000, 0x0000000714e00000|100%| O|  |TAMS 0x0000000714c00000| PB 0x0000000714c00000| Untracked 
| 167|0x0000000714e00000, 0x0000000715000000, 0x0000000715000000|100%| O|  |TAMS 0x0000000714e00000| PB 0x0000000714e00000| Untracked 
| 168|0x0000000715000000, 0x0000000715200000, 0x0000000715200000|100%| E|CS|TAMS 0x0000000715000000| PB 0x0000000715000000| Complete 
| 169|0x0000000715200000, 0x0000000715400000, 0x0000000715400000|100%| O|  |TAMS 0x0000000715200000| PB 0x0000000715200000| Untracked 
| 170|0x0000000715400000, 0x0000000715600000, 0x0000000715600000|100%| O|  |TAMS 0x0000000715400000| PB 0x0000000715400000| Untracked 
| 171|0x0000000715600000, 0x0000000715800000, 0x0000000715800000|100%| O|  |TAMS 0x0000000715600000| PB 0x0000000715600000| Untracked 
| 172|0x0000000715800000, 0x0000000715a00000, 0x0000000715a00000|100%| O|  |TAMS 0x0000000715800000| PB 0x0000000715800000| Untracked 
| 173|0x0000000715a00000, 0x0000000715c00000, 0x0000000715c00000|100%| O|  |TAMS 0x0000000715a00000| PB 0x0000000715a00000| Untracked 
| 174|0x0000000715c00000, 0x0000000715e00000, 0x0000000715e00000|100%|HS|  |TAMS 0x0000000715c00000| PB 0x0000000715c00000| Complete 
| 175|0x0000000715e00000, 0x0000000716000000, 0x0000000716000000|100%|HC|  |TAMS 0x0000000715e00000| PB 0x0000000715e00000| Complete 
| 176|0x0000000716000000, 0x0000000716200000, 0x0000000716200000|100%|HC|  |TAMS 0x0000000716000000| PB 0x0000000716000000| Complete 
| 177|0x0000000716200000, 0x0000000716400000, 0x0000000716400000|100%|HC|  |TAMS 0x0000000716200000| PB 0x0000000716200000| Complete 
| 178|0x0000000716400000, 0x0000000716600000, 0x0000000716600000|100%|HC|  |TAMS 0x0000000716400000| PB 0x0000000716400000| Complete 
| 179|0x0000000716600000, 0x0000000716800000, 0x0000000716800000|100%|HC|  |TAMS 0x0000000716600000| PB 0x0000000716600000| Complete 
| 180|0x0000000716800000, 0x0000000716a00000, 0x0000000716a00000|100%|HC|  |TAMS 0x0000000716800000| PB 0x0000000716800000| Complete 
| 181|0x0000000716a00000, 0x0000000716c00000, 0x0000000716c00000|100%|HC|  |TAMS 0x0000000716a00000| PB 0x0000000716a00000| Complete 
| 182|0x0000000716c00000, 0x0000000716e00000, 0x0000000716e00000|100%|HC|  |TAMS 0x0000000716c00000| PB 0x0000000716c00000| Complete 
| 183|0x0000000716e00000, 0x0000000717000000, 0x0000000717000000|100%|HC|  |TAMS 0x0000000716e00000| PB 0x0000000716e00000| Complete 
| 184|0x0000000717000000, 0x0000000717200000, 0x0000000717200000|100%|HC|  |TAMS 0x0000000717000000| PB 0x0000000717000000| Complete 
| 185|0x0000000717200000, 0x0000000717400000, 0x0000000717400000|100%|HC|  |TAMS 0x0000000717200000| PB 0x0000000717200000| Complete 
| 186|0x0000000717400000, 0x0000000717600000, 0x0000000717600000|100%|HC|  |TAMS 0x0000000717400000| PB 0x0000000717400000| Complete 
| 187|0x0000000717600000, 0x0000000717800000, 0x0000000717800000|100%|HC|  |TAMS 0x0000000717600000| PB 0x0000000717600000| Complete 
| 188|0x0000000717800000, 0x0000000717a00000, 0x0000000717a00000|100%|HC|  |TAMS 0x0000000717800000| PB 0x0000000717800000| Complete 
| 189|0x0000000717a00000, 0x0000000717c00000, 0x0000000717c00000|100%|HC|  |TAMS 0x0000000717a00000| PB 0x0000000717a00000| Complete 
| 190|0x0000000717c00000, 0x0000000717e00000, 0x0000000717e00000|100%|HC|  |TAMS 0x0000000717c00000| PB 0x0000000717c00000| Complete 
| 191|0x0000000717e00000, 0x0000000718000000, 0x0000000718000000|100%|HC|  |TAMS 0x0000000717e00000| PB 0x0000000717e00000| Complete 
| 192|0x0000000718000000, 0x0000000718200000, 0x0000000718200000|100%|HC|  |TAMS 0x0000000718000000| PB 0x0000000718000000| Complete 
| 193|0x0000000718200000, 0x0000000718400000, 0x0000000718400000|100%|HC|  |TAMS 0x0000000718200000| PB 0x0000000718200000| Complete 
| 194|0x0000000718400000, 0x0000000718600000, 0x0000000718600000|100%|HC|  |TAMS 0x0000000718400000| PB 0x0000000718400000| Complete 
| 195|0x0000000718600000, 0x0000000718800000, 0x0000000718800000|100%|HC|  |TAMS 0x0000000718600000| PB 0x0000000718600000| Complete 
| 196|0x0000000718800000, 0x0000000718a00000, 0x0000000718a00000|100%|HC|  |TAMS 0x0000000718800000| PB 0x0000000718800000| Complete 
| 197|0x0000000718a00000, 0x0000000718c00000, 0x0000000718c00000|100%|HC|  |TAMS 0x0000000718a00000| PB 0x0000000718a00000| Complete 
| 198|0x0000000718c00000, 0x0000000718e00000, 0x0000000718e00000|100%|HC|  |TAMS 0x0000000718c00000| PB 0x0000000718c00000| Complete 
| 199|0x0000000718e00000, 0x0000000719000000, 0x0000000719000000|100%|HC|  |TAMS 0x0000000718e00000| PB 0x0000000718e00000| Complete 
| 200|0x0000000719000000, 0x0000000719200000, 0x0000000719200000|100%|HC|  |TAMS 0x0000000719000000| PB 0x0000000719000000| Complete 
| 201|0x0000000719200000, 0x0000000719400000, 0x0000000719400000|100%|HC|  |TAMS 0x0000000719200000| PB 0x0000000719200000| Complete 
| 202|0x0000000719400000, 0x0000000719600000, 0x0000000719600000|100%|HC|  |TAMS 0x0000000719400000| PB 0x0000000719400000| Complete 
| 203|0x0000000719600000, 0x0000000719800000, 0x0000000719800000|100%|HC|  |TAMS 0x0000000719600000| PB 0x0000000719600000| Complete 
| 204|0x0000000719800000, 0x0000000719a00000, 0x0000000719a00000|100%|HC|  |TAMS 0x0000000719800000| PB 0x0000000719800000| Complete 
| 205|0x0000000719a00000, 0x0000000719c00000, 0x0000000719c00000|100%|HC|  |TAMS 0x0000000719a00000| PB 0x0000000719a00000| Complete 
| 206|0x0000000719c00000, 0x0000000719e00000, 0x0000000719e00000|100%|HC|  |TAMS 0x0000000719c00000| PB 0x0000000719c00000| Complete 
| 207|0x0000000719e00000, 0x000000071a000000, 0x000000071a000000|100%|HC|  |TAMS 0x0000000719e00000| PB 0x0000000719e00000| Complete 
| 208|0x000000071a000000, 0x000000071a200000, 0x000000071a200000|100%|HC|  |TAMS 0x000000071a000000| PB 0x000000071a000000| Complete 
| 209|0x000000071a200000, 0x000000071a400000, 0x000000071a400000|100%|HC|  |TAMS 0x000000071a200000| PB 0x000000071a200000| Complete 
| 210|0x000000071a400000, 0x000000071a600000, 0x000000071a600000|100%|HC|  |TAMS 0x000000071a400000| PB 0x000000071a400000| Complete 
| 211|0x000000071a600000, 0x000000071a800000, 0x000000071a800000|100%|HC|  |TAMS 0x000000071a600000| PB 0x000000071a600000| Complete 
| 212|0x000000071a800000, 0x000000071aa00000, 0x000000071aa00000|100%|HC|  |TAMS 0x000000071a800000| PB 0x000000071a800000| Complete 
| 213|0x000000071aa00000, 0x000000071ac00000, 0x000000071ac00000|100%|HC|  |TAMS 0x000000071aa00000| PB 0x000000071aa00000| Complete 
| 214|0x000000071ac00000, 0x000000071ae00000, 0x000000071ae00000|100%|HC|  |TAMS 0x000000071ac00000| PB 0x000000071ac00000| Complete 
| 215|0x000000071ae00000, 0x000000071b000000, 0x000000071b000000|100%|HC|  |TAMS 0x000000071ae00000| PB 0x000000071ae00000| Complete 
| 216|0x000000071b000000, 0x000000071b200000, 0x000000071b200000|100%| E|CS|TAMS 0x000000071b000000| PB 0x000000071b000000| Complete 
| 217|0x000000071b200000, 0x000000071b400000, 0x000000071b400000|100%| E|CS|TAMS 0x000000071b200000| PB 0x000000071b200000| Complete 
| 218|0x000000071b400000, 0x000000071b600000, 0x000000071b600000|100%| E|CS|TAMS 0x000000071b400000| PB 0x000000071b400000| Complete 
| 219|0x000000071b600000, 0x000000071b800000, 0x000000071b800000|100%| E|CS|TAMS 0x000000071b600000| PB 0x000000071b600000| Complete 
| 220|0x000000071b800000, 0x000000071ba00000, 0x000000071ba00000|100%| E|CS|TAMS 0x000000071b800000| PB 0x000000071b800000| Complete 
| 221|0x000000071ba00000, 0x000000071bc00000, 0x000000071bc00000|100%| E|CS|TAMS 0x000000071ba00000| PB 0x000000071ba00000| Complete 
| 222|0x000000071bc00000, 0x000000071be00000, 0x000000071be00000|100%| E|CS|TAMS 0x000000071bc00000| PB 0x000000071bc00000| Complete 
| 223|0x000000071be00000, 0x000000071c000000, 0x000000071c000000|100%| E|CS|TAMS 0x000000071be00000| PB 0x000000071be00000| Complete 
| 224|0x000000071c000000, 0x000000071c200000, 0x000000071c200000|100%| E|CS|TAMS 0x000000071c000000| PB 0x000000071c000000| Complete 
| 225|0x000000071c200000, 0x000000071c400000, 0x000000071c400000|100%| E|CS|TAMS 0x000000071c200000| PB 0x000000071c200000| Complete 
| 226|0x000000071c400000, 0x000000071c600000, 0x000000071c600000|100%| E|CS|TAMS 0x000000071c400000| PB 0x000000071c400000| Complete 
| 227|0x000000071c600000, 0x000000071c800000, 0x000000071c800000|100%| E|CS|TAMS 0x000000071c600000| PB 0x000000071c600000| Complete 
| 228|0x000000071c800000, 0x000000071ca00000, 0x000000071ca00000|100%| E|CS|TAMS 0x000000071c800000| PB 0x000000071c800000| Complete 
| 229|0x000000071ca00000, 0x000000071cc00000, 0x000000071cc00000|100%| E|CS|TAMS 0x000000071ca00000| PB 0x000000071ca00000| Complete 
| 230|0x000000071cc00000, 0x000000071ce00000, 0x000000071ce00000|100%| E|CS|TAMS 0x000000071cc00000| PB 0x000000071cc00000| Complete 
| 231|0x000000071ce00000, 0x000000071d000000, 0x000000071d000000|100%| E|CS|TAMS 0x000000071ce00000| PB 0x000000071ce00000| Complete 
| 232|0x000000071d000000, 0x000000071d200000, 0x000000071d200000|100%| E|CS|TAMS 0x000000071d000000| PB 0x000000071d000000| Complete 
| 233|0x000000071d200000, 0x000000071d400000, 0x000000071d400000|100%| E|CS|TAMS 0x000000071d200000| PB 0x000000071d200000| Complete 
| 234|0x000000071d400000, 0x000000071d600000, 0x000000071d600000|100%| E|CS|TAMS 0x000000071d400000| PB 0x000000071d400000| Complete 
| 235|0x000000071d600000, 0x000000071d800000, 0x000000071d800000|100%| E|CS|TAMS 0x000000071d600000| PB 0x000000071d600000| Complete 
| 236|0x000000071d800000, 0x000000071da00000, 0x000000071da00000|100%| E|CS|TAMS 0x000000071d800000| PB 0x000000071d800000| Complete 
| 237|0x000000071da00000, 0x000000071dc00000, 0x000000071dc00000|100%| E|CS|TAMS 0x000000071da00000| PB 0x000000071da00000| Complete 
| 238|0x000000071dc00000, 0x000000071de00000, 0x000000071de00000|100%| E|CS|TAMS 0x000000071dc00000| PB 0x000000071dc00000| Complete 
| 239|0x000000071de00000, 0x000000071e000000, 0x000000071e000000|100%| E|CS|TAMS 0x000000071de00000| PB 0x000000071de00000| Complete 
| 240|0x000000071e000000, 0x000000071e200000, 0x000000071e200000|100%| E|CS|TAMS 0x000000071e000000| PB 0x000000071e000000| Complete 
| 241|0x000000071e200000, 0x000000071e400000, 0x000000071e400000|100%| E|CS|TAMS 0x000000071e200000| PB 0x000000071e200000| Complete 
| 242|0x000000071e400000, 0x000000071e600000, 0x000000071e600000|100%| E|CS|TAMS 0x000000071e400000| PB 0x000000071e400000| Complete 
| 243|0x000000071e600000, 0x000000071e800000, 0x000000071e800000|100%| E|CS|TAMS 0x000000071e600000| PB 0x000000071e600000| Complete 
| 244|0x000000071e800000, 0x000000071ea00000, 0x000000071ea00000|100%| E|CS|TAMS 0x000000071e800000| PB 0x000000071e800000| Complete 
| 245|0x000000071ea00000, 0x000000071ec00000, 0x000000071ec00000|100%| E|CS|TAMS 0x000000071ea00000| PB 0x000000071ea00000| Complete 
| 246|0x000000071ec00000, 0x000000071ee00000, 0x000000071ee00000|100%| E|CS|TAMS 0x000000071ec00000| PB 0x000000071ec00000| Complete 
| 247|0x000000071ee00000, 0x000000071f000000, 0x000000071f000000|100%| E|CS|TAMS 0x000000071ee00000| PB 0x000000071ee00000| Complete 
| 248|0x000000071f000000, 0x000000071f200000, 0x000000071f200000|100%| E|CS|TAMS 0x000000071f000000| PB 0x000000071f000000| Complete 
| 249|0x000000071f200000, 0x000000071f400000, 0x000000071f400000|100%| E|CS|TAMS 0x000000071f200000| PB 0x000000071f200000| Complete 
| 250|0x000000071f400000, 0x000000071f600000, 0x000000071f600000|100%| E|CS|TAMS 0x000000071f400000| PB 0x000000071f400000| Complete 
| 251|0x000000071f600000, 0x000000071f800000, 0x000000071f800000|100%| E|CS|TAMS 0x000000071f600000| PB 0x000000071f600000| Complete 
| 252|0x000000071f800000, 0x000000071fa00000, 0x000000071fa00000|100%| E|CS|TAMS 0x000000071f800000| PB 0x000000071f800000| Complete 
| 253|0x000000071fa00000, 0x000000071fc00000, 0x000000071fc00000|100%| E|CS|TAMS 0x000000071fa00000| PB 0x000000071fa00000| Complete 
| 254|0x000000071fc00000, 0x000000071fe00000, 0x000000071fe00000|100%| E|CS|TAMS 0x000000071fc00000| PB 0x000000071fc00000| Complete 
| 255|0x000000071fe00000, 0x0000000720000000, 0x0000000720000000|100%| E|CS|TAMS 0x000000071fe00000| PB 0x000000071fe00000| Complete 
| 256|0x0000000720000000, 0x0000000720200000, 0x0000000720200000|100%| E|CS|TAMS 0x0000000720000000| PB 0x0000000720000000| Complete 
| 257|0x0000000720200000, 0x0000000720400000, 0x0000000720400000|100%| E|CS|TAMS 0x0000000720200000| PB 0x0000000720200000| Complete 
| 258|0x0000000720400000, 0x0000000720600000, 0x0000000720600000|100%| E|CS|TAMS 0x0000000720400000| PB 0x0000000720400000| Complete 
| 259|0x0000000720600000, 0x0000000720800000, 0x0000000720800000|100%| E|CS|TAMS 0x0000000720600000| PB 0x0000000720600000| Complete 
| 260|0x0000000720800000, 0x0000000720a00000, 0x0000000720a00000|100%| E|CS|TAMS 0x0000000720800000| PB 0x0000000720800000| Complete 
| 261|0x0000000720a00000, 0x0000000720c00000, 0x0000000720c00000|100%| E|CS|TAMS 0x0000000720a00000| PB 0x0000000720a00000| Complete 
| 262|0x0000000720c00000, 0x0000000720e00000, 0x0000000720e00000|100%| E|CS|TAMS 0x0000000720c00000| PB 0x0000000720c00000| Complete 
| 263|0x0000000720e00000, 0x0000000721000000, 0x0000000721000000|100%| E|CS|TAMS 0x0000000720e00000| PB 0x0000000720e00000| Complete 
| 264|0x0000000721000000, 0x0000000721200000, 0x0000000721200000|100%| E|CS|TAMS 0x0000000721000000| PB 0x0000000721000000| Complete 
| 265|0x0000000721200000, 0x0000000721400000, 0x0000000721400000|100%| E|CS|TAMS 0x0000000721200000| PB 0x0000000721200000| Complete 
| 266|0x0000000721400000, 0x0000000721600000, 0x0000000721600000|100%| E|CS|TAMS 0x0000000721400000| PB 0x0000000721400000| Complete 
| 267|0x0000000721600000, 0x0000000721800000, 0x0000000721800000|100%| E|CS|TAMS 0x0000000721600000| PB 0x0000000721600000| Complete 
| 268|0x0000000721800000, 0x0000000721a00000, 0x0000000721a00000|100%| E|CS|TAMS 0x0000000721800000| PB 0x0000000721800000| Complete 
| 269|0x0000000721a00000, 0x0000000721c00000, 0x0000000721c00000|100%| E|CS|TAMS 0x0000000721a00000| PB 0x0000000721a00000| Complete 
| 270|0x0000000721c00000, 0x0000000721e00000, 0x0000000721e00000|100%| E|CS|TAMS 0x0000000721c00000| PB 0x0000000721c00000| Complete 
| 271|0x0000000721e00000, 0x0000000722000000, 0x0000000722000000|100%| E|CS|TAMS 0x0000000721e00000| PB 0x0000000721e00000| Complete 
| 272|0x0000000722000000, 0x0000000722200000, 0x0000000722200000|100%| E|CS|TAMS 0x0000000722000000| PB 0x0000000722000000| Complete 
| 273|0x0000000722200000, 0x0000000722400000, 0x0000000722400000|100%| E|CS|TAMS 0x0000000722200000| PB 0x0000000722200000| Complete 
| 274|0x0000000722400000, 0x0000000722600000, 0x0000000722600000|100%| E|CS|TAMS 0x0000000722400000| PB 0x0000000722400000| Complete 
| 275|0x0000000722600000, 0x0000000722800000, 0x0000000722800000|100%| E|CS|TAMS 0x0000000722600000| PB 0x0000000722600000| Complete 
| 276|0x0000000722800000, 0x0000000722a00000, 0x0000000722a00000|100%| E|CS|TAMS 0x0000000722800000| PB 0x0000000722800000| Complete 
| 277|0x0000000722a00000, 0x0000000722c00000, 0x0000000722c00000|100%| E|CS|TAMS 0x0000000722a00000| PB 0x0000000722a00000| Complete 
| 278|0x0000000722c00000, 0x0000000722e00000, 0x0000000722e00000|100%| E|CS|TAMS 0x0000000722c00000| PB 0x0000000722c00000| Complete 
| 279|0x0000000722e00000, 0x0000000723000000, 0x0000000723000000|100%| E|CS|TAMS 0x0000000722e00000| PB 0x0000000722e00000| Complete 
| 280|0x0000000723000000, 0x0000000723200000, 0x0000000723200000|100%| E|CS|TAMS 0x0000000723000000| PB 0x0000000723000000| Complete 
| 281|0x0000000723200000, 0x0000000723400000, 0x0000000723400000|100%| E|CS|TAMS 0x0000000723200000| PB 0x0000000723200000| Complete 
| 282|0x0000000723400000, 0x0000000723600000, 0x0000000723600000|100%| E|CS|TAMS 0x0000000723400000| PB 0x0000000723400000| Complete 
| 283|0x0000000723600000, 0x0000000723800000, 0x0000000723800000|100%| E|CS|TAMS 0x0000000723600000| PB 0x0000000723600000| Complete 
| 284|0x0000000723800000, 0x0000000723a00000, 0x0000000723a00000|100%| E|CS|TAMS 0x0000000723800000| PB 0x0000000723800000| Complete 
| 285|0x0000000723a00000, 0x0000000723c00000, 0x0000000723c00000|100%| E|CS|TAMS 0x0000000723a00000| PB 0x0000000723a00000| Complete 
| 286|0x0000000723c00000, 0x0000000723e00000, 0x0000000723e00000|100%| E|CS|TAMS 0x0000000723c00000| PB 0x0000000723c00000| Complete 
| 287|0x0000000723e00000, 0x0000000724000000, 0x0000000724000000|100%| E|CS|TAMS 0x0000000723e00000| PB 0x0000000723e00000| Complete 
| 288|0x0000000724000000, 0x0000000724200000, 0x0000000724200000|100%| E|CS|TAMS 0x0000000724000000| PB 0x0000000724000000| Complete 
| 289|0x0000000724200000, 0x0000000724400000, 0x0000000724400000|100%| E|CS|TAMS 0x0000000724200000| PB 0x0000000724200000| Complete 
| 290|0x0000000724400000, 0x0000000724600000, 0x0000000724600000|100%| E|CS|TAMS 0x0000000724400000| PB 0x0000000724400000| Complete 
| 291|0x0000000724600000, 0x0000000724800000, 0x0000000724800000|100%| E|CS|TAMS 0x0000000724600000| PB 0x0000000724600000| Complete 
| 292|0x0000000724800000, 0x0000000724a00000, 0x0000000724a00000|100%| E|CS|TAMS 0x0000000724800000| PB 0x0000000724800000| Complete 
| 293|0x0000000724a00000, 0x0000000724c00000, 0x0000000724c00000|100%| E|CS|TAMS 0x0000000724a00000| PB 0x0000000724a00000| Complete 
| 294|0x0000000724c00000, 0x0000000724e00000, 0x0000000724e00000|100%| E|CS|TAMS 0x0000000724c00000| PB 0x0000000724c00000| Complete 
| 295|0x0000000724e00000, 0x0000000725000000, 0x0000000725000000|100%| E|CS|TAMS 0x0000000724e00000| PB 0x0000000724e00000| Complete 
| 296|0x0000000725000000, 0x0000000725200000, 0x0000000725200000|100%| E|CS|TAMS 0x0000000725000000| PB 0x0000000725000000| Complete 
| 297|0x0000000725200000, 0x0000000725400000, 0x0000000725400000|100%| E|CS|TAMS 0x0000000725200000| PB 0x0000000725200000| Complete 
| 298|0x0000000725400000, 0x0000000725600000, 0x0000000725600000|100%| E|CS|TAMS 0x0000000725400000| PB 0x0000000725400000| Complete 
| 299|0x0000000725600000, 0x0000000725800000, 0x0000000725800000|100%| E|CS|TAMS 0x0000000725600000| PB 0x0000000725600000| Complete 
| 300|0x0000000725800000, 0x0000000725a00000, 0x0000000725a00000|100%| E|CS|TAMS 0x0000000725800000| PB 0x0000000725800000| Complete 
| 301|0x0000000725a00000, 0x0000000725c00000, 0x0000000725c00000|100%| E|CS|TAMS 0x0000000725a00000| PB 0x0000000725a00000| Complete 
| 302|0x0000000725c00000, 0x0000000725e00000, 0x0000000725e00000|100%| E|CS|TAMS 0x0000000725c00000| PB 0x0000000725c00000| Complete 
| 303|0x0000000725e00000, 0x0000000726000000, 0x0000000726000000|100%| E|CS|TAMS 0x0000000725e00000| PB 0x0000000725e00000| Complete 
| 304|0x0000000726000000, 0x0000000726200000, 0x0000000726200000|100%| E|CS|TAMS 0x0000000726000000| PB 0x0000000726000000| Complete 
| 305|0x0000000726200000, 0x0000000726400000, 0x0000000726400000|100%| E|CS|TAMS 0x0000000726200000| PB 0x0000000726200000| Complete 
| 306|0x0000000726400000, 0x0000000726600000, 0x0000000726600000|100%| E|CS|TAMS 0x0000000726400000| PB 0x0000000726400000| Complete 
| 307|0x0000000726600000, 0x0000000726800000, 0x0000000726800000|100%| E|CS|TAMS 0x0000000726600000| PB 0x0000000726600000| Complete 
| 308|0x0000000726800000, 0x0000000726a00000, 0x0000000726a00000|100%| E|CS|TAMS 0x0000000726800000| PB 0x0000000726800000| Complete 
| 309|0x0000000726a00000, 0x0000000726c00000, 0x0000000726c00000|100%| E|CS|TAMS 0x0000000726a00000| PB 0x0000000726a00000| Complete 
| 310|0x0000000726c00000, 0x0000000726e00000, 0x0000000726e00000|100%| E|CS|TAMS 0x0000000726c00000| PB 0x0000000726c00000| Complete 
| 311|0x0000000726e00000, 0x0000000727000000, 0x0000000727000000|100%| E|CS|TAMS 0x0000000726e00000| PB 0x0000000726e00000| Complete 
| 312|0x0000000727000000, 0x0000000727200000, 0x0000000727200000|100%| E|CS|TAMS 0x0000000727000000| PB 0x0000000727000000| Complete 
| 313|0x0000000727200000, 0x0000000727400000, 0x0000000727400000|100%| E|CS|TAMS 0x0000000727200000| PB 0x0000000727200000| Complete 
| 314|0x0000000727400000, 0x0000000727600000, 0x0000000727600000|100%| E|CS|TAMS 0x0000000727400000| PB 0x0000000727400000| Complete 
| 315|0x0000000727600000, 0x0000000727800000, 0x0000000727800000|100%| E|CS|TAMS 0x0000000727600000| PB 0x0000000727600000| Complete 
| 316|0x0000000727800000, 0x0000000727a00000, 0x0000000727a00000|100%| E|CS|TAMS 0x0000000727800000| PB 0x0000000727800000| Complete 
| 317|0x0000000727a00000, 0x0000000727c00000, 0x0000000727c00000|100%| E|CS|TAMS 0x0000000727a00000| PB 0x0000000727a00000| Complete 
| 318|0x0000000727c00000, 0x0000000727e00000, 0x0000000727e00000|100%| E|CS|TAMS 0x0000000727c00000| PB 0x0000000727c00000| Complete 
| 319|0x0000000727e00000, 0x0000000728000000, 0x0000000728000000|100%| E|CS|TAMS 0x0000000727e00000| PB 0x0000000727e00000| Complete 
| 320|0x0000000728000000, 0x0000000728200000, 0x0000000728200000|100%| E|CS|TAMS 0x0000000728000000| PB 0x0000000728000000| Complete 
| 321|0x0000000728200000, 0x0000000728400000, 0x0000000728400000|100%| E|CS|TAMS 0x0000000728200000| PB 0x0000000728200000| Complete 
| 322|0x0000000728400000, 0x0000000728600000, 0x0000000728600000|100%| E|CS|TAMS 0x0000000728400000| PB 0x0000000728400000| Complete 
| 323|0x0000000728600000, 0x0000000728800000, 0x0000000728800000|100%| E|CS|TAMS 0x0000000728600000| PB 0x0000000728600000| Complete 
| 324|0x0000000728800000, 0x0000000728a00000, 0x0000000728a00000|100%| E|CS|TAMS 0x0000000728800000| PB 0x0000000728800000| Complete 
| 325|0x0000000728a00000, 0x0000000728c00000, 0x0000000728c00000|100%| E|CS|TAMS 0x0000000728a00000| PB 0x0000000728a00000| Complete 
| 326|0x0000000728c00000, 0x0000000728e00000, 0x0000000728e00000|100%| E|CS|TAMS 0x0000000728c00000| PB 0x0000000728c00000| Complete 
| 327|0x0000000728e00000, 0x0000000729000000, 0x0000000729000000|100%| E|CS|TAMS 0x0000000728e00000| PB 0x0000000728e00000| Complete 
| 328|0x0000000729000000, 0x0000000729200000, 0x0000000729200000|100%| E|CS|TAMS 0x0000000729000000| PB 0x0000000729000000| Complete 
| 329|0x0000000729200000, 0x0000000729400000, 0x0000000729400000|100%| E|CS|TAMS 0x0000000729200000| PB 0x0000000729200000| Complete 
| 330|0x0000000729400000, 0x0000000729600000, 0x0000000729600000|100%| E|CS|TAMS 0x0000000729400000| PB 0x0000000729400000| Complete 
| 331|0x0000000729600000, 0x0000000729800000, 0x0000000729800000|100%| E|CS|TAMS 0x0000000729600000| PB 0x0000000729600000| Complete 
| 332|0x0000000729800000, 0x0000000729a00000, 0x0000000729a00000|100%| E|CS|TAMS 0x0000000729800000| PB 0x0000000729800000| Complete 
| 333|0x0000000729a00000, 0x0000000729c00000, 0x0000000729c00000|100%| E|CS|TAMS 0x0000000729a00000| PB 0x0000000729a00000| Complete 
| 334|0x0000000729c00000, 0x0000000729e00000, 0x0000000729e00000|100%| E|CS|TAMS 0x0000000729c00000| PB 0x0000000729c00000| Complete 
| 335|0x0000000729e00000, 0x000000072a000000, 0x000000072a000000|100%| E|CS|TAMS 0x0000000729e00000| PB 0x0000000729e00000| Complete 
| 336|0x000000072a000000, 0x000000072a200000, 0x000000072a200000|100%| E|CS|TAMS 0x000000072a000000| PB 0x000000072a000000| Complete 
| 337|0x000000072a200000, 0x000000072a400000, 0x000000072a400000|100%| E|CS|TAMS 0x000000072a200000| PB 0x000000072a200000| Complete 
| 338|0x000000072a400000, 0x000000072a600000, 0x000000072a600000|100%| E|CS|TAMS 0x000000072a400000| PB 0x000000072a400000| Complete 
| 339|0x000000072a600000, 0x000000072a800000, 0x000000072a800000|100%| E|CS|TAMS 0x000000072a600000| PB 0x000000072a600000| Complete 
| 340|0x000000072a800000, 0x000000072aa00000, 0x000000072aa00000|100%| E|CS|TAMS 0x000000072a800000| PB 0x000000072a800000| Complete 
| 341|0x000000072aa00000, 0x000000072ac00000, 0x000000072ac00000|100%| E|CS|TAMS 0x000000072aa00000| PB 0x000000072aa00000| Complete 
| 342|0x000000072ac00000, 0x000000072ae00000, 0x000000072ae00000|100%| E|CS|TAMS 0x000000072ac00000| PB 0x000000072ac00000| Complete 
| 343|0x000000072ae00000, 0x000000072b000000, 0x000000072b000000|100%| E|CS|TAMS 0x000000072ae00000| PB 0x000000072ae00000| Complete 
| 344|0x000000072b000000, 0x000000072b200000, 0x000000072b200000|100%| E|CS|TAMS 0x000000072b000000| PB 0x000000072b000000| Complete 
| 345|0x000000072b200000, 0x000000072b400000, 0x000000072b400000|100%| E|CS|TAMS 0x000000072b200000| PB 0x000000072b200000| Complete 
| 346|0x000000072b400000, 0x000000072b600000, 0x000000072b600000|100%| E|CS|TAMS 0x000000072b400000| PB 0x000000072b400000| Complete 
| 347|0x000000072b600000, 0x000000072b800000, 0x000000072b800000|100%| E|CS|TAMS 0x000000072b600000| PB 0x000000072b600000| Complete 
| 348|0x000000072b800000, 0x000000072ba00000, 0x000000072ba00000|100%| E|CS|TAMS 0x000000072b800000| PB 0x000000072b800000| Complete 
| 349|0x000000072ba00000, 0x000000072bc00000, 0x000000072bc00000|100%| E|CS|TAMS 0x000000072ba00000| PB 0x000000072ba00000| Complete 
| 350|0x000000072bc00000, 0x000000072be00000, 0x000000072be00000|100%| E|CS|TAMS 0x000000072bc00000| PB 0x000000072bc00000| Complete 
| 351|0x000000072be00000, 0x000000072c000000, 0x000000072c000000|100%| E|CS|TAMS 0x000000072be00000| PB 0x000000072be00000| Complete 
| 352|0x000000072c000000, 0x000000072c200000, 0x000000072c200000|100%| E|CS|TAMS 0x000000072c000000| PB 0x000000072c000000| Complete 
| 353|0x000000072c200000, 0x000000072c400000, 0x000000072c400000|100%| E|CS|TAMS 0x000000072c200000| PB 0x000000072c200000| Complete 
| 354|0x000000072c400000, 0x000000072c600000, 0x000000072c600000|100%| E|CS|TAMS 0x000000072c400000| PB 0x000000072c400000| Complete 
| 355|0x000000072c600000, 0x000000072c800000, 0x000000072c800000|100%| E|CS|TAMS 0x000000072c600000| PB 0x000000072c600000| Complete 
| 356|0x000000072c800000, 0x000000072ca00000, 0x000000072ca00000|100%| E|CS|TAMS 0x000000072c800000| PB 0x000000072c800000| Complete 
| 357|0x000000072ca00000, 0x000000072cc00000, 0x000000072cc00000|100%| E|CS|TAMS 0x000000072ca00000| PB 0x000000072ca00000| Complete 
| 358|0x000000072cc00000, 0x000000072ce00000, 0x000000072ce00000|100%| E|CS|TAMS 0x000000072cc00000| PB 0x000000072cc00000| Complete 
| 359|0x000000072ce00000, 0x000000072d000000, 0x000000072d000000|100%| E|CS|TAMS 0x000000072ce00000| PB 0x000000072ce00000| Complete 
| 360|0x000000072d000000, 0x000000072d200000, 0x000000072d200000|100%| E|CS|TAMS 0x000000072d000000| PB 0x000000072d000000| Complete 
| 361|0x000000072d200000, 0x000000072d400000, 0x000000072d400000|100%| E|CS|TAMS 0x000000072d200000| PB 0x000000072d200000| Complete 
| 362|0x000000072d400000, 0x000000072d600000, 0x000000072d600000|100%| E|CS|TAMS 0x000000072d400000| PB 0x000000072d400000| Complete 
| 363|0x000000072d600000, 0x000000072d800000, 0x000000072d800000|100%| E|CS|TAMS 0x000000072d600000| PB 0x000000072d600000| Complete 
| 364|0x000000072d800000, 0x000000072da00000, 0x000000072da00000|100%| E|CS|TAMS 0x000000072d800000| PB 0x000000072d800000| Complete 
| 365|0x000000072da00000, 0x000000072dc00000, 0x000000072dc00000|100%| E|CS|TAMS 0x000000072da00000| PB 0x000000072da00000| Complete 
| 366|0x000000072dc00000, 0x000000072de00000, 0x000000072de00000|100%| E|CS|TAMS 0x000000072dc00000| PB 0x000000072dc00000| Complete 
| 367|0x000000072de00000, 0x000000072e000000, 0x000000072e000000|100%| E|CS|TAMS 0x000000072de00000| PB 0x000000072de00000| Complete 
| 368|0x000000072e000000, 0x000000072e200000, 0x000000072e200000|100%| E|CS|TAMS 0x000000072e000000| PB 0x000000072e000000| Complete 
| 369|0x000000072e200000, 0x000000072e400000, 0x000000072e400000|100%| E|CS|TAMS 0x000000072e200000| PB 0x000000072e200000| Complete 
| 370|0x000000072e400000, 0x000000072e600000, 0x000000072e600000|100%| E|CS|TAMS 0x000000072e400000| PB 0x000000072e400000| Complete 
| 371|0x000000072e600000, 0x000000072e800000, 0x000000072e800000|100%| E|CS|TAMS 0x000000072e600000| PB 0x000000072e600000| Complete 
| 372|0x000000072e800000, 0x000000072ea00000, 0x000000072ea00000|100%| E|CS|TAMS 0x000000072e800000| PB 0x000000072e800000| Complete 
| 373|0x000000072ea00000, 0x000000072ec00000, 0x000000072ec00000|100%| E|CS|TAMS 0x000000072ea00000| PB 0x000000072ea00000| Complete 
| 374|0x000000072ec00000, 0x000000072ee00000, 0x000000072ee00000|100%| E|CS|TAMS 0x000000072ec00000| PB 0x000000072ec00000| Complete 
| 375|0x000000072ee00000, 0x000000072f000000, 0x000000072f000000|100%| E|CS|TAMS 0x000000072ee00000| PB 0x000000072ee00000| Complete 
| 376|0x000000072f000000, 0x000000072f200000, 0x000000072f200000|100%| E|CS|TAMS 0x000000072f000000| PB 0x000000072f000000| Complete 
| 377|0x000000072f200000, 0x000000072f400000, 0x000000072f400000|100%| E|CS|TAMS 0x000000072f200000| PB 0x000000072f200000| Complete 
| 378|0x000000072f400000, 0x000000072f600000, 0x000000072f600000|100%| E|CS|TAMS 0x000000072f400000| PB 0x000000072f400000| Complete 
| 379|0x000000072f600000, 0x000000072f800000, 0x000000072f800000|100%| E|CS|TAMS 0x000000072f600000| PB 0x000000072f600000| Complete 
| 380|0x000000072f800000, 0x000000072fa00000, 0x000000072fa00000|100%| E|CS|TAMS 0x000000072f800000| PB 0x000000072f800000| Complete 
| 381|0x000000072fa00000, 0x000000072fc00000, 0x000000072fc00000|100%| E|CS|TAMS 0x000000072fa00000| PB 0x000000072fa00000| Complete 
| 382|0x000000072fc00000, 0x000000072fe00000, 0x000000072fe00000|100%| E|CS|TAMS 0x000000072fc00000| PB 0x000000072fc00000| Complete 
| 383|0x000000072fe00000, 0x0000000730000000, 0x0000000730000000|100%| E|CS|TAMS 0x000000072fe00000| PB 0x000000072fe00000| Complete 
| 384|0x0000000730000000, 0x0000000730200000, 0x0000000730200000|100%| E|CS|TAMS 0x0000000730000000| PB 0x0000000730000000| Complete 
| 385|0x0000000730200000, 0x0000000730400000, 0x0000000730400000|100%| E|CS|TAMS 0x0000000730200000| PB 0x0000000730200000| Complete 
| 386|0x0000000730400000, 0x0000000730600000, 0x0000000730600000|100%| E|CS|TAMS 0x0000000730400000| PB 0x0000000730400000| Complete 
| 387|0x0000000730600000, 0x0000000730800000, 0x0000000730800000|100%| E|CS|TAMS 0x0000000730600000| PB 0x0000000730600000| Complete 
| 388|0x0000000730800000, 0x0000000730a00000, 0x0000000730a00000|100%| E|CS|TAMS 0x0000000730800000| PB 0x0000000730800000| Complete 
| 389|0x0000000730a00000, 0x0000000730c00000, 0x0000000730c00000|100%| E|CS|TAMS 0x0000000730a00000| PB 0x0000000730a00000| Complete 
| 390|0x0000000730c00000, 0x0000000730e00000, 0x0000000730e00000|100%| E|CS|TAMS 0x0000000730c00000| PB 0x0000000730c00000| Complete 
| 391|0x0000000730e00000, 0x0000000731000000, 0x0000000731000000|100%| E|CS|TAMS 0x0000000730e00000| PB 0x0000000730e00000| Complete 
| 392|0x0000000731000000, 0x0000000731200000, 0x0000000731200000|100%| E|CS|TAMS 0x0000000731000000| PB 0x0000000731000000| Complete 
| 393|0x0000000731200000, 0x0000000731400000, 0x0000000731400000|100%| E|CS|TAMS 0x0000000731200000| PB 0x0000000731200000| Complete 
| 394|0x0000000731400000, 0x0000000731500000, 0x0000000731600000| 50%| E|CS|TAMS 0x0000000731400000| PB 0x0000000731400000| Complete 
| 395|0x0000000731600000, 0x0000000731800000, 0x0000000731800000|100%| E|CS|TAMS 0x0000000731600000| PB 0x0000000731600000| Complete 
| 396|0x0000000731800000, 0x0000000731a00000, 0x0000000731a00000|100%| E|CS|TAMS 0x0000000731800000| PB 0x0000000731800000| Complete 
| 397|0x0000000731a00000, 0x0000000731c00000, 0x0000000731c00000|100%| E|CS|TAMS 0x0000000731a00000| PB 0x0000000731a00000| Complete 
| 398|0x0000000731c00000, 0x0000000731e00000, 0x0000000731e00000|100%| E|CS|TAMS 0x0000000731c00000| PB 0x0000000731c00000| Complete 
| 399|0x0000000731e00000, 0x0000000732000000, 0x0000000732000000|100%| E|CS|TAMS 0x0000000731e00000| PB 0x0000000731e00000| Complete 
| 400|0x0000000732000000, 0x0000000732200000, 0x0000000732200000|100%| E|CS|TAMS 0x0000000732000000| PB 0x0000000732000000| Complete 
| 401|0x0000000732200000, 0x0000000732400000, 0x0000000732400000|100%| E|CS|TAMS 0x0000000732200000| PB 0x0000000732200000| Complete 
| 402|0x0000000732400000, 0x0000000732600000, 0x0000000732600000|100%| E|CS|TAMS 0x0000000732400000| PB 0x0000000732400000| Complete 
| 403|0x0000000732600000, 0x0000000732800000, 0x0000000732800000|100%| E|CS|TAMS 0x0000000732600000| PB 0x0000000732600000| Complete 
| 404|0x0000000732800000, 0x0000000732a00000, 0x0000000732a00000|100%| E|CS|TAMS 0x0000000732800000| PB 0x0000000732800000| Complete 
| 405|0x0000000732a00000, 0x0000000732c00000, 0x0000000732c00000|100%| E|CS|TAMS 0x0000000732a00000| PB 0x0000000732a00000| Complete 
| 406|0x0000000732c00000, 0x0000000732e00000, 0x0000000732e00000|100%| E|CS|TAMS 0x0000000732c00000| PB 0x0000000732c00000| Complete 
| 407|0x0000000732e00000, 0x0000000733000000, 0x0000000733000000|100%| E|CS|TAMS 0x0000000732e00000| PB 0x0000000732e00000| Complete 
| 408|0x0000000733000000, 0x0000000733200000, 0x0000000733200000|100%| E|CS|TAMS 0x0000000733000000| PB 0x0000000733000000| Complete 
| 409|0x0000000733200000, 0x0000000733400000, 0x0000000733400000|100%| E|CS|TAMS 0x0000000733200000| PB 0x0000000733200000| Complete 
| 410|0x0000000733400000, 0x0000000733600000, 0x0000000733600000|100%| E|CS|TAMS 0x0000000733400000| PB 0x0000000733400000| Complete 
| 411|0x0000000733600000, 0x0000000733800000, 0x0000000733800000|100%| E|CS|TAMS 0x0000000733600000| PB 0x0000000733600000| Complete 
| 412|0x0000000733800000, 0x0000000733a00000, 0x0000000733a00000|100%| E|CS|TAMS 0x0000000733800000| PB 0x0000000733800000| Complete 
| 413|0x0000000733a00000, 0x0000000733c00000, 0x0000000733c00000|100%| E|CS|TAMS 0x0000000733a00000| PB 0x0000000733a00000| Complete 
| 414|0x0000000733c00000, 0x0000000733e00000, 0x0000000733e00000|100%| E|CS|TAMS 0x0000000733c00000| PB 0x0000000733c00000| Complete 
| 415|0x0000000733e00000, 0x0000000734000000, 0x0000000734000000|100%| E|CS|TAMS 0x0000000733e00000| PB 0x0000000733e00000| Complete 
| 416|0x0000000734000000, 0x0000000734200000, 0x0000000734200000|100%| E|CS|TAMS 0x0000000734000000| PB 0x0000000734000000| Complete 
| 417|0x0000000734200000, 0x0000000734400000, 0x0000000734400000|100%| E|CS|TAMS 0x0000000734200000| PB 0x0000000734200000| Complete 
| 418|0x0000000734400000, 0x0000000734600000, 0x0000000734600000|100%| E|CS|TAMS 0x0000000734400000| PB 0x0000000734400000| Complete 
| 419|0x0000000734600000, 0x0000000734800000, 0x0000000734800000|100%| E|CS|TAMS 0x0000000734600000| PB 0x0000000734600000| Complete 
| 420|0x0000000734800000, 0x0000000734a00000, 0x0000000734a00000|100%| E|CS|TAMS 0x0000000734800000| PB 0x0000000734800000| Complete 
| 421|0x0000000734a00000, 0x0000000734c00000, 0x0000000734c00000|100%| E|CS|TAMS 0x0000000734a00000| PB 0x0000000734a00000| Complete 
| 422|0x0000000734c00000, 0x0000000734e00000, 0x0000000734e00000|100%| E|CS|TAMS 0x0000000734c00000| PB 0x0000000734c00000| Complete 
| 423|0x0000000734e00000, 0x0000000735000000, 0x0000000735000000|100%| E|CS|TAMS 0x0000000734e00000| PB 0x0000000734e00000| Complete 
| 424|0x0000000735000000, 0x0000000735200000, 0x0000000735200000|100%| E|CS|TAMS 0x0000000735000000| PB 0x0000000735000000| Complete 
| 425|0x0000000735200000, 0x0000000735400000, 0x0000000735400000|100%| E|CS|TAMS 0x0000000735200000| PB 0x0000000735200000| Complete 
| 426|0x0000000735400000, 0x0000000735600000, 0x0000000735600000|100%| E|CS|TAMS 0x0000000735400000| PB 0x0000000735400000| Complete 
| 427|0x0000000735600000, 0x0000000735800000, 0x0000000735800000|100%| E|CS|TAMS 0x0000000735600000| PB 0x0000000735600000| Complete 
| 428|0x0000000735800000, 0x0000000735a00000, 0x0000000735a00000|100%| E|CS|TAMS 0x0000000735800000| PB 0x0000000735800000| Complete 
| 429|0x0000000735a00000, 0x0000000735c00000, 0x0000000735c00000|100%| E|CS|TAMS 0x0000000735a00000| PB 0x0000000735a00000| Complete 
| 430|0x0000000735c00000, 0x0000000735e00000, 0x0000000735e00000|100%| E|CS|TAMS 0x0000000735c00000| PB 0x0000000735c00000| Complete 
| 431|0x0000000735e00000, 0x0000000736000000, 0x0000000736000000|100%| E|CS|TAMS 0x0000000735e00000| PB 0x0000000735e00000| Complete 
| 432|0x0000000736000000, 0x0000000736200000, 0x0000000736200000|100%| E|CS|TAMS 0x0000000736000000| PB 0x0000000736000000| Complete 
| 433|0x0000000736200000, 0x0000000736400000, 0x0000000736400000|100%| E|CS|TAMS 0x0000000736200000| PB 0x0000000736200000| Complete 
| 434|0x0000000736400000, 0x0000000736600000, 0x0000000736600000|100%| E|CS|TAMS 0x0000000736400000| PB 0x0000000736400000| Complete 
| 435|0x0000000736600000, 0x0000000736800000, 0x0000000736800000|100%| E|CS|TAMS 0x0000000736600000| PB 0x0000000736600000| Complete 
| 436|0x0000000736800000, 0x0000000736a00000, 0x0000000736a00000|100%| E|CS|TAMS 0x0000000736800000| PB 0x0000000736800000| Complete 
| 437|0x0000000736a00000, 0x0000000736c00000, 0x0000000736c00000|100%| E|CS|TAMS 0x0000000736a00000| PB 0x0000000736a00000| Complete 
| 438|0x0000000736c00000, 0x0000000736e00000, 0x0000000736e00000|100%| E|CS|TAMS 0x0000000736c00000| PB 0x0000000736c00000| Complete 
| 439|0x0000000736e00000, 0x0000000737000000, 0x0000000737000000|100%| E|CS|TAMS 0x0000000736e00000| PB 0x0000000736e00000| Complete 
| 440|0x0000000737000000, 0x0000000737200000, 0x0000000737200000|100%| E|CS|TAMS 0x0000000737000000| PB 0x0000000737000000| Complete 
| 441|0x0000000737200000, 0x0000000737400000, 0x0000000737400000|100%| E|CS|TAMS 0x0000000737200000| PB 0x0000000737200000| Complete 
| 442|0x0000000737400000, 0x0000000737600000, 0x0000000737600000|100%| E|CS|TAMS 0x0000000737400000| PB 0x0000000737400000| Complete 
| 443|0x0000000737600000, 0x0000000737800000, 0x0000000737800000|100%| S|  |TAMS 0x0000000737600000| PB 0x0000000737600000| Complete 
| 444|0x0000000737800000, 0x0000000737a00000, 0x0000000737a00000|100%| S|  |TAMS 0x0000000737800000| PB 0x0000000737800000| Complete 
| 445|0x0000000737a00000, 0x0000000737c00000, 0x0000000737c00000|100%| S|  |TAMS 0x0000000737a00000| PB 0x0000000737a00000| Complete 
| 446|0x0000000737c00000, 0x0000000737e00000, 0x0000000737e00000|100%| S|  |TAMS 0x0000000737c00000| PB 0x0000000737c00000| Complete 
| 447|0x0000000737e00000, 0x0000000738000000, 0x0000000738000000|100%| S|  |TAMS 0x0000000737e00000| PB 0x0000000737e00000| Complete 
| 448|0x0000000738000000, 0x0000000738200000, 0x0000000738200000|100%| S|  |TAMS 0x0000000738000000| PB 0x0000000738000000| Complete 
| 449|0x0000000738200000, 0x0000000738400000, 0x0000000738400000|100%| S|  |TAMS 0x0000000738200000| PB 0x0000000738200000| Complete 
| 450|0x0000000738400000, 0x0000000738600000, 0x0000000738600000|100%| S|  |TAMS 0x0000000738400000| PB 0x0000000738400000| Complete 
| 451|0x0000000738600000, 0x0000000738800000, 0x0000000738800000|100%| S|  |TAMS 0x0000000738600000| PB 0x0000000738600000| Complete 
| 452|0x0000000738800000, 0x0000000738a00000, 0x0000000738a00000|100%| S|  |TAMS 0x0000000738800000| PB 0x0000000738800000| Complete 
| 453|0x0000000738a00000, 0x0000000738c00000, 0x0000000738c00000|100%| S|  |TAMS 0x0000000738a00000| PB 0x0000000738a00000| Complete 
| 454|0x0000000738c00000, 0x0000000738e00000, 0x0000000738e00000|100%| S|  |TAMS 0x0000000738c00000| PB 0x0000000738c00000| Complete 
| 455|0x0000000738e00000, 0x0000000739000000, 0x0000000739000000|100%| S|  |TAMS 0x0000000738e00000| PB 0x0000000738e00000| Complete 
| 456|0x0000000739000000, 0x0000000739200000, 0x0000000739200000|100%| S|  |TAMS 0x0000000739000000| PB 0x0000000739000000| Complete 
| 457|0x0000000739200000, 0x0000000739400000, 0x0000000739400000|100%| S|  |TAMS 0x0000000739200000| PB 0x0000000739200000| Complete 
| 458|0x0000000739400000, 0x0000000739600000, 0x0000000739600000|100%| S|  |TAMS 0x0000000739400000| PB 0x0000000739400000| Complete 
| 459|0x0000000739600000, 0x0000000739800000, 0x0000000739800000|100%| S|  |TAMS 0x0000000739600000| PB 0x0000000739600000| Complete 
| 460|0x0000000739800000, 0x0000000739a00000, 0x0000000739a00000|100%| S|  |TAMS 0x0000000739800000| PB 0x0000000739800000| Complete 
| 461|0x0000000739a00000, 0x0000000739c00000, 0x0000000739c00000|100%| S|  |TAMS 0x0000000739a00000| PB 0x0000000739a00000| Complete 
| 462|0x0000000739c00000, 0x0000000739e00000, 0x0000000739e00000|100%| S|  |TAMS 0x0000000739c00000| PB 0x0000000739c00000| Complete 
| 463|0x0000000739e00000, 0x000000073a000000, 0x000000073a000000|100%| S|  |TAMS 0x0000000739e00000| PB 0x0000000739e00000| Complete 
| 464|0x000000073a000000, 0x000000073a200000, 0x000000073a200000|100%| S|  |TAMS 0x000000073a000000| PB 0x000000073a000000| Complete 
| 465|0x000000073a200000, 0x000000073a400000, 0x000000073a400000|100%| S|  |TAMS 0x000000073a200000| PB 0x000000073a200000| Complete 
| 466|0x000000073a400000, 0x000000073a600000, 0x000000073a600000|100%| S|  |TAMS 0x000000073a400000| PB 0x000000073a400000| Complete 
| 467|0x000000073a600000, 0x000000073a800000, 0x000000073a800000|100%| S|  |TAMS 0x000000073a600000| PB 0x000000073a600000| Complete 
|2028|0x00000007fd800000, 0x00000007fda00000, 0x00000007fda00000|100%| O|  |TAMS 0x00000007fd800000| PB 0x00000007fd800000| Untracked 
|2029|0x00000007fda00000, 0x00000007fdc00000, 0x00000007fdc00000|100%| O|  |TAMS 0x00000007fda00000| PB 0x00000007fda00000| Untracked 
|2030|0x00000007fdc00000, 0x00000007fde00000, 0x00000007fde00000|100%| E|CS|TAMS 0x00000007fdc00000| PB 0x00000007fdc00000| Complete 
|2031|0x00000007fde00000, 0x00000007fe000000, 0x00000007fe000000|100%| E|CS|TAMS 0x00000007fde00000| PB 0x00000007fde00000| Complete 
|2032|0x00000007fe000000, 0x00000007fe200000, 0x00000007fe200000|100%| O|  |TAMS 0x00000007fe000000| PB 0x00000007fe000000| Untracked 
|2033|0x00000007fe200000, 0x00000007fe400000, 0x00000007fe400000|100%| E|CS|TAMS 0x00000007fe200000| PB 0x00000007fe200000| Complete 
|2034|0x00000007fe400000, 0x00000007fe600000, 0x00000007fe600000|100%| O|  |TAMS 0x00000007fe400000| PB 0x00000007fe400000| Untracked 
|2035|0x00000007fe600000, 0x00000007fe800000, 0x00000007fe800000|100%| E|CS|TAMS 0x00000007fe600000| PB 0x00000007fe600000| Complete 
|2036|0x00000007fe800000, 0x00000007fea00000, 0x00000007fea00000|100%| E|CS|TAMS 0x00000007fe800000| PB 0x00000007fe800000| Complete 
|2037|0x00000007fea00000, 0x00000007fec00000, 0x00000007fec00000|100%| E|CS|TAMS 0x00000007fea00000| PB 0x00000007fea00000| Complete 
|2038|0x00000007fec00000, 0x00000007fee00000, 0x00000007fee00000|100%| E|CS|TAMS 0x00000007fec00000| PB 0x00000007fec00000| Complete 
|2039|0x00000007fee00000, 0x00000007ff000000, 0x00000007ff000000|100%| E|CS|TAMS 0x00000007fee00000| PB 0x00000007fee00000| Complete 
|2040|0x00000007ff000000, 0x00000007ff200000, 0x00000007ff200000|100%| O|  |TAMS 0x00000007ff000000| PB 0x00000007ff000000| Untracked 
|2041|0x00000007ff200000, 0x00000007ff400000, 0x00000007ff400000|100%| E|CS|TAMS 0x00000007ff200000| PB 0x00000007ff200000| Complete 
|2042|0x00000007ff400000, 0x00000007ff600000, 0x00000007ff600000|100%| E|CS|TAMS 0x00000007ff400000| PB 0x00000007ff400000| Complete 
|2043|0x00000007ff600000, 0x00000007ff800000, 0x00000007ff800000|100%| E|CS|TAMS 0x00000007ff600000| PB 0x00000007ff600000| Complete 
|2044|0x00000007ff800000, 0x00000007ffa00000, 0x00000007ffa00000|100%| O|  |TAMS 0x00000007ff800000| PB 0x00000007ff800000| Untracked 
|2045|0x00000007ffa00000, 0x00000007ffc00000, 0x00000007ffc00000|100%| O|  |TAMS 0x00000007ffa00000| PB 0x00000007ffa00000| Untracked 
|2046|0x00000007ffc00000, 0x00000007ffe00000, 0x00000007ffe00000|100%| O|  |TAMS 0x00000007ffc00000| PB 0x00000007ffc00000| Untracked 
|2047|0x00000007ffe00000, 0x0000000800000000, 0x0000000800000000|100%| O|  |TAMS 0x00000007ffe00000| PB 0x00000007ffe00000| Untracked 

Card table byte_map: [0x0000018d68740000,0x0000018d68f40000] _byte_map_base: 0x0000018d64f40000

Marking Bits: (CMBitMap*) 0x0000018d55e31b00
 Bits: [0x0000018d68f40000, 0x0000018d6cf40000)

Polling page: 0x0000018d53ca0000

Metaspace:

Usage:
  Non-class:    234.51 MB used.
      Class:     33.51 MB used.
       Both:    268.02 MB used.

Virtual space:
  Non-class space:      256.00 MB reserved,     235.75 MB ( 92%) committed,  4 nodes.
      Class space:      416.00 MB reserved,      35.50 MB (  9%) committed,  1 nodes.
             Both:      672.00 MB reserved,     271.25 MB ( 40%) committed. 

Chunk freelists:
   Non-Class:  20.30 MB
       Class:  13.42 MB
        Both:  33.73 MB

MaxMetaspaceSize: 512.00 MB
CompressedClassSpaceSize: 416.00 MB
Initial GC threshold: 21.00 MB
Current GC threshold: 467.50 MB
CDS: off
 - commit_granule_bytes: 65536.
 - commit_granule_words: 8192.
 - virtual_space_node_default_size: 8388608.
 - enlarge_chunks_in_place: 1.
 - use_allocation_guard: 0.


Internal statistics:

num_allocs_failed_limit: 9.
num_arena_births: 6514.
num_arena_deaths: 2810.
num_vsnodes_births: 5.
num_vsnodes_deaths: 0.
num_space_committed: 4677.
num_space_uncommitted: 25.
num_chunks_returned_to_freelist: 3957.
num_chunks_taken_from_freelist: 19423.
num_chunk_merges: 1548.
num_chunk_splits: 13091.
num_chunks_enlarged: 9242.
num_inconsistent_stats: 0.

CodeHeap 'non-profiled nmethods': size=120000Kb used=12603Kb max_used=26394Kb free=107396Kb
 bounds [0x0000018d60a10000, 0x0000018d623e0000, 0x0000018d67f40000]
CodeHeap 'profiled nmethods': size=120000Kb used=10661Kb max_used=54475Kb free=109339Kb
 bounds [0x0000018d58f40000, 0x0000018d5c4c0000, 0x0000018d60470000]
CodeHeap 'non-nmethods': size=5760Kb used=3117Kb max_used=3190Kb free=2642Kb
 bounds [0x0000018d60470000, 0x0000018d607a0000, 0x0000018d60a10000]
CodeCache: size=245760Kb, used=26381Kb, max_used=84059Kb, free=219377Kb
 total_blobs=8075, nmethods=6750, adapters=1225, full_count=0
Compilation: enabled, stopped_count=0, restarted_count=0

Compilation events (20 events):
Event: 3976.923 Thread 0x0000018d6f603c30 nmethod 54927 0x0000018d59064710 code [0x0000018d59064980, 0x0000018d59065418]
Event: 3976.923 Thread 0x0000018d6f603c30 54925       3       org.gradle.internal.execution.steps.RecordOutputsStep$$Lambda/0x00000008009dfc58::accept (12 bytes)
Event: 3976.924 Thread 0x0000018d6f603c30 nmethod 54925 0x0000018d58f6f710 code [0x0000018d58f6f8e0, 0x0000018d58f6fc90]
Event: 3976.924 Thread 0x0000018d6f603c30 54926       3       org.gradle.internal.execution.steps.RecordOutputsStep::lambda$execute$0 (19 bytes)
Event: 3976.924 Thread 0x0000018d6f603c30 nmethod 54926 0x0000018d58f77a10 code [0x0000018d58f77be0, 0x0000018d58f77e10]
Event: 3977.392 Thread 0x0000018d6f61ef10 nmethod 54908 0x0000018d620d1310 code [0x0000018d620d1f60, 0x0000018d620dd9f0]
Event: 3977.393 Thread 0x0000018d6f61ef10 54921   !   4       java.io.FileInputStream::read (27 bytes)
Event: 3977.402 Thread 0x0000018d6f61ef10 nmethod 54921 0x0000018d60a10d10 code [0x0000018d60a10f00, 0x0000018d60a112c0]
Event: 3977.402 Thread 0x0000018d6f61ef10 54920   !   4       java.io.FileInputStream::implRead (40 bytes)
Event: 3977.410 Thread 0x0000018d6f61ef10 nmethod 54920 0x0000018d60a4b090 code [0x0000018d60a4b260, 0x0000018d60a4b580]
Event: 3977.473 Thread 0x0000018d6f61ef10 54928       4       org.objectweb.asm.signature.SignatureWriter::visitInterface (2 bytes)
Event: 3977.473 Thread 0x0000018d6f61ef10 nmethod 54928 0x0000018d60a15810 code [0x0000018d60a159a0, 0x0000018d60a15a28]
Event: 3977.475 Thread 0x0000018d6f61ef10 54929       4       org.objectweb.asm.MethodWriter::visitMethodInsn (191 bytes)
Event: 3977.505 Thread 0x0000018d6f61ef10 nmethod 54929 0x0000018d60c66510 code [0x0000018d60c667c0, 0x0000018d60c676e8]
Event: 3977.505 Thread 0x0000018d6f61ef10 54930       4       org.objectweb.asm.MethodVisitor::visitMethodInsn (80 bytes)
Event: 3977.507 Thread 0x0000018d6f61ef10 nmethod 54930 0x0000018d60a1f210 code [0x0000018d60a1f3c0, 0x0000018d60a1f508]
Event: 3977.542 Thread 0x0000018d6f603c30 54931       3       org.objectweb.asm.commons.ClassRemapper::visitOuterClass (47 bytes)
Event: 3977.543 Thread 0x0000018d6f603c30 nmethod 54931 0x0000018d58f4f710 code [0x0000018d58f4f940, 0x0000018d58f500e8]
Event: 3977.543 Thread 0x0000018d6f603c30 54932       3       org.objectweb.asm.ClassWriter::visitOuterClass (37 bytes)
Event: 3977.543 Thread 0x0000018d6f603c30 nmethod 54932 0x0000018d58fc8010 code [0x0000018d58fc81e0, 0x0000018d58fc8478]

GC Heap History (20 events):
Event: 3958.287 GC heap after
{Heap after GC invocations=115 (full 0):
 garbage-first heap   total 681984K, used 308224K [0x0000000700000000, 0x0000000800000000)
  region size 2048K, 15 young (30720K), 15 survivors (30720K)
 Metaspace       used 273765K, committed 277312K, reserved 688128K
  class space    used 34270K, committed 36352K, reserved 425984K
}
Event: 3959.520 GC heap before
{Heap before GC invocations=115 (full 0):
 garbage-first heap   total 681984K, used 621568K [0x0000000700000000, 0x0000000800000000)
  region size 2048K, 168 young (344064K), 15 survivors (30720K)
 Metaspace       used 273766K, committed 277312K, reserved 688128K
  class space    used 34270K, committed 36352K, reserved 425984K
}
Event: 3959.574 GC heap after
{Heap after GC invocations=116 (full 0):
 garbage-first heap   total 681984K, used 305895K [0x0000000700000000, 0x0000000800000000)
  region size 2048K, 8 young (16384K), 8 survivors (16384K)
 Metaspace       used 273766K, committed 277312K, reserved 688128K
  class space    used 34270K, committed 36352K, reserved 425984K
}
Event: 3960.316 GC heap before
{Heap before GC invocations=116 (full 0):
 garbage-first heap   total 681984K, used 631527K [0x0000000700000000, 0x0000000800000000)
  region size 2048K, 167 young (342016K), 8 survivors (16384K)
 Metaspace       used 273766K, committed 277312K, reserved 688128K
  class space    used 34270K, committed 36352K, reserved 425984K
}
Event: 3960.338 GC heap after
{Heap after GC invocations=117 (full 0):
 garbage-first heap   total 681984K, used 310853K [0x0000000700000000, 0x0000000800000000)
  region size 2048K, 11 young (22528K), 11 survivors (22528K)
 Metaspace       used 273766K, committed 277312K, reserved 688128K
  class space    used 34270K, committed 36352K, reserved 425984K
}
Event: 3961.223 GC heap before
{Heap before GC invocations=117 (full 0):
 garbage-first heap   total 681984K, used 636485K [0x0000000700000000, 0x0000000800000000)
  region size 2048K, 170 young (348160K), 11 survivors (22528K)
 Metaspace       used 273483K, committed 277312K, reserved 688128K
  class space    used 34247K, committed 36352K, reserved 425984K
}
Event: 3961.251 GC heap after
{Heap after GC invocations=118 (full 0):
 garbage-first heap   total 892928K, used 313063K [0x0000000700000000, 0x0000000800000000)
  region size 2048K, 12 young (24576K), 12 survivors (24576K)
 Metaspace       used 273483K, committed 277312K, reserved 688128K
  class space    used 34247K, committed 36352K, reserved 425984K
}
Event: 3962.601 GC heap before
{Heap before GC invocations=119 (full 0):
 garbage-first heap   total 892928K, used 820967K [0x0000000700000000, 0x0000000800000000)
  region size 2048K, 261 young (534528K), 12 survivors (24576K)
 Metaspace       used 273484K, committed 277312K, reserved 688128K
  class space    used 34247K, committed 36352K, reserved 425984K
}
Event: 3962.635 GC heap after
{Heap after GC invocations=120 (full 0):
 garbage-first heap   total 892928K, used 317155K [0x0000000700000000, 0x0000000800000000)
  region size 2048K, 14 young (28672K), 14 survivors (28672K)
 Metaspace       used 273484K, committed 277312K, reserved 688128K
  class space    used 34247K, committed 36352K, reserved 425984K
}
Event: 3964.085 GC heap before
{Heap before GC invocations=120 (full 0):
 garbage-first heap   total 892928K, used 820963K [0x0000000700000000, 0x0000000800000000)
  region size 2048K, 261 young (534528K), 14 survivors (28672K)
 Metaspace       used 273484K, committed 277312K, reserved 688128K
  class space    used 34247K, committed 36352K, reserved 425984K
}
Event: 3964.131 GC heap after
{Heap after GC invocations=121 (full 0):
 garbage-first heap   total 892928K, used 315392K [0x0000000700000000, 0x0000000800000000)
  region size 2048K, 15 young (30720K), 15 survivors (30720K)
 Metaspace       used 273484K, committed 277312K, reserved 688128K
  class space    used 34247K, committed 36352K, reserved 425984K
}
Event: 3968.339 GC heap before
{Heap before GC invocations=121 (full 0):
 garbage-first heap   total 892928K, used 567296K [0x0000000700000000, 0x0000000800000000)
  region size 2048K, 140 young (286720K), 15 survivors (30720K)
 Metaspace       used 273817K, committed 277376K, reserved 688128K
  class space    used 34280K, committed 36352K, reserved 425984K
}
Event: 3968.389 GC heap after
{Heap after GC invocations=122 (full 0):
 garbage-first heap   total 892928K, used 320512K [0x0000000700000000, 0x0000000800000000)
  region size 2048K, 18 young (36864K), 18 survivors (36864K)
 Metaspace       used 273817K, committed 277376K, reserved 688128K
  class space    used 34280K, committed 36352K, reserved 425984K
}
Event: 3970.840 GC heap before
{Heap before GC invocations=123 (full 0):
 garbage-first heap   total 892928K, used 889856K [0x0000000700000000, 0x0000000800000000)
  region size 2048K, 239 young (489472K), 18 survivors (36864K)
 Metaspace       used 274321K, committed 277696K, reserved 688128K
  class space    used 34303K, committed 36352K, reserved 425984K
}
Event: 3970.924 GC heap after
{Heap after GC invocations=124 (full 0):
 garbage-first heap   total 948224K, used 362389K [0x0000000700000000, 0x0000000800000000)
  region size 2048K, 25 young (51200K), 25 survivors (51200K)
 Metaspace       used 274321K, committed 277696K, reserved 688128K
  class space    used 34303K, committed 36352K, reserved 425984K
}
Event: 3975.332 GC heap before
{Heap before GC invocations=124 (full 0):
 garbage-first heap   total 948224K, used 892821K [0x0000000700000000, 0x0000000800000000)
  region size 2048K, 278 young (569344K), 25 survivors (51200K)
 Metaspace       used 274436K, committed 277760K, reserved 688128K
  class space    used 34309K, committed 36352K, reserved 425984K
}
Event: 3975.411 GC heap after
{Heap after GC invocations=125 (full 0):
 garbage-first heap   total 948224K, used 314746K [0x0000000700000000, 0x0000000800000000)
  region size 2048K, 9 young (18432K), 9 survivors (18432K)
 Metaspace       used 274436K, committed 277760K, reserved 688128K
  class space    used 34309K, committed 36352K, reserved 425984K
}
Event: 3975.676 GC heap before
{Heap before GC invocations=125 (full 0):
 garbage-first heap   total 948224K, used 413050K [0x0000000700000000, 0x0000000800000000)
  region size 2048K, 59 young (120832K), 9 survivors (18432K)
 Metaspace       used 274440K, committed 277760K, reserved 688128K
  class space    used 34309K, committed 36352K, reserved 425984K
}
Event: 3975.700 GC heap after
{Heap after GC invocations=126 (full 0):
 garbage-first heap   total 948224K, used 315770K [0x0000000700000000, 0x0000000800000000)
  region size 2048K, 10 young (20480K), 10 survivors (20480K)
 Metaspace       used 274440K, committed 277760K, reserved 688128K
  class space    used 34309K, committed 36352K, reserved 425984K
}
Event: 3977.547 GC heap before
{Heap before GC invocations=127 (full 0):
 garbage-first heap   total 948224K, used 946554K [0x0000000700000000, 0x0000000800000000)
  region size 2048K, 270 young (552960K), 10 survivors (20480K)
 Metaspace       used 274451K, committed 277760K, reserved 688128K
  class space    used 34309K, committed 36352K, reserved 425984K
}

Dll operation events (3 events):
Event: 0.009 Loaded shared library C:\Program Files\Android\Android Studio\jbr\bin\java.dll
Event: 0.014 Loaded shared library C:\Program Files\Android\Android Studio\jbr\bin\zip.dll
Event: 0.790 Loaded shared library C:\Program Files\Android\Android Studio\jbr\bin\verify.dll

Deoptimization events (20 events):
Event: 3976.367 Thread 0x0000018d77d18480 DEOPT PACKING pc=0x0000018d59ba43ca sp=0x0000005fa7cfa860
Event: 3976.367 Thread 0x0000018d77d18480 DEOPT UNPACKING pc=0x0000018d604c4bc2 sp=0x0000005fa7cf9f70 mode 0
Event: 3976.374 Thread 0x0000018d77d18480 DEOPT PACKING pc=0x0000018d59ba43ca sp=0x0000005fa7cfa860
Event: 3976.374 Thread 0x0000018d77d18480 DEOPT UNPACKING pc=0x0000018d604c4bc2 sp=0x0000005fa7cf9f70 mode 0
Event: 3976.451 Thread 0x0000018d77d18480 DEOPT PACKING pc=0x0000018d59ba43ca sp=0x0000005fa7cfa860
Event: 3976.451 Thread 0x0000018d77d18480 DEOPT UNPACKING pc=0x0000018d604c4bc2 sp=0x0000005fa7cf9f70 mode 0
Event: 3976.463 Thread 0x0000018d77d18480 Uncommon trap: trap_request=0xffffff45 fr.pc=0x0000018d6132acbc relative=0x0000000000000d5c
Event: 3976.463 Thread 0x0000018d77d18480 Uncommon trap: reason=unstable_if action=reinterpret pc=0x0000018d6132acbc method=org.objectweb.asm.Type.getArgumentsAndReturnSizes(Ljava/lang/String;)I @ 123 c2
Event: 3976.463 Thread 0x0000018d77d18480 DEOPT PACKING pc=0x0000018d6132acbc sp=0x0000005fa7cfa750
Event: 3976.463 Thread 0x0000018d77d18480 DEOPT UNPACKING pc=0x0000018d604c4422 sp=0x0000005fa7cfa560 mode 2
Event: 3976.463 Thread 0x0000018d77d18480 Uncommon trap: trap_request=0xffffff45 fr.pc=0x0000018d61943eb4 relative=0x0000000000000c74
Event: 3976.463 Thread 0x0000018d77d18480 Uncommon trap: reason=unstable_if action=reinterpret pc=0x0000018d61943eb4 method=org.objectweb.asm.Type.getArgumentsAndReturnSizes(Ljava/lang/String;)I @ 123 c2
Event: 3976.463 Thread 0x0000018d77d18480 DEOPT PACKING pc=0x0000018d61943eb4 sp=0x0000005fa7cfa690
Event: 3976.463 Thread 0x0000018d77d18480 DEOPT UNPACKING pc=0x0000018d604c4422 sp=0x0000005fa7cfa558 mode 2
Event: 3976.489 Thread 0x0000018d77d18480 DEOPT PACKING pc=0x0000018d59ba4a5f sp=0x0000005fa7cfa860
Event: 3976.489 Thread 0x0000018d77d18480 DEOPT UNPACKING pc=0x0000018d604c4bc2 sp=0x0000005fa7cf9f70 mode 0
Event: 3976.495 Thread 0x0000018d77d18480 DEOPT PACKING pc=0x0000018d59ba43ca sp=0x0000005fa7cfa860
Event: 3976.495 Thread 0x0000018d77d18480 DEOPT UNPACKING pc=0x0000018d604c4bc2 sp=0x0000005fa7cf9f70 mode 0
Event: 3976.500 Thread 0x0000018d77d18480 DEOPT PACKING pc=0x0000018d59ba43ca sp=0x0000005fa7cfa860
Event: 3976.500 Thread 0x0000018d77d18480 DEOPT UNPACKING pc=0x0000018d604c4bc2 sp=0x0000005fa7cf9f70 mode 0

Classes loaded (20 events):
Event: 3916.100 Loading class sun/security/ssl/Alert
Event: 3916.100 Loading class sun/security/ssl/Alert done
Event: 3916.101 Loading class sun/security/ssl/Alert$AlertConsumer
Event: 3916.101 Loading class sun/security/ssl/Alert$AlertConsumer done
Event: 3916.101 Loading class sun/security/ssl/Alert$Level
Event: 3916.101 Loading class sun/security/ssl/Alert$Level done
Event: 3946.280 Loading class java/util/zip/ZipFile$EntrySpliterator
Event: 3946.281 Loading class java/util/Spliterators$AbstractSpliterator
Event: 3946.281 Loading class java/util/Spliterators$AbstractSpliterator done
Event: 3946.281 Loading class java/util/zip/ZipFile$EntrySpliterator done
Event: 3950.202 Loading class java/util/PriorityQueue
Event: 3950.203 Loading class java/util/PriorityQueue done
Event: 3950.308 Loading class java/util/ServiceLoader$ProviderSpliterator
Event: 3950.308 Loading class java/util/ServiceLoader$ProviderSpliterator done
Event: 3953.085 Loading class java/util/concurrent/RecursiveAction
Event: 3953.085 Loading class java/util/concurrent/RecursiveAction done
Event: 3955.686 Loading class jdk/internal/math/FloatToDecimal
Event: 3955.687 Loading class jdk/internal/math/FloatToDecimal done
Event: 3964.645 Loading class java/util/concurrent/locks/ReentrantReadWriteLock$Sync$HoldCounter
Event: 3964.645 Loading class java/util/concurrent/locks/ReentrantReadWriteLock$Sync$HoldCounter done

Classes unloaded (20 events):
Event: 3960.874 Thread 0x0000018d6f4143e0 Unloading class 0x0000000800a2d770 'jdk/internal/jimage/ImageHeader'
Event: 3960.874 Thread 0x0000018d6f4143e0 Unloading class 0x0000000800a2d508 'jdk/internal/jimage/BasicImageReader$2'
Event: 3960.874 Thread 0x0000018d6f4143e0 Unloading class 0x0000000800a2d2a0 'jdk/internal/jimage/BasicImageReader$1'
Event: 3960.874 Thread 0x0000018d6f4143e0 Unloading class 0x0000000800a2d000 'jdk/internal/jimage/ImageReader$Resource'
Event: 3960.874 Thread 0x0000018d6f4143e0 Unloading class 0x0000000800a2cd60 'jdk/internal/jimage/ImageReader$LinkNode'
Event: 3960.874 Thread 0x0000018d6f4143e0 Unloading class 0x0000000800a2cac0 'jdk/internal/jimage/ImageReader$Directory'
Event: 3960.874 Thread 0x0000018d6f4143e0 Unloading class 0x0000000800a2c820 'jdk/internal/jimage/ImageReader$Node'
Event: 3960.874 Thread 0x0000018d6f4143e0 Unloading class 0x0000000800a2c5f0 'jdk/internal/jimage/ImageStrings'
Event: 3960.874 Thread 0x0000018d6f4143e0 Unloading class 0x0000000800a2c2f8 'jdk/internal/jimage/ImageReader$SharedImageReader'
Event: 3960.874 Thread 0x0000018d6f4143e0 Unloading class 0x0000000800a2c000 'jdk/internal/jimage/BasicImageReader'
Event: 3960.874 Thread 0x0000018d6f4143e0 Unloading class 0x00000008022edbd8 'jdk/internal/jimage/ImageReader'
Event: 3960.874 Thread 0x0000018d6f4143e0 Unloading class 0x00000008022ed978 'jdk/internal/jrtfs/SystemImage$2'
Event: 3960.874 Thread 0x0000018d6f4143e0 Unloading class 0x00000008022ed728 'jdk/internal/jrtfs/SystemImage$$Lambda+0x00000008022ed728'
Event: 3960.874 Thread 0x0000018d6f4143e0 Unloading class 0x00000008022ed4c0 'jdk/internal/jrtfs/ExplodedImage'
Event: 3960.874 Thread 0x0000018d6f4143e0 Unloading class 0x00000008022ed250 'jdk/internal/jrtfs/SystemImage$1'
Event: 3960.874 Thread 0x0000018d6f4143e0 Unloading class 0x00000008022ed000 'jdk/internal/jrtfs/SystemImage'
Event: 3960.874 Thread 0x0000018d6f4143e0 Unloading class 0x00000008017d43b0 'jdk/internal/jrtfs/JrtFileStore'
Event: 3960.874 Thread 0x0000018d6f4143e0 Unloading class 0x00000008017d4000 'jdk/internal/jrtfs/JrtPath'
Event: 3960.874 Thread 0x0000018d6f4143e0 Unloading class 0x00000008017eb328 'jdk/internal/jrtfs/JrtFileSystem'
Event: 3960.874 Thread 0x0000018d6f4143e0 Unloading class 0x00000008017eb000 'jdk/internal/jrtfs/JrtFileSystemProvider'

Classes redefined (0 events):
No events

Internal exceptions (20 events):
Event: 3977.218 Thread 0x0000018d77d17760 Exception <a 'sun/nio/fs/WindowsException'{0x0000000727042160}> (0x0000000727042160) 
thrown [s\src\hotspot\share\prims\jni.cpp, line 537]
Event: 3977.218 Thread 0x0000018d77d17760 Exception <a 'sun/nio/fs/WindowsException'{0x0000000727043048}> (0x0000000727043048) 
thrown [s\src\hotspot\share\prims\jni.cpp, line 537]
Event: 3977.219 Thread 0x0000018d77d17760 Exception <a 'sun/nio/fs/WindowsException'{0x000000072704d240}> (0x000000072704d240) 
thrown [s\src\hotspot\share\prims\jni.cpp, line 537]
Event: 3977.219 Thread 0x0000018d77d17760 Exception <a 'sun/nio/fs/WindowsException'{0x000000072704e010}> (0x000000072704e010) 
thrown [s\src\hotspot\share\prims\jni.cpp, line 537]
Event: 3977.219 Thread 0x0000018d77d17760 Exception <a 'sun/nio/fs/WindowsException'{0x000000072704ef80}> (0x000000072704ef80) 
thrown [s\src\hotspot\share\prims\jni.cpp, line 537]
Event: 3977.220 Thread 0x0000018d77d17760 Exception <a 'sun/nio/fs/WindowsException'{0x0000000727050060}> (0x0000000727050060) 
thrown [s\src\hotspot\share\prims\jni.cpp, line 537]
Event: 3977.286 Thread 0x0000018d77d17760 Exception <a 'sun/nio/fs/WindowsException'{0x00000007270533b8}> (0x00000007270533b8) 
thrown [s\src\hotspot\share\prims\jni.cpp, line 537]
Event: 3977.313 Thread 0x0000018d77d17760 Exception <a 'sun/nio/fs/WindowsException'{0x0000000727076c08}> (0x0000000727076c08) 
thrown [s\src\hotspot\share\prims\jni.cpp, line 537]
Event: 3977.317 Thread 0x0000018d77d17760 Exception <a 'sun/nio/fs/WindowsException'{0x0000000727085b98}> (0x0000000727085b98) 
thrown [s\src\hotspot\share\prims\jni.cpp, line 537]
Event: 3977.318 Thread 0x0000018d77d17760 Exception <a 'sun/nio/fs/WindowsException'{0x0000000727086c20}> (0x0000000727086c20) 
thrown [s\src\hotspot\share\prims\jni.cpp, line 537]
Event: 3977.318 Thread 0x0000018d77d17760 Exception <a 'sun/nio/fs/WindowsException'{0x0000000727088198}> (0x0000000727088198) 
thrown [s\src\hotspot\share\prims\jni.cpp, line 537]
Event: 3977.320 Thread 0x0000018d77d17760 Exception <a 'sun/nio/fs/WindowsException'{0x0000000727088fe0}> (0x0000000727088fe0) 
thrown [s\src\hotspot\share\prims\jni.cpp, line 537]
Event: 3977.320 Thread 0x0000018d77d17760 Exception <a 'sun/nio/fs/WindowsException'{0x0000000727089dd8}> (0x0000000727089dd8) 
thrown [s\src\hotspot\share\prims\jni.cpp, line 537]
Event: 3977.322 Thread 0x0000018d77d17760 Exception <a 'sun/nio/fs/WindowsException'{0x000000072709b168}> (0x000000072709b168) 
thrown [s\src\hotspot\share\prims\jni.cpp, line 537]
Event: 3977.322 Thread 0x0000018d77d17760 Exception <a 'sun/nio/fs/WindowsException'{0x000000072709c050}> (0x000000072709c050) 
thrown [s\src\hotspot\share\prims\jni.cpp, line 537]
Event: 3977.322 Thread 0x0000018d77d17760 Exception <a 'sun/nio/fs/WindowsException'{0x00000007270a6270}> (0x00000007270a6270) 
thrown [s\src\hotspot\share\prims\jni.cpp, line 537]
Event: 3977.323 Thread 0x0000018d77d17760 Exception <a 'sun/nio/fs/WindowsException'{0x00000007270a72f0}> (0x00000007270a72f0) 
thrown [s\src\hotspot\share\prims\jni.cpp, line 537]
Event: 3977.323 Thread 0x0000018d77d17760 Exception <a 'sun/nio/fs/WindowsException'{0x00000007270a8510}> (0x00000007270a8510) 
thrown [s\src\hotspot\share\prims\jni.cpp, line 537]
Event: 3977.323 Thread 0x0000018d77d17760 Exception <a 'sun/nio/fs/WindowsException'{0x00000007270a98a0}> (0x00000007270a98a0) 
thrown [s\src\hotspot\share\prims\jni.cpp, line 537]
Event: 3977.325 Thread 0x0000018d77d17760 Exception <a 'sun/nio/fs/WindowsException'{0x00000007270acea8}> (0x00000007270acea8) 
thrown [s\src\hotspot\share\prims\jni.cpp, line 537]

ZGC Phase Switch (0 events):
No events

VM Operations (20 events):
Event: 3972.927 Executing safepoint VM operation: Cleanup done
Event: 3973.938 Executing safepoint VM operation: Cleanup
Event: 3973.938 Executing safepoint VM operation: Cleanup done
Event: 3974.946 Executing safepoint VM operation: Cleanup
Event: 3974.946 Executing safepoint VM operation: Cleanup done
Event: 3975.331 Executing safepoint VM operation: G1CollectForAllocation (G1 Evacuation Pause)
Event: 3975.331 Executing safepoint VM operation: G1CollectForAllocation (G1 Evacuation Pause) done
Event: 3975.332 Executing safepoint VM operation: G1CollectForAllocation (GCLocker Initiated GC)
Event: 3975.411 Executing safepoint VM operation: G1CollectForAllocation (GCLocker Initiated GC) done
Event: 3975.676 Executing safepoint VM operation: G1TryInitiateConcMark (G1 Humongous Allocation)
Event: 3975.676 Executing safepoint VM operation: G1TryInitiateConcMark (G1 Humongous Allocation) done
Event: 3975.676 Executing safepoint VM operation: G1CollectForAllocation (GCLocker Initiated GC)
Event: 3975.700 Executing safepoint VM operation: G1CollectForAllocation (GCLocker Initiated GC) done
Event: 3976.404 Executing safepoint VM operation: G1PauseRemark
Event: 3976.436 Executing safepoint VM operation: G1PauseRemark done
Event: 3976.886 Executing safepoint VM operation: G1PauseCleanup
Event: 3976.887 Executing safepoint VM operation: G1PauseCleanup done
Event: 3977.547 Executing safepoint VM operation: G1CollectForAllocation (G1 Evacuation Pause)
Event: 3977.547 Executing safepoint VM operation: G1CollectForAllocation (G1 Evacuation Pause) done
Event: 3977.547 Executing safepoint VM operation: G1CollectForAllocation (GCLocker Initiated GC)

Memory protections (0 events):
No events

Nmethod flushes (20 events):
Event: 3976.428 Thread 0x0000018d6f4143e0 flushing  nmethod 0x0000018d5c3b4d90
Event: 3976.428 Thread 0x0000018d6f4143e0 flushing  nmethod 0x0000018d5c3b6190
Event: 3976.428 Thread 0x0000018d6f4143e0 flushing  nmethod 0x0000018d5c3b6b90
Event: 3976.428 Thread 0x0000018d6f4143e0 flushing  nmethod 0x0000018d5c3b7090
Event: 3976.428 Thread 0x0000018d6f4143e0 flushing  nmethod 0x0000018d5c3d2010
Event: 3976.428 Thread 0x0000018d6f4143e0 flushing  nmethod 0x0000018d5c3dc590
Event: 3976.428 Thread 0x0000018d6f4143e0 flushing  nmethod 0x0000018d5c3dde90
Event: 3976.428 Thread 0x0000018d6f4143e0 flushing  nmethod 0x0000018d5c3de310
Event: 3976.428 Thread 0x0000018d6f4143e0 flushing  nmethod 0x0000018d5c3dea90
Event: 3976.428 Thread 0x0000018d6f4143e0 flushing  nmethod 0x0000018d5c40d510
Event: 3976.428 Thread 0x0000018d6f4143e0 flushing  nmethod 0x0000018d5c413990
Event: 3976.428 Thread 0x0000018d6f4143e0 flushing  nmethod 0x0000018d5c414010
Event: 3976.428 Thread 0x0000018d6f4143e0 flushing  nmethod 0x0000018d5c41be90
Event: 3976.428 Thread 0x0000018d6f4143e0 flushing  nmethod 0x0000018d5c41e710
Event: 3976.428 Thread 0x0000018d6f4143e0 flushing  nmethod 0x0000018d5c41ee90
Event: 3976.428 Thread 0x0000018d6f4143e0 flushing  nmethod 0x0000018d5c41f290
Event: 3976.428 Thread 0x0000018d6f4143e0 flushing  nmethod 0x0000018d5c41fe10
Event: 3976.428 Thread 0x0000018d6f4143e0 flushing  nmethod 0x0000018d5c420f90
Event: 3976.428 Thread 0x0000018d6f4143e0 flushing  nmethod 0x0000018d5c425b90
Event: 3976.428 Thread 0x0000018d6f4143e0 flushing  nmethod 0x0000018d5c426290

Events (20 events):
Event: 3964.330 Thread 0x0000018d6f61ef10 Thread added: 0x0000018d09fdf650
Event: 3964.524 Thread 0x0000018d0b1c4380 Thread added: 0x0000018d77d15d20
Event: 3964.525 Thread 0x0000018d0b1c4380 Thread added: 0x0000018d77d135c0
Event: 3964.525 Thread 0x0000018d0b1c4380 Thread added: 0x0000018d77d11b80
Event: 3965.878 Thread 0x0000018d09fdf650 Thread exited: 0x0000018d09fdf650
Event: 3966.462 Thread 0x0000018d09418430 Thread exited: 0x0000018d09418430
Event: 3968.272 Thread 0x0000018d0b1c4380 Thread added: 0x0000018d77d170d0
Event: 3968.272 Thread 0x0000018d0b1c4380 Thread added: 0x0000018d77d17760
Event: 3968.273 Thread 0x0000018d0b1c4380 Thread added: 0x0000018d77d18480
Event: 3968.312 Thread 0x0000018d6f61ef10 Thread added: 0x0000018d09fdc6a0
Event: 3968.900 Thread 0x0000018d09fdc6a0 Thread exited: 0x0000018d09fdc6a0
Event: 3969.223 Thread 0x0000018d6f603c30 Thread added: 0x0000018d09fde8b0
Event: 3974.124 Thread 0x0000018d0b1bc6d0 Thread exited: 0x0000018d0b1bc6d0
Event: 3974.635 Thread 0x0000018d09fde8b0 Thread exited: 0x0000018d09fde8b0
Event: 3974.720 Thread 0x0000018d6f61ef10 Thread added: 0x0000018d09fddb10
Event: 3975.256 Thread 0x0000018d09fddb10 Thread exited: 0x0000018d09fddb10
Event: 3975.464 Thread 0x0000018d6f603c30 Thread added: 0x0000018d09fda490
Event: 3975.722 Thread 0x0000018d09fda490 Thread exited: 0x0000018d09fda490
Event: 3976.320 Thread 0x0000018d6f61ef10 Thread added: 0x0000018d09fda490
Event: 3976.574 Thread 0x0000018d09fda490 Thread exited: 0x0000018d09fda490


Dynamic libraries:
0x00007ff6a6150000 - 0x00007ff6a615a000 	C:\Program Files\Android\Android Studio\jbr\bin\java.exe
0x00007fffd38a0000 - 0x00007fffd3aa9000 	C:\Windows\SYSTEM32\ntdll.dll
0x00007fffd25a0000 - 0x00007fffd265d000 	C:\Windows\System32\KERNEL32.DLL
0x00007fffd0fc0000 - 0x00007fffd1344000 	C:\Windows\System32\KERNELBASE.dll
0x00007fffd0d30000 - 0x00007fffd0e41000 	C:\Windows\System32\ucrtbase.dll
0x00007fffb8220000 - 0x00007fffb823b000 	C:\Program Files\Android\Android Studio\jbr\bin\VCRUNTIME140.dll
0x00007fffa2430000 - 0x00007fffa2448000 	C:\Program Files\Android\Android Studio\jbr\bin\jli.dll
0x00007fffd28d0000 - 0x00007fffd2a7d000 	C:\Windows\System32\USER32.dll
0x00007fffd16c0000 - 0x00007fffd16e6000 	C:\Windows\System32\win32u.dll
0x00007fffb5190000 - 0x00007fffb5435000 	C:\Windows\WinSxS\amd64_microsoft.windows.common-controls_6595b64144ccf1df_6.0.22000.120_none_9d947278b86cc467\COMCTL32.dll
0x00007fffd1e40000 - 0x00007fffd1e6a000 	C:\Windows\System32\GDI32.dll
0x00007fffd1ce0000 - 0x00007fffd1d83000 	C:\Windows\System32\msvcrt.dll
0x00007fffd1520000 - 0x00007fffd163e000 	C:\Windows\System32\gdi32full.dll
0x00007fffd1480000 - 0x00007fffd151d000 	C:\Windows\System32\msvcp_win.dll
0x00007fffd1ca0000 - 0x00007fffd1cd1000 	C:\Windows\System32\IMM32.DLL
0x00007fffc99b0000 - 0x00007fffc99bc000 	C:\Program Files\Android\Android Studio\jbr\bin\vcruntime140_1.dll
0x00007fff7fb70000 - 0x00007fff7fbfd000 	C:\Program Files\Android\Android Studio\jbr\bin\msvcp140.dll
0x00007fff34740000 - 0x00007fff353d6000 	C:\Program Files\Android\Android Studio\jbr\bin\server\jvm.dll
0x00007fffd2660000 - 0x00007fffd270e000 	C:\Windows\System32\ADVAPI32.dll
0x00007fffd2830000 - 0x00007fffd28ce000 	C:\Windows\System32\sechost.dll
0x00007fffd1b70000 - 0x00007fffd1c91000 	C:\Windows\System32\RPCRT4.dll
0x00007fffd2020000 - 0x00007fffd208f000 	C:\Windows\System32\WS2_32.dll
0x00007fffcda10000 - 0x00007fffcda43000 	C:\Windows\SYSTEM32\WINMM.dll
0x00007fffd0a60000 - 0x00007fffd0aad000 	C:\Windows\SYSTEM32\POWRPROF.dll
0x00007fffc2320000 - 0x00007fffc232a000 	C:\Windows\SYSTEM32\VERSION.dll
0x00007fffd0a40000 - 0x00007fffd0a53000 	C:\Windows\SYSTEM32\UMPDC.dll
0x00007fffcfd60000 - 0x00007fffcfd78000 	C:\Windows\SYSTEM32\kernel.appcore.dll
0x00007fffbf3a0000 - 0x00007fffbf3aa000 	C:\Program Files\Android\Android Studio\jbr\bin\jimage.dll
0x00007fffce690000 - 0x00007fffce8b1000 	C:\Windows\SYSTEM32\DBGHELP.DLL
0x00007fffabaf0000 - 0x00007fffabb21000 	C:\Windows\SYSTEM32\dbgcore.DLL
0x00007fffd1640000 - 0x00007fffd16bf000 	C:\Windows\System32\bcryptPrimitives.dll
0x00007fffb70d0000 - 0x00007fffb70de000 	C:\Program Files\Android\Android Studio\jbr\bin\instrument.dll
0x00007fffb7cd0000 - 0x00007fffb7cf0000 	C:\Program Files\Android\Android Studio\jbr\bin\java.dll
0x00007fffb74c0000 - 0x00007fffb74d8000 	C:\Program Files\Android\Android Studio\jbr\bin\zip.dll
0x00007fffd2f20000 - 0x00007fffd36e5000 	C:\Windows\System32\SHELL32.dll
0x00007fffcedc0000 - 0x00007fffcf622000 	C:\Windows\SYSTEM32\windows.storage.dll
0x00007fffd17f0000 - 0x00007fffd1b66000 	C:\Windows\System32\combase.dll
0x00007fffcec50000 - 0x00007fffcedb7000 	C:\Windows\SYSTEM32\wintypes.dll
0x00007fffd3760000 - 0x00007fffd384a000 	C:\Windows\System32\SHCORE.dll
0x00007fffd2e10000 - 0x00007fffd2e6d000 	C:\Windows\System32\shlwapi.dll
0x00007fffd0c60000 - 0x00007fffd0c85000 	C:\Windows\SYSTEM32\profapi.dll
0x00007fffbf340000 - 0x00007fffbf350000 	C:\Program Files\Android\Android Studio\jbr\bin\net.dll
0x00007fffc60d0000 - 0x00007fffc61e4000 	C:\Windows\SYSTEM32\WINHTTP.dll
0x00007fffd0200000 - 0x00007fffd0267000 	C:\Windows\system32\mswsock.dll
0x00007fffb4f30000 - 0x00007fffb4f46000 	C:\Program Files\Android\Android Studio\jbr\bin\nio.dll
0x00007fffb76a0000 - 0x00007fffb76b0000 	C:\Program Files\Android\Android Studio\jbr\bin\verify.dll
0x00007fff8c940000 - 0x00007fff8c967000 	C:\Users\HP\.gradle\native\c067742578af261105cb4f569cf0c3c89f3d7b1fecec35dd04571415982c5e48\windows-amd64\native-platform.dll
0x00007fff7d6e0000 - 0x00007fff7d824000 	C:\Users\HP\.gradle\native\38dada09dfb8b06ba9b0570ebf7e218e3eb74d4ef43ca46872605cf95ebc2f47\windows-amd64\native-platform-file-events.dll
0x00007fffbef20000 - 0x00007fffbef29000 	C:\Program Files\Android\Android Studio\jbr\bin\management.dll
0x00007fffb81c0000 - 0x00007fffb81cb000 	C:\Program Files\Android\Android Studio\jbr\bin\management_ext.dll
0x00007fffd3850000 - 0x00007fffd3858000 	C:\Windows\System32\PSAPI.DLL
0x00007fffd04d0000 - 0x00007fffd04e8000 	C:\Windows\SYSTEM32\CRYPTSP.dll
0x00007fffcfcc0000 - 0x00007fffcfcf5000 	C:\Windows\system32\rsaenh.dll
0x00007fffd02a0000 - 0x00007fffd02cc000 	C:\Windows\SYSTEM32\USERENV.dll
0x00007fffd0680000 - 0x00007fffd06a7000 	C:\Windows\SYSTEM32\bcrypt.dll
0x00007fffd03f0000 - 0x00007fffd03fc000 	C:\Windows\SYSTEM32\CRYPTBASE.dll
0x00007fffcf880000 - 0x00007fffcf8ad000 	C:\Windows\SYSTEM32\IPHLPAPI.DLL
0x00007fffd2010000 - 0x00007fffd2019000 	C:\Windows\System32\NSI.dll
0x00007fffbf310000 - 0x00007fffbf319000 	C:\Program Files\Android\Android Studio\jbr\bin\extnet.dll
0x00007fffa3590000 - 0x00007fffa3598000 	C:\Windows\system32\wshunix.dll
0x00007fff51240000 - 0x00007fff51257000 	C:\Windows\system32\napinsp.dll
0x00007fff33200000 - 0x00007fff3321b000 	C:\Windows\system32\pnrpnsp.dll
0x00007fffcf8b0000 - 0x00007fffcf997000 	C:\Windows\SYSTEM32\DNSAPI.dll
0x00007fff331e0000 - 0x00007fff331f2000 	C:\Windows\System32\winrnr.dll
0x00007fffc3f80000 - 0x00007fffc3f95000 	C:\Windows\system32\wshbth.dll
0x00007fffb42d0000 - 0x00007fffb42ef000 	C:\Windows\system32\nlansp_c.dll
0x00007fffc2920000 - 0x00007fffc292a000 	C:\Windows\System32\rasadhlp.dll
0x00007fffc2d20000 - 0x00007fffc2da1000 	C:\Windows\System32\fwpuclnt.dll
0x00007fff9d840000 - 0x00007fff9d85e000 	C:\Users\HP\AppData\Local\Temp\native-platform6130991475839175960dir\native-platform.dll
0x00007fffb7d20000 - 0x00007fffb7d27000 	C:\Program Files\Android\Android Studio\jbr\bin\rmi.dll
0x00007fffcfd80000 - 0x00007fffcfdb4000 	C:\Windows\SYSTEM32\ntmarta.dll

JVMTI agents:
C:\Users\HP\.gradle\wrapper\dists\gradle-8.5-bin\5t9huq95ubn472n8rpzujfbqh\gradle-8.5\lib\agents\gradle-instrumentation-agent-8.5.jar path:C:\Program Files\Android\Android Studio\jbr\bin\instrument.dll, loaded, initialized, instrumentlib options:none

dbghelp: loaded successfully - version: 4.0.5 - missing functions: none
symbol engine: initialized successfully - sym options: 0x614 - pdb path: .;C:\Program Files\Android\Android Studio\jbr\bin;C:\Windows\SYSTEM32;C:\Windows\WinSxS\amd64_microsoft.windows.common-controls_6595b64144ccf1df_6.0.22000.120_none_9d947278b86cc467;C:\Program Files\Android\Android Studio\jbr\bin\server;C:\Users\HP\.gradle\native\c067742578af261105cb4f569cf0c3c89f3d7b1fecec35dd04571415982c5e48\windows-amd64;C:\Users\HP\.gradle\native\38dada09dfb8b06ba9b0570ebf7e218e3eb74d4ef43ca46872605cf95ebc2f47\windows-amd64;C:\Users\HP\AppData\Local\Temp\native-platform6130991475839175960dir

VM Arguments:
jvm_args: -XX:MaxMetaspaceSize=512m --add-opens=java.base/java.util=ALL-UNNAMED --add-opens=java.base/java.lang=ALL-UNNAMED --add-opens=java.base/java.lang.invoke=ALL-UNNAMED --add-opens=java.prefs/java.util.prefs=ALL-UNNAMED --add-opens=java.base/java.nio.charset=ALL-UNNAMED --add-opens=java.base/java.net=ALL-UNNAMED --add-opens=java.base/java.util.concurrent.atomic=ALL-UNNAMED -Xmx4g -Dfile.encoding=UTF-8 -Duser.country=US -Duser.language=en -Duser.variant -javaagent:C:\Users\HP\.gradle\wrapper\dists\gradle-8.5-bin\5t9huq95ubn472n8rpzujfbqh\gradle-8.5\lib\agents\gradle-instrumentation-agent-8.5.jar 
java_command: org.gradle.launcher.daemon.bootstrap.GradleDaemon 8.5
java_class_path (initial): C:\Users\HP\.gradle\wrapper\dists\gradle-8.5-bin\5t9huq95ubn472n8rpzujfbqh\gradle-8.5\lib\gradle-launcher-8.5.jar
Launcher Type: SUN_STANDARD

[Global flags]
     intx CICompilerCount                          = 3                                         {product} {ergonomic}
   size_t CompressedClassSpaceSize                 = 436207616                                 {product} {ergonomic}
     uint ConcGCThreads                            = 1                                         {product} {ergonomic}
     uint G1ConcRefinementThreads                  = 4                                         {product} {ergonomic}
   size_t G1HeapRegionSize                         = 2097152                                   {product} {ergonomic}
    uintx GCDrainStackTargetSize                   = 64                                        {product} {ergonomic}
   size_t InitialHeapSize                          = 264241152                                 {product} {ergonomic}
   size_t MarkStackSize                            = 4194304                                   {product} {ergonomic}
   size_t MaxHeapSize                              = 4294967296                                {product} {command line}
   size_t MaxMetaspaceSize                         = 536870912                                 {product} {command line}
   size_t MaxNewSize                               = 2575302656                                {product} {ergonomic}
   size_t MinHeapDeltaBytes                        = 2097152                                   {product} {ergonomic}
   size_t MinHeapSize                              = 8388608                                   {product} {ergonomic}
    uintx NonNMethodCodeHeapSize                   = 5832780                                {pd product} {ergonomic}
    uintx NonProfiledCodeHeapSize                  = 122912730                              {pd product} {ergonomic}
    uintx ProfiledCodeHeapSize                     = 122912730                              {pd product} {ergonomic}
    uintx ReservedCodeCacheSize                    = 251658240                              {pd product} {ergonomic}
     bool SegmentedCodeCache                       = true                                      {product} {ergonomic}
   size_t SoftMaxHeapSize                          = 4294967296                             {manageable} {ergonomic}
     bool UseCompressedOops                        = true                           {product lp64_product} {ergonomic}
     bool UseG1GC                                  = true                                      {product} {ergonomic}
     bool UseLargePagesIndividualAllocation        = false                                  {pd product} {ergonomic}

Logging:
Log output configuration:
 #0: stdout all=warning uptime,level,tags foldmultilines=false
 #1: stderr all=off uptime,level,tags foldmultilines=false

Release file:
JAVA_VERSION="21.0.10" 
MODULES="java.base java.compiler java.datatransfer java.xml java.prefs java.desktop java.instrument java.logging java.management java.security.sasl java.naming java.rmi java.management.rmi java.net.http java.scripting java.security.jgss java.transaction.xa java.sql java.sql.rowset java.xml.crypto java.se java.smartcardio jdk.accessibility jdk.internal.jvmstat jdk.attach jdk.charsets jdk.internal.opt jdk.zipfs jdk.compiler jdk.crypto.ec jdk.crypto.cryptoki jdk.dynalink jdk.hotspot.agent jdk.httpserver jdk.internal.ed jdk.internal.le jdk.internal.vm.ci jdk.jartool jdk.javadoc jdk.jcmd jdk.jdeps jdk.jdwp.agent jdk.jdi jdk.jfr jdk.jlink jdk.jsobject jdk.localedata jdk.management jdk.management.agent jdk.management.jfr jdk.naming.dns jdk.naming.rmi jdk.net jdk.sctp jdk.security.auth jdk.security.jgss jdk.unsupported jdk.unsupported.desktop jdk.xml.dom" 
IMPLEMENTOR="JetBrains s.r.o." 
JAVA_RUNTIME_VERSION="21.0.10+-14961533-b1163.108" 
LIBC="default" 
OS_ARCH="x86_64" 
OS_NAME="Windows" 
SOURCE=".:git:1351622c2ff2" 

Environment Variables:
PATH=C:\Program Files (x86)\Common Files\Intel\Shared Libraries\redist\intel64\compiler;C:\Windows\system32;C:\Windows;C:\Windows\System32\Wbem;C:\Windows\System32\WindowsPowerShell\v1.0\;C:\Windows\System32\OpenSSH\;C:\Gradle\gradle-9.3.1\bin;C:\Users\HP\.gradle\wrapper\dists\gradle-9.3.1-bin;C:\Users\HP\.gradle\wrapper\dists\gradle-9.3.1-bin\23ovyewtku6u96viwx3xl3oks;C:\Program Files\Android\Android Studio\jbr\bin;C:\Users\HP\flutter_windows_3.41.9-stable\flutter\bin;C:\Users\HP\commandlinetools-win-14742923_latest\cmdline-tools\bin;C:\Users\HP\AppData\Local\Microsoft\WindowsApps;C:\Users\HP\AppData\Local\Programs\Microsoft VS Code\bin;C:\flutter\bin
USERNAME=HP
OS=Windows_NT
PROCESSOR_IDENTIFIER=Intel64 Family 6 Model 190 Stepping 0, GenuineIntel
TMP=C:\Users\HP\AppData\Local\Temp
TEMP=C:\Users\HP\AppData\Local\Temp




Periodic native trim disabled

JNI global refs:
JNI global refs: 27, weak refs: 0

JNI global refs memory usage: 835, weak refs: 201

Process memory usage:
Resident Set Size: 1679404K (10% of 16422440K total physical memory with 1371064K free physical memory)

OOME stack traces (most recent first):
Classloader memory used:
Loader org.gradle.internal.classloader.VisitableURLClassLoader                         : 108M
Loader org.gradle.internal.classloader.VisitableURLClassLoader$InstrumentingVisitableURLClassLoader: 55890K
Loader bootstrap                                                                       : 35536K
Loader java.net.URLClassLoader                                                         : 24406K
Loader org.gradle.internal.classloader.VisitableURLClassLoader                         : 17317K
Loader org.gradle.initialization.MixInLegacyTypesClassLoader                           : 15718K
Loader jdk.internal.loader.ClassLoaders$AppClassLoader                                 : 10009K
Loader jdk.internal.reflect.DelegatingClassLoader                                      : 1677K
Loader jdk.internal.loader.ClassLoaders$PlatformClassLoader                            : 1214K
Loader org.gradle.groovy.scripts.internal.DefaultScriptCompilationHandler$ScriptClassLoader: 813K
Loader jdk.internal.jrtfs.JrtFileSystemProvider$JrtFsLoader                            : 347K
Loader org.codehaus.groovy.runtime.callsite.CallSiteClassLoader                        : 107K
Loader sun.reflect.misc.MethodUtil                                                     : 2984B

Classes loaded by more than one classloader:
Class com.intellij.gradle.toolingExtension.util.GradleVersionUtil                     : loaded 14 times (x 71B)
Class com.google.common.collect.Iterators$ArrayItr                                    : loaded 12 times (x 97B)
Class com.google.common.collect.Iterators                                             : loaded 12 times (x 71B)
Class com.google.common.collect.Lists$StringAsImmutableList                           : loaded 12 times (x 207B)
Class com.google.common.collect.AbstractIterator                                      : loaded 12 times (x 82B)
Class com.google.common.collect.AbstractIndexedListIterator                           : loaded 12 times (x 96B)
Class com.google.common.collect.Iterators$1                                           : loaded 12 times (x 81B)
Class com.google.common.collect.Iterators$4                                           : loaded 12 times (x 82B)
Class com.google.common.collect.Iterators$5                                           : loaded 12 times (x 82B)
Class com.google.common.collect.ImmutableCollection                                   : loaded 12 times (x 125B)
Class com.google.common.collect.Lists                                                 : loaded 12 times (x 71B)
Class com.google.common.collect.Iterators$9                                           : loaded 12 times (x 81B)
Class com.google.common.collect.UnmodifiableIterator                                  : loaded 12 times (x 80B)
Class com.google.common.collect.UnmodifiableListIterator                              : loaded 12 times (x 95B)
Class com.google.common.base.Preconditions                                            : loaded 12 times (x 71B)
Class com.google.common.collect.Iterators$MergingIterator                             : loaded 12 times (x 81B)
Class com.google.common.collect.PeekingIterator                                       : loaded 12 times (x 70B)
Class com.google.common.collect.ImmutableList                                         : loaded 12 times (x 206B)
Class com.google.common.collect.Multimap                                              : loaded 10 times (x 70B)
Class com.google.common.base.ExtraObjectsMethodsForWeb                                : loaded 10 times (x 71B)
Class com.google.common.base.Objects                                                  : loaded 10 times (x 71B)
Class Program                                                                         : loaded 9 times (x 72B)
Class gnu.trove.PrimeFinder                                                           : loaded 9 times (x 71B)
Class gnu.trove.TObjectHash$NULL                                                      : loaded 9 times (x 71B)
Class gnu.trove.TObjectIntProcedure                                                   : loaded 9 times (x 70B)
Class gnu.trove.THash                                                                 : loaded 9 times (x 81B)
Class gnu.trove.TObjectHash                                                           : loaded 9 times (x 94B)
Class gnu.trove.Equality                                                              : loaded 9 times (x 70B)
Class gnu.trove.TObjectHashingStrategy                                                : loaded 9 times (x 70B)
Class gnu.trove.TObjectIntHashMap                                                     : loaded 9 times (x 109B)
Class com.amazon.ion.IonText                                                          : loaded 8 times (x 70B)
Class com.amazon.ion.impl.bin.utf8.Pool$Allocator                                     : loaded 8 times (x 70B)
Class com.amazon.ion.impl.bin.utf8.Utf8StringEncoder$Result                           : loaded 8 times (x 74B)
Class com.amazon.ion.impl.bin.IonManagedBinaryWriter$UserState$2                      : loaded 8 times (x 85B)
Class com.amazon.ion.impl._Private_IonValue                                           : loaded 8 times (x 70B)
Class com.intellij.gradle.toolingExtension.impl.model.sourceSetModel.GradleSourceSetSerialisationService$SourceSetModelReadContext: loaded 8 times (x 72B)
Class com.intellij.gradle.toolingExtension.impl.model.sourceSetModel.GradleSourceSetSerialisationService$Companion: loaded 8 times (x 71B)
Class [Lcom.amazon.ion.impl.bin.IonRawBinaryWriter$ContainerType;                     : loaded 8 times (x 69B)
Class com.amazon.ion.IonBufferConfiguration$Builder                                   : loaded 8 times (x 78B)
Class com.amazon.ion.impl.lite.IonDecimalLite                                         : loaded 8 times (x 188B)
Class org.jetbrains.plugins.gradle.model.GradleExtension                              : loaded 8 times (x 70B)
Class com.amazon.ion.impl.bin.IonRawBinaryWriter$PreallocationMode$3                  : loaded 8 times (x 82B)
Class com.android.ide.gradle.model.GradlePluginModel                                  : loaded 8 times (x 70B)
Class org.jetbrains.kotlin.idea.gradleTooling.PrepareKotlinIdeImportTaskModel         : loaded 8 times (x 70B)
Class com.amazon.ion.impl.bin.IonRawBinaryWriter$PreallocationMode$2                  : loaded 8 times (x 82B)
Class com.amazon.ion.IonInt                                                           : loaded 8 times (x 70B)
Class com.intellij.gradle.toolingExtension.impl.model.dependencyDownloadPolicyModel.GradleDependencyDownloadPolicy: loaded 8 times (x 70B)
Class org.jetbrains.kotlin.idea.gradleTooling.KotlinMPPGradleModel                    : loaded 8 times (x 70B)
Class [Lcom.amazon.ion.impl.bin._Private_IonManagedBinaryWriterBuilder$AllocatorMode; : loaded 8 times (x 69B)
Class com.amazon.ion.impl.bin.IonRawBinaryWriter$PreallocationMode$1                  : loaded 8 times (x 82B)
Class com.amazon.ion.impl._Private_ValueFactory                                       : loaded 8 times (x 70B)
Class com.amazon.ion.impl.lite.IonClobLite                                            : loaded 8 times (x 220B)
Class com.amazon.ion.impl.SymbolTokenImpl                                             : loaded 8 times (x 81B)
Class [Lcom.intellij.openapi.externalSystem.model.project.dependencies.ResolutionState;: loaded 8 times (x 69B)
Class org.jetbrains.plugins.gradle.model.DependencyAccessorsModel                     : loaded 8 times (x 70B)
Class com.amazon.ion.impl.lite.IonNullLite                                            : loaded 8 times (x 175B)
Class org.jetbrains.kotlin.idea.gradleTooling.model.kapt.KaptSourceSetModel           : loaded 8 times (x 70B)
Class org.jetbrains.plugins.gradle.tooling.serialization.AnnotationProcessingModelSerializationService: loaded 8 times (x 77B)
Class com.amazon.ion.impl._Private_LocalSymbolTableFactory                            : loaded 8 times (x 70B)
Class com.amazon.ion.impl.bin.IonManagedBinaryWriter$ImportedSymbolResolverMode$1$1$1 : loaded 8 times (x 76B)
Class com.amazon.ion.system.IonTextWriterBuilder                                      : loaded 8 times (x 98B)
Class com.intellij.gradle.toolingExtension.impl.model.sourceSetModel.GradleSourceSetSerialisationService$SourceSetModelWriteContext: loaded 8 times (x 72B)
Class org.jetbrains.plugins.gradle.tooling.serialization.ExternalTestsSerializationService: loaded 8 times (x 77B)
Class com.amazon.ion.IonLob                                                           : loaded 8 times (x 70B)
Class com.amazon.ion.IonBlob                                                          : loaded 8 times (x 70B)
Class com.amazon.ion.IonSequence                                                      : loaded 8 times (x 70B)
Class com.amazon.ion.impl.bin.IonRawBinaryWriter$PatchPoint                           : loaded 8 times (x 73B)
Class com.amazon.ion.impl._Private_RecyclingQueue$Recycler                            : loaded 8 times (x 70B)
Class com.intellij.gradle.toolingExtension.impl.model.projectModel.GradleExternalProjectSerializationService: loaded 8 times (x 77B)
Class com.amazon.ion.impl._Private_IonBinaryWriterBuilder$Mutable                     : loaded 8 times (x 115B)
Class com.amazon.ion.impl.bin.IonRawBinaryWriter$StreamCloseMode                      : loaded 8 times (x 79B)
Class org.jetbrains.plugins.gradle.model.tests.ExternalTestsModel                     : loaded 8 times (x 70B)
Class com.amazon.ion.IonDecimal                                                       : loaded 8 times (x 70B)
Class com.amazon.ion.BufferConfiguration$OversizedValueHandler                        : loaded 8 times (x 70B)
Class com.amazon.ion.impl._Private_IonSystem                                          : loaded 8 times (x 70B)
Class com.amazon.ion.impl.bin.IonManagedBinaryWriter$UserState$3                      : loaded 8 times (x 85B)
Class com.amazon.ion.util.GzipStreamInterceptor                                       : loaded 8 times (x 85B)
Class com.amazon.ion.IonException                                                     : loaded 8 times (x 84B)
Class org.jetbrains.plugins.gradle.tooling.util.IntObjectMap$ObjectFactory            : loaded 8 times (x 70B)
Class com.amazon.ion.impl.bin.utf8.Utf8StringEncoderPool                              : loaded 8 times (x 74B)
Class org.jetbrains.plugins.gradle.model.GradleConfiguration                          : loaded 8 times (x 70B)
Class com.intellij.gradle.toolingExtension.impl.model.dependencyModel.DependencyWriteContext: loaded 8 times (x 72B)
Class com.intellij.gradle.toolingExtension.impl.model.projectModel.GradleExternalProjectSerializationService$ReadContext: loaded 8 times (x 73B)
Class com.amazon.ion.impl._Private_Utils                                              : loaded 8 times (x 71B)
Class gnu.trove.TObjectCanonicalHashingStrategy                                       : loaded 8 times (x 78B)
Class org.jetbrains.plugins.gradle.model.GradleProperty                               : loaded 8 times (x 70B)
Class com.intellij.gradle.toolingExtension.model.repositoryModel.ProjectRepositoriesModel: loaded 8 times (x 70B)
Class com.amazon.ion.IonLoader                                                        : loaded 8 times (x 70B)
Class com.amazon.ion.IonBool                                                          : loaded 8 times (x 70B)
Class com.amazon.ion.impl.bin.utf8.Utf8StringEncoder                                  : loaded 8 times (x 80B)
Class [Lcom.amazon.ion.impl.bin.IonManagedBinaryWriter$UserState;                     : loaded 8 times (x 69B)
Class com.amazon.ion.SubstituteSymbolTableException                                   : loaded 8 times (x 84B)
Class com.amazon.ion.IonNumber                                                        : loaded 8 times (x 70B)
Class com.amazon.ion.impl.lite.IonTextLite                                            : loaded 8 times (x 181B)
Class com.amazon.ion.impl.lite.IonLobLite                                             : loaded 8 times (x 184B)
Class org.jetbrains.plugins.gradle.tooling.ModelBuilderService$Parameter              : loaded 8 times (x 70B)
Class com.amazon.ion.IonClob                                                          : loaded 8 times (x 70B)
Class com.amazon.ion.impl.bin.IonManagedBinaryWriter$ImportDescriptor                 : loaded 8 times (x 76B)
Class com.amazon.ion.IonReader                                                        : loaded 8 times (x 70B)
Class org.jetbrains.plugins.gradle.model.AnnotationProcessingConfig                   : loaded 8 times (x 70B)
Class com.amazon.ion.system.IonReaderBuilder                                          : loaded 8 times (x 95B)
Class org.jetbrains.plugins.gradle.tooling.util.ObjectCollector$Processor             : loaded 8 times (x 70B)
Class com.amazon.ion.SymbolTable                                                      : loaded 8 times (x 70B)
Class com.amazon.ion.impl.bin.AbstractIonWriter                                       : loaded 8 times (x 161B)
Class com.amazon.ion.impl.SymbolTableAsStruct                                         : loaded 8 times (x 70B)
Class com.amazon.ion.impl._Private_Utils$1                                            : loaded 8 times (x 89B)
Class com.amazon.ion.impl.lite.IonSequenceLite                                        : loaded 8 times (x 432B)
Class com.android.ide.gradle.model.dependencies.Coordinates                           : loaded 8 times (x 70B)
Class org.jetbrains.plugins.gradle.model.GradleSourceSetModel                         : loaded 8 times (x 70B)
Class com.intellij.gradle.toolingExtension.impl.model.sourceSetDependencyModel.GradleSourceSetDependencySerialisationService: loaded 8 times (x 77B)
Class org.jetbrains.plugins.gradle.tooling.serialization.internal.IdeaProjectSerializationService$WriteContext: loaded 8 times (x 72B)
Class com.amazon.ion.impl.bin.BlockAllocatorProvider                                  : loaded 8 times (x 72B)
Class com.amazon.ion.impl.bin.AbstractIonWriter$WriteValueOptimization                : loaded 8 times (x 79B)
Class org.jetbrains.plugins.gradle.tooling.serialization.ExternalTestsSerializationService$ReadContext: loaded 8 times (x 72B)
Class com.amazon.ion.impl.BlockedBuffer$BufferedOutputStream                          : loaded 8 times (x 90B)
Class com.amazon.ion.impl.bin.IonBinaryWriterAdapter$Factory                          : loaded 8 times (x 70B)
Class [Lcom.amazon.ion.SymbolTable;                                                   : loaded 8 times (x 69B)
Class com.amazon.ion.impl.bin.IonRawBinaryWriter$1                                    : loaded 8 times (x 77B)
Class org.jetbrains.plugins.gradle.model.UnresolvedExternalDependency                 : loaded 8 times (x 70B)
Class com.amazon.ion.system.IonWriterBuilderBase                                      : loaded 8 times (x 83B)
Class com.amazon.ion.impl.bin.IonManagedBinaryWriter$UserState$4                      : loaded 8 times (x 85B)
Class com.amazon.ion.system.IonBinaryWriterBuilder                                    : loaded 8 times (x 99B)
Class org.jetbrains.plugins.gradle.model.AnnotationProcessingModel                    : loaded 8 times (x 70B)
Class org.jetbrains.plugins.gradle.model.GradleExtensions                             : loaded 8 times (x 70B)
Class com.amazon.ion.impl._Private_RecyclingQueue                                     : loaded 8 times (x 80B)
Class com.amazon.ion.impl.bin.BlockAllocator                                          : loaded 8 times (x 80B)
Class com.amazon.ion.impl.IonWriterSystemTextMarkup                                   : loaded 8 times (x 192B)
Class org.jetbrains.plugins.gradle.model.GradleBuildScriptClasspathModel              : loaded 8 times (x 70B)
Class com.amazon.ion.IonStruct                                                        : loaded 8 times (x 70B)
Class com.amazon.ion.impl.bin.IonManagedBinaryWriter$SymbolState                      : loaded 8 times (x 80B)
Class com.amazon.ion.UnsupportedIonVersionException                                   : loaded 8 times (x 85B)
Class [Lcom.amazon.ion.impl.bin.IonRawBinaryWriter$StreamFlushMode;                   : loaded 8 times (x 69B)
Class org.jetbrains.plugins.gradle.tooling.util.IntObjectMap$1                        : loaded 8 times (x 77B)
Class com.intellij.gradle.toolingExtension.impl.model.taskModel.GradleTaskSerialisationService: loaded 8 times (x 76B)
Class com.amazon.ion.system.SimpleCatalog                                             : loaded 8 times (x 91B)
Class com.amazon.ion.BufferConfiguration                                              : loaded 8 times (x 73B)
Class com.android.ide.gradle.model.LegacyV1AgpVersionModel                            : loaded 8 times (x 70B)
Class org.jetbrains.plugins.gradle.model.GradleSourceSetDependencyModel               : loaded 8 times (x 70B)
Class com.amazon.ion.IonString                                                        : loaded 8 times (x 70B)
Class com.intellij.gradle.toolingExtension.impl.model.utilDummyModel.DummyModel       : loaded 8 times (x 70B)
Class org.jetbrains.plugins.gradle.model.FileCollectionDependency                     : loaded 8 times (x 70B)
Class com.amazon.ion.impl.lite.IonTimestampLite                                       : loaded 8 times (x 192B)
Class com.amazon.ion.impl.LocalSymbolTableAsStruct                                    : loaded 8 times (x 126B)
Class com.intellij.gradle.toolingExtension.impl.model.buildScriptClasspathModel.GradleBuildScriptClasspathSerializationService: loaded 8 times (x 77B)
Class com.amazon.ion.impl.bin.IonManagedBinaryWriter$ImportedSymbolResolverMode       : loaded 8 times (x 80B)
Class com.amazon.ion.impl.LocalSymbolTable$Factory                                    : loaded 8 times (x 77B)
Class com.amazon.ion.IonFloat                                                         : loaded 8 times (x 70B)
Class com.amazon.ion.impl.lite.IonListLite                                            : loaded 8 times (x 490B)
Class com.amazon.ion.impl.lite.IonSexpLite                                            : loaded 8 times (x 490B)
Class [Lcom.amazon.ion.impl.bin.IonRawBinaryWriter$PreallocationMode;                 : loaded 8 times (x 69B)
Class com.amazon.ion.util._Private_FastAppendable                                     : loaded 8 times (x 70B)
Class org.jetbrains.plugins.gradle.javaModel.JavaGradleManifestModel                  : loaded 8 times (x 70B)
Class com.amazon.ion.impl._Private_IonReaderBuilder$TwoElementInputStream             : loaded 8 times (x 92B)
Class com.amazon.ion.impl.lite.ContainerlessContext                                   : loaded 8 times (x 80B)
Class com.amazon.ion.impl.lite.IonIntLite                                             : loaded 8 times (x 189B)
Class com.intellij.gradle.toolingExtension.impl.model.sourceSetModel.GradleSourceSetSerialisationService: loaded 8 times (x 77B)
Class com.amazon.ion.impl.bin.IonManagedBinaryWriter$ImportedSymbolContext            : loaded 8 times (x 72B)
Class com.amazon.ion.IonSystem                                                        : loaded 8 times (x 70B)
Class org.jetbrains.plugins.gradle.tooling.serialization.internal.adapter.Supplier    : loaded 8 times (x 70B)
Class com.amazon.ion.IonList                                                          : loaded 8 times (x 70B)
Class org.jetbrains.plugins.gradle.tooling.serialization.SerializationService         : loaded 8 times (x 70B)
Class com.amazon.ion.impl.LocalSymbolTable                                            : loaded 8 times (x 121B)
Class org.jetbrains.plugins.gradle.tooling.serialization.GradleExtensionsSerializationService$ReadContext: loaded 8 times (x 72B)
Class org.jetbrains.plugins.gradle.tooling.serialization.GradleExtensionsSerializationService$WriteContext: loaded 8 times (x 72B)
Class org.jetbrains.plugins.gradle.tooling.serialization.internal.IdeaProjectSerializationService$WriteContext$8: loaded 8 times (x 83B)
Class com.amazon.ion.impl.bin.IonManagedBinaryWriter                                  : loaded 8 times (x 166B)
Class com.amazon.ion.impl.bin.WriteBuffer                                             : loaded 8 times (x 78B)
Class org.jetbrains.plugins.gradle.tooling.serialization.internal.IdeaProjectSerializationService$WriteContext$7: loaded 8 times (x 83B)
Class org.jetbrains.plugins.gradle.model.RepositoryModels                             : loaded 8 times (x 70B)
Class com.amazon.ion.impl.lite.ValueFactoryLite                                       : loaded 8 times (x 218B)
Class org.jetbrains.plugins.gradle.tooling.util.IntObjectMap                          : loaded 8 times (x 73B)
Class org.jetbrains.plugins.gradle.tooling.serialization.internal.IdeaProjectSerializationService$WriteContext$6: loaded 8 times (x 83B)
Class com.amazon.ion.IonType                                                          : loaded 8 times (x 79B)
Class com.amazon.ion.impl.lite._Private_LiteDomTrampoline                             : loaded 8 times (x 71B)
Class com.amazon.ion.impl._Private_RecyclingQueue$ElementIterator                     : loaded 8 times (x 82B)
Class com.amazon.ion.impl.bin.IntList                                                 : loaded 8 times (x 77B)
Class com.intellij.gradle.toolingExtension.impl.model.sourceSetDependencyModel.GradleSourceSetDependencySerialisationService$SourceSetDependencyModelWriteContext: loaded 8 times (x 72B)
Class org.jetbrains.plugins.gradle.tooling.serialization.internal.IdeaProjectSerializationService$WriteContext$5: loaded 8 times (x 83B)
Class com.intellij.gradle.toolingExtension.util.GradleVersionSpecificsUtil            : loaded 8 times (x 71B)
Class com.amazon.ion.BufferConfiguration$Builder                                      : loaded 8 times (x 78B)
Class com.intellij.gradle.toolingExtension.impl.model.sourceSetDependencyModel.GradleSourceSetDependencySerialisationService$Companion: loaded 8 times (x 71B)
Class org.jetbrains.plugins.gradle.tooling.serialization.internal.IdeaProjectSerializationService$WriteContext$4: loaded 8 times (x 83B)
Class org.jetbrains.kotlin.idea.gradleTooling.AndroidAwareGradleModelProvider         : loaded 8 times (x 79B)
Class com.intellij.gradle.toolingExtension.impl.model.taskModel.GradleTaskSerialisationService$Companion: loaded 8 times (x 71B)
Class org.jetbrains.kotlin.idea.gradleTooling.AndroidAwareGradleModelProvider$Companion: loaded 8 times (x 71B)
Class org.jetbrains.plugins.gradle.tooling.serialization.internal.IdeaProjectSerializationService$WriteContext$3: loaded 8 times (x 83B)
Class [Lcom.amazon.ion.impl.bin.IonRawBinaryWriter$StreamCloseMode;                   : loaded 8 times (x 69B)
Class com.amazon.ion.impl.lite.IonSymbolLite                                          : loaded 8 times (x 246B)
Class org.jetbrains.plugins.gradle.tooling.serialization.AnnotationProcessingModelSerializationService$ReadContext: loaded 8 times (x 72B)
Class com.amazon.ion.impl.bin.IonManagedBinaryWriter$ImportedSymbolResolverMode$1     : loaded 8 times (x 80B)
Class com.intellij.util.containers.IntObjectHashMap$ArrayProducer                     : loaded 8 times (x 70B)
Class com.amazon.ion.impl.bin.PooledBlockAllocatorProvider                            : loaded 8 times (x 73B)
Class com.amazon.ion.IonContainer                                                     : loaded 8 times (x 70B)
Class com.amazon.ion.impl.lite.IonValueLite                                           : loaded 8 times (x 147B)
Class com.amazon.ion.impl._Private_IonSymbol                                          : loaded 8 times (x 70B)
Class com.android.ide.gradle.model.LegacyAndroidGradlePluginProperties                : loaded 8 times (x 70B)
Class org.jetbrains.plugins.gradle.tooling.serialization.internal.IdeaProjectSerializationService$WriteContext$2: loaded 8 times (x 83B)
Class com.amazon.ion.impl._Private_SymtabExtendsCache                                 : loaded 8 times (x 72B)
Class com.amazon.ion.impl.bin.utf8.Pool                                               : loaded 8 times (x 74B)
Class [Lcom.amazon.ion.impl.bin.IonManagedBinaryWriter$SymbolState;                   : loaded 8 times (x 69B)
Class org.jetbrains.plugins.gradle.model.ExternalProject                              : loaded 8 times (x 70B)
Class org.jetbrains.plugins.gradle.tooling.serialization.internal.IdeaProjectSerializationService$WriteContext$1: loaded 8 times (x 83B)
Class [Lcom.amazon.ion.util.InputStreamInterceptor;                                   : loaded 8 times (x 69B)
Class com.amazon.ion.impl.bin.IonManagedBinaryWriter$SymbolState$4                    : loaded 8 times (x 80B)
Class com.amazon.ion.UnexpectedEofException                                           : loaded 8 times (x 84B)
Class com.intellij.gradle.toolingExtension.impl.model.sourceSetArtifactIndex.GradleSourceSetArtifactBuildRequest: loaded 8 times (x 70B)
Class com.amazon.ion.IonBinaryWriter                                                  : loaded 8 times (x 70B)
Class com.amazon.ion.impl.bin.IonRawBinaryWriter$StreamFlushMode                      : loaded 8 times (x 79B)
Class com.amazon.ion.impl.bin.IonManagedBinaryWriter$SymbolState$3                    : loaded 8 times (x 80B)
Class com.amazon.ion.impl.bin.IonRawBinaryWriter$ContainerInfo                        : loaded 8 times (x 74B)
Class com.intellij.gradle.toolingExtension.impl.model.warmUp.GradleTaskWarmUpRequest  : loaded 8 times (x 70B)
Class com.amazon.ion.IonNull                                                          : loaded 8 times (x 70B)
Class com.amazon.ion.impl.bin.IonManagedBinaryWriter$SymbolState$2                    : loaded 8 times (x 80B)
Class org.jetbrains.plugins.gradle.model.ExternalSourceSet                            : loaded 8 times (x 70B)
Class org.jetbrains.plugins.gradle.model.ProjectImportModelProvider                   : loaded 8 times (x 70B)
Class com.android.ide.gradle.model.LegacyAndroidGradlePluginPropertiesModelParameters : loaded 8 times (x 70B)
Class com.amazon.ion.IonSexp                                                          : loaded 8 times (x 70B)
Class com.intellij.gradle.toolingExtension.impl.model.dependencyModel.DependencyReadContext: loaded 8 times (x 72B)
Class com.amazon.ion.impl.bin.IonManagedBinaryWriter$ImportedSymbolResolverMode$2     : loaded 8 times (x 80B)
Class com.intellij.gradle.toolingExtension.impl.model.sourceSetDependencyModel.GradleSourceSetDependencySerialisationService$SourceSetDependencyModelReadContext: loaded 8 times (x 72B)
Class org.jetbrains.plugins.gradle.model.VersionCatalogsModel                         : loaded 8 times (x 70B)
Class [Lcom.amazon.ion.IonType;                                                       : loaded 8 times (x 69B)
Class com.amazon.ion.impl.LocalSymbolTableAsStruct$Factory                            : loaded 8 times (x 79B)
Class com.amazon.ion.impl.bin.IonManagedBinaryWriter$SymbolState$1                    : loaded 8 times (x 80B)
Class com.amazon.ion.ReadOnlyValueException                                           : loaded 8 times (x 84B)
Class com.intellij.util.containers.IntObjectHashMap                                   : loaded 8 times (x 72B)
Class org.jetbrains.plugins.gradle.model.ExternalDependency                           : loaded 8 times (x 70B)
Class org.jetbrains.plugins.gradle.model.IntelliJProjectSettings                      : loaded 8 times (x 70B)
Class com.amazon.ion.UnknownSymbolException                                           : loaded 8 times (x 86B)
Class com.android.ide.gradle.model.composites.BuildMap                                : loaded 8 times (x 70B)
Class com.amazon.ion.impl._Private_LocalSymbolTable                                   : loaded 8 times (x 70B)
Class com.amazon.ion.impl.bin.IonRawBinaryWriter$ThrowingRunnable                     : loaded 8 times (x 70B)
Class com.amazon.ion.impl.bin.IonManagedBinaryWriter$LocalSymbolTableView             : loaded 8 times (x 107B)
Class com.amazon.ion.impl._Private_RecyclingStack$Recycler                            : loaded 8 times (x 70B)
Class com.android.ide.gradle.model.ArtifactIdentifier                                 : loaded 8 times (x 70B)
Class org.jetbrains.plugins.gradle.tooling.serialization.ExternalTestsSerializationService$WriteContext: loaded 8 times (x 72B)
Class org.jetbrains.kotlin.idea.gradleTooling.KotlinGradleModel                       : loaded 8 times (x 70B)
Class com.amazon.ion.impl.bin.IonManagedBinaryWriter$SymbolResolverBuilder            : loaded 8 times (x 70B)
Class com.amazon.ion.system.IonSystemBuilder$Mutable                                  : loaded 8 times (x 75B)
Class org.jetbrains.plugins.gradle.tooling.serialization.KotlinDslScriptsModelSerializationService: loaded 8 times (x 81B)
Class org.jetbrains.plugins.gradle.model.ExternalProjectDependency                    : loaded 8 times (x 70B)
Class com.amazon.ion.impl._Private_IonWriterBase                                      : loaded 8 times (x 162B)
Class org.jetbrains.kotlin.idea.projectModel.KotlinTaskProperties                     : loaded 8 times (x 70B)
Class [Lcom.amazon.ion.SymbolToken;                                                   : loaded 8 times (x 69B)
Class org.jetbrains.plugins.gradle.tooling.serialization.internal.IdeaProjectSerializationService: loaded 8 times (x 77B)
Class com.intellij.gradle.toolingExtension.impl.model.projectModel.GradleExternalProjectSerializationService$WriteContext: loaded 8 times (x 73B)
Class com.amazon.ion.impl.bin._Private_IonManagedBinaryWriterBuilder                  : loaded 8 times (x 72B)
Class com.amazon.ion.impl._Private_IonWriter                                          : loaded 8 times (x 70B)
Class com.amazon.ion.impl.bin.IonManagedBinaryWriter$UserState                        : loaded 8 times (x 85B)
Class com.amazon.ion.system.IonSystemBuilder                                          : loaded 8 times (x 75B)
Class org.jetbrains.plugins.gradle.tooling.serialization.RepositoriesModelSerializationService$ReadContext: loaded 8 times (x 72B)
Class [Lcom.amazon.ion.impl.bin.AbstractIonWriter$WriteValueOptimization;             : loaded 8 times (x 69B)
Class com.amazon.ion.IonCatalog                                                       : loaded 8 times (x 70B)
Class org.jetbrains.plugins.gradle.tooling.serialization.RepositoriesModelSerializationService: loaded 8 times (x 82B)
Class com.amazon.ion.impl.bin.Symbols                                                 : loaded 8 times (x 71B)
Class com.amazon.ion.IonBufferConfiguration                                           : loaded 8 times (x 73B)
Class com.android.ide.gradle.model.artifacts.AdditionalClassifierArtifactsModel       : loaded 8 times (x 70B)
Class org.jetbrains.plugins.gradle.tooling.serialization.ProjectDependenciesSerializationService$ReadContext: loaded 8 times (x 72B)
Class com.intellij.openapi.externalSystem.model.project.dependencies.ProjectDependencies: loaded 8 times (x 70B)
Class com.intellij.openapi.externalSystem.model.project.IExternalSystemSourceType     : loaded 8 times (x 70B)
Class com.amazon.ion.impl._Private_IonReaderBuilder$Mutable                           : loaded 8 times (x 97B)
Class [Lcom.amazon.ion.util.GzipStreamInterceptor;                                    : loaded 8 times (x 69B)
Class org.jetbrains.plugins.gradle.tooling.util.ObjectCollector                       : loaded 8 times (x 72B)
Class org.jetbrains.plugins.gradle.model.GradleTaskModel                              : loaded 8 times (x 70B)
Class com.amazon.ion.impl.bin._Private_IonManagedBinaryWriterBuilder$AllocatorMode    : loaded 8 times (x 80B)
Class com.amazon.ion.impl._Private_SymbolToken                                        : loaded 8 times (x 70B)
Class com.amazon.ion.impl.bin.IonManagedBinaryWriter$SymbolResolver                   : loaded 8 times (x 70B)
Class com.amazon.ion.BufferConfiguration$DataHandler                                  : loaded 8 times (x 70B)
Class com.amazon.ion.ValueFactory                                                     : loaded 8 times (x 70B)
Class [Lcom.amazon.ion.impl.bin.IonManagedBinaryWriter$ImportedSymbolResolverMode;    : loaded 8 times (x 69B)
Class com.amazon.ion.impl.IonWriterSystemText                                         : loaded 8 times (x 190B)
Class com.amazon.ion.impl.lite.IonContext                                             : loaded 8 times (x 70B)
Class com.amazon.ion.impl.lite.IonLoaderLite                                          : loaded 8 times (x 82B)
Class com.amazon.ion.impl.bin.utf8.Utf8StringEncoderPool$1                            : loaded 8 times (x 76B)
Class org.jetbrains.plugins.gradle.model.ExternalTask                                 : loaded 8 times (x 70B)
Class com.amazon.ion.impl._Private_IonBinaryWriterBuilder                             : loaded 8 times (x 115B)
Class com.amazon.ion.impl.bin.Block                                                   : loaded 8 times (x 79B)
Class com.amazon.ion.impl.lite.IonStringLite                                          : loaded 8 times (x 212B)
Class com.amazon.ion.impl.bin.PooledBlockAllocatorProvider$PooledBlockAllocator$1     : loaded 8 times (x 79B)
Class com.amazon.ion.impl.lite.IonSystemLite                                          : loaded 8 times (x 275B)
Class com.amazon.ion.util.InputStreamInterceptor                                      : loaded 8 times (x 70B)
Class com.amazon.ion.impl.bin.IonRawBinaryWriter$PreallocationMode                    : loaded 8 times (x 82B)
Class com.amazon.ion.impl.bin._Private_IonRawWriter                                   : loaded 8 times (x 70B)
Class com.amazon.ion.IonWriter                                                        : loaded 8 times (x 70B)
Class com.intellij.util.ThrowableConsumer                                             : loaded 8 times (x 70B)
Class com.intellij.gradle.toolingExtension.impl.model.buildScriptClasspathModel.GradleBuildScriptClasspathSerializationService$WriteContext: loaded 8 times (x 72B)
Class com.intellij.gradle.toolingExtension.impl.model.utilTurnOffDefaultTasksModel.TurnOffDefaultTasks: loaded 8 times (x 70B)
Class com.amazon.ion.IonMutableCatalog                                                : loaded 8 times (x 70B)
Class com.amazon.ion.impl._Private_IonReaderBuilder                                   : loaded 8 times (x 97B)
Class com.amazon.ion.impl._Private_RecyclingStack                                     : loaded 8 times (x 79B)
Class org.jetbrains.plugins.gradle.ExternalDependencyId                               : loaded 8 times (x 70B)
Class org.jetbrains.plugins.gradle.tooling.serialization.internal.IdeaProjectSerializationService$ReadContext: loaded 8 times (x 72B)
Class com.amazon.ion.impl.bin._Private_IonManagedBinaryWriterBuilder$AllocatorMode$2  : loaded 8 times (x 80B)
Class com.amazon.ion.impl._Private_IonTextWriterBuilder                               : loaded 8 times (x 102B)
Class com.amazon.ion.impl.lite.IonFloatLite                                           : loaded 8 times (x 186B)
Class com.amazon.ion.impl.bin.IonManagedBinaryWriter$UserState$1                      : loaded 8 times (x 85B)
Class org.jetbrains.plugins.gradle.tooling.serialization.ProjectDependenciesSerializationService: loaded 8 times (x 77B)
Class org.jetbrains.plugins.gradle.tooling.serialization.ProjectDependenciesSerializationService$WriteContext: loaded 8 times (x 72B)
Class com.amazon.ion.impl.bin._Private_IonManagedBinaryWriterBuilder$AllocatorMode$1  : loaded 8 times (x 80B)
Class com.amazon.ion.Decimal                                                          : loaded 8 times (x 133B)
Class com.amazon.ion.impl.bin.AbstractSymbolTable                                     : loaded 8 times (x 107B)
Class com.amazon.ion.impl._Private_ReaderWriter                                       : loaded 8 times (x 70B)
Class com.amazon.ion.impl.lite.IonStructLite                                          : loaded 8 times (x 298B)
Class com.intellij.compose.ide.plugin.gradleTooling.rt.ComposeResourcesModel          : loaded 8 times (x 70B)
Class org.jetbrains.kotlin.idea.gradleTooling.KotlinGradlePluginVersion               : loaded 8 times (x 70B)
Class com.intellij.gradle.toolingExtension.impl.util.collectionUtil.GradleCollections : loaded 8 times (x 71B)
Class org.jetbrains.plugins.gradle.tooling.serialization.AnnotationProcessingModelSerializationService$WriteContext: loaded 8 times (x 72B)
Class com.amazon.ion.IonSymbol                                                        : loaded 8 times (x 70B)
Class com.amazon.ion.impl.bin.utf8.Poolable                                           : loaded 8 times (x 79B)
Class com.amazon.ion.facet.Faceted                                                    : loaded 8 times (x 70B)
Class org.jetbrains.plugins.gradle.tooling.serialization.ToolingStreamApiUtils        : loaded 8 times (x 71B)
Class com.amazon.ion.system.IonWriterBuilder                                          : loaded 8 times (x 74B)
Class com.amazon.ion.IonBufferConfiguration$OversizedSymbolTableHandler               : loaded 8 times (x 70B)
Class com.amazon.ion.impl._Private_RecyclingQueue$ElementFactory                      : loaded 8 times (x 70B)
Class com.amazon.ion.impl._Private_IonContainer                                       : loaded 8 times (x 70B)
Class com.intellij.gradle.toolingExtension.impl.model.buildScriptClasspathModel.GradleBuildScriptClasspathSerializationService$ReadContext: loaded 8 times (x 72B)
Class com.amazon.ion.impl.lite.IonContainerLite                                       : loaded 8 times (x 248B)
Class com.google.common.collect.Iterators$SingletonIterator                           : loaded 8 times (x 81B)
Class com.amazon.ion.impl.bin._Private_IonManagedWriter                               : loaded 8 times (x 70B)
Class com.amazon.ion.impl.bin.Symbols$2                                               : loaded 8 times (x 107B)
Class com.amazon.ion.impl.IonWriterSystem                                             : loaded 8 times (x 171B)
Class com.android.ide.gradle.model.GradlePropertiesModel                              : loaded 8 times (x 70B)
Class org.jetbrains.plugins.gradle.tooling.serialization.RepositoriesModelSerializationService$WriteContext: loaded 8 times (x 72B)
Class com.amazon.ion.impl.lite.IonBlobLite                                            : loaded 8 times (x 219B)
Class org.jetbrains.plugins.gradle.model.IntelliJSettings                             : loaded 8 times (x 70B)
Class org.jetbrains.kotlin.idea.gradleTooling.KotlinSourceSetContainer                : loaded 8 times (x 70B)
Class com.amazon.ion.impl._Private_IonTextWriterBuilder$Mutable                       : loaded 8 times (x 102B)
Class com.amazon.ion.impl.bin.IonRawBinaryWriter$ContainerType                        : loaded 8 times (x 79B)
Class com.android.ide.gradle.model.dependencies.DeclaredDependencies                  : loaded 8 times (x 70B)
Class com.amazon.ion.IonValue                                                         : loaded 8 times (x 70B)
Class org.jetbrains.plugins.gradle.model.ExternalLibraryDependency                    : loaded 8 times (x 70B)
Class com.intellij.openapi.externalSystem.model.project.dependencies.ResolutionState  : loaded 8 times (x 79B)
Class com.amazon.ion.impl._Private_ByteTransferSink                                   : loaded 8 times (x 70B)
Class com.amazon.ion.impl.bin.IonManagedBinaryWriter$ImportedSymbolResolverMode$1$1   : loaded 8 times (x 78B)
Class com.amazon.ion.impl._Private_RecyclingStack$ElementFactory                      : loaded 8 times (x 70B)
Class com.amazon.ion.IonDatagram                                                      : loaded 8 times (x 70B)
Class org.jetbrains.plugins.gradle.tooling.serialization.GradleExtensionsSerializationService: loaded 8 times (x 77B)
Class com.amazon.ion.impl.bin.PooledBlockAllocatorProvider$PooledBlockAllocator       : loaded 8 times (x 81B)
Class com.amazon.ion.IonTimestamp                                                     : loaded 8 times (x 70B)
Class com.android.ide.gradle.model.AdditionalClassifierArtifactsModelParameter        : loaded 8 times (x 70B)
Class org.jetbrains.plugins.gradle.model.ClasspathEntryModel                          : loaded 8 times (x 70B)
Class org.jetbrains.kotlin.idea.gradleTooling.KotlinDslScriptAdditionalTask           : loaded 8 times (x 70B)
Class org.jetbrains.kotlin.idea.gradleTooling.model.kapt.KaptGradleModel              : loaded 8 times (x 70B)
Class com.amazon.ion.impl.lite.IonBoolLite                                            : loaded 8 times (x 178B)
Class com.amazon.ion.SymbolToken                                                      : loaded 8 times (x 70B)
Class com.amazon.ion.impl.bin.IonRawBinaryWriter                                      : loaded 8 times (x 169B)
Class com.amazon.ion.impl.SharedSymbolTable                                           : loaded 8 times (x 93B)
Class com.amazon.ion.impl._Private_RecyclingStack$$Iterator                           : loaded 8 times (x 99B)
Class ijKotlinCoroutineJvmDebugInit1_buww37xxpwyrlogzp1suct069$_run_closure1          : loaded 7 times (x 139B)
Class ijKotlinCoroutineJvmDebugInit1_buww37xxpwyrlogzp1suct069$_run_closure1$_closure2: loaded 7 times (x 139B)
Class org.jetbrains.kotlin.tooling.core.KotlinToolingVersion                          : loaded 7 times (x 75B)
Class ijJvmDebugger1_cczc8vxz7m3kxxnoaqupzk0hw$_run_closure1                          : loaded 7 times (x 139B)
Class ijJvmDebugger1_cczc8vxz7m3kxxnoaqupzk0hw                                        : loaded 7 times (x 179B)
Class ijKotlinCoroutineJvmDebugInit1_buww37xxpwyrlogzp1suct069                        : loaded 7 times (x 179B)
Class ijInit1_583rg5s0srppob1w8gtbg54mn                                               : loaded 7 times (x 179B)
Class ijJvmDebugger1_cczc8vxz7m3kxxnoaqupzk0hw$_run_closure1$_closure2                : loaded 7 times (x 140B)
Class org.jetbrains.kotlin.idea.gradleTooling.AbstractKotlinGradleModelBuilder        : loaded 6 times (x 81B)
Class com.android.ide.gradle.model.builder.AndroidStudioToolingPluginKt               : loaded 6 times (x 71B)
Class kotlin.text.StringsKt__StringsKt                                                : loaded 6 times (x 71B)
Class com.intellij.gradle.toolingExtension.impl.model.utilTurnOffDefaultTasksModel.TurnOffDefaultTasksModelBuilder: loaded 6 times (x 86B)
Class kotlin.text.StringsKt__StringNumberConversionsJVMKt                             : loaded 6 times (x 71B)
Class org.jetbrains.kotlin.idea.gradleTooling.reflect.KotlinCompilerArgumentsResolverReflectionImpl: loaded 6 times (x 75B)
Class org.jetbrains.plugins.gradle.DefaultExternalDependencyId                        : loaded 6 times (x 80B)
Class org.jetbrains.plugins.gradle.model.DefaultGradleExtension                       : loaded 6 times (x 80B)
Class org.jetbrains.kotlin.idea.gradleTooling.reflect.KotlinLanguageSettingsReflection: loaded 6 times (x 70B)
Class org.jetbrains.kotlin.idea.gradleTooling.model.noarg.NoArgModelBuilderService    : loaded 6 times (x 85B)
Class com.google.common.collect.SingletonImmutableSet                                 : loaded 6 times (x 146B)
Class kotlin.Metadata                                                                 : loaded 6 times (x 70B)
Class kotlin.sequences.Sequence                                                       : loaded 6 times (x 70B)
Class org.jetbrains.plugins.gradle.tooling.util.GradleContainerUtil                   : loaded 6 times (x 71B)
Class kotlin.UninitializedPropertyAccessException                                     : loaded 6 times (x 82B)
Class com.android.ide.gradle.model.impl.GradlePropertiesModelImpl                     : loaded 6 times (x 80B)
Class com.android.ide.gradle.model.impl.LegacyAndroidGradlePluginPropertiesImpl       : loaded 6 times (x 83B)
Class org.jetbrains.kotlin.idea.gradleTooling.model.annotation.AnnotationBasedPluginModel: loaded 6 times (x 70B)
Class com.intellij.gradle.toolingExtension.impl.model.dependencyDownloadPolicyModel.GradleDependencyDownloadPolicyCache: loaded 6 times (x 75B)
Class org.jetbrains.plugins.gradle.tooling.MessageReporter                            : loaded 6 times (x 70B)
Class com.intellij.compose.ide.plugin.gradleTooling.rt.ComposeResourcesModelBuilder   : loaded 6 times (x 78B)
Class com.google.common.collect.ImmutableList$ReverseImmutableList                    : loaded 6 times (x 209B)
Class com.intellij.gradle.toolingExtension.impl.util.javaPluginUtil.ExtensionJavaPluginAccessor: loaded 6 times (x 82B)
Class org.jetbrains.kotlin.idea.gradleTooling.model.assignment.AssignmentModelBuilderService: loaded 6 times (x 85B)
Class com.intellij.gradle.toolingExtension.impl.model.sourceSetArtifactIndex.GradleSourceSetArtifactIndexBuilder: loaded 6 times (x 86B)
Class org.jetbrains.kotlin.idea.gradleTooling.model.kapt.KaptModelBuilderService      : loaded 6 times (x 86B)
Class com.intellij.openapi.externalSystem.model.project.ExternalSystemSourceType      : loaded 6 times (x 85B)
Class com.intellij.gradle.toolingExtension.impl.javaModel.manifestModel.DefaultJavaGradleManifestModel: loaded 6 times (x 76B)
Class kotlin.NotImplementedError                                                      : loaded 6 times (x 82B)
Class org.jetbrains.plugins.gradle.model.DefaultFileCollectionDependency              : loaded 6 times (x 110B)
Class org.jetbrains.kotlin.idea.gradleTooling.reflect.KotlinSourceSetReflection       : loaded 6 times (x 70B)
Class com.android.ide.gradle.model.builder.LegacyAndroidGradlePluginPropertiesModelBuilder: loaded 6 times (x 80B)
Class kotlin.collections.AbstractList$Companion                                       : loaded 6 times (x 71B)
Class org.jetbrains.plugins.gradle.tooling.builder.VersionCatalogsModelBuilder        : loaded 6 times (x 86B)
Class com.android.ide.gradle.model.builder.LegacyV1AgpVersionModelBuilder             : loaded 6 times (x 75B)
Class org.jetbrains.kotlin.idea.gradleTooling.reflect.KotlinMultiplatformImportReflection: loaded 6 times (x 70B)
Class com.intellij.openapi.externalSystem.model.project.dependencies.AbstractDependencyNode: loaded 6 times (x 87B)
Class com.intellij.gradle.toolingExtension.impl.model.utilDummyModel.DummyModelBuilder: loaded 6 times (x 86B)
Class org.jetbrains.kotlin.idea.gradleTooling.KotlinMPPGradleModelBuilder             : loaded 6 times (x 86B)
Class com.google.common.collect.RegularImmutableSet                                   : loaded 6 times (x 149B)
Class kotlin.sequences.SequencesKt___SequencesKt                                      : loaded 6 times (x 71B)
Class kotlin.collections.SetsKt                                                       : loaded 6 times (x 71B)
Class com.google.common.collect.SingletonImmutableList                                : loaded 6 times (x 207B)
Class com.intellij.gradle.toolingExtension.impl.model.sourceSetModel.DefaultGradleSourceSetModel: loaded 6 times (x 81B)
Class org.jetbrains.kotlin.idea.gradleTooling.reflect.KotlinSourceSetReflectionImpl   : loaded 6 times (x 82B)
Class org.jetbrains.plugins.gradle.tooling.builder.ExternalTestsModelBuilderImpl      : loaded 6 times (x 78B)
Class kotlin.collections.CollectionsKt                                                : loaded 6 times (x 71B)
Class kotlin.text.StringsKt__IndentKt                                                 : loaded 6 times (x 71B)
Class com.android.ide.gradle.model.builder.GradlePluginModelBuilder                   : loaded 6 times (x 75B)
Class org.jetbrains.plugins.gradle.tooling.ModelBuilderService                        : loaded 6 times (x 70B)
Class org.jetbrains.kotlin.idea.gradleTooling.PrepareKotlinIdeaImportTaskModelBuilder$Companion: loaded 6 times (x 71B)
Class org.jetbrains.kotlin.tooling.core.Interner                                      : loaded 6 times (x 70B)
Class com.intellij.gradle.toolingExtension.impl.model.dependencyDownloadPolicyModel.DefaultGradleDependencyDownloadPolicy: loaded 6 times (x 77B)
Class org.jetbrains.kotlin.idea.gradleTooling.model.kapt.KaptSourceSetModelImpl       : loaded 6 times (x 85B)
Class org.jetbrains.plugins.gradle.model.DefaultGradleExtensions                      : loaded 6 times (x 88B)
Class com.google.common.base.CharMatcher$ForPredicate                                 : loaded 6 times (x 113B)
Class com.google.common.base.CharMatcher$AnyOf                                        : loaded 6 times (x 113B)
Class kotlin.collections.CollectionsKt__CollectionsJVMKt                              : loaded 6 times (x 71B)
Class com.android.ide.gradle.model.dependencies.CoordinatesImpl                       : loaded 6 times (x 77B)
Class com.android.ide.gradle.model.dependencies.DeclaredDependenciesModelBuilder$Companion: loaded 6 times (x 71B)
Class com.google.common.collect.ImmutableList$SubList                                 : loaded 6 times (x 209B)
Class org.jetbrains.plugins.gradle.model.DefaultExternalLibraryDependency             : loaded 6 times (x 111B)
Class kotlin.text.StringsKt__StringsJVMKt                                             : loaded 6 times (x 71B)
Class com.intellij.compose.ide.plugin.gradleTooling.rt.ComposeResourcesExtension$Companion: loaded 6 times (x 71B)
Class com.intellij.openapi.externalSystem.model.project.dependencies.ProjectDependencyNodeImpl: loaded 6 times (x 93B)
Class com.intellij.gradle.toolingExtension.impl.model.sourceSetModel.GradleSourceSetResolutionContext: loaded 6 times (x 73B)
Class org.jetbrains.plugins.gradle.model.scala.ScalaModel                             : loaded 6 times (x 70B)
Class org.jetbrains.plugins.gradle.tooling.builder.MavenRepositoriesModelBuilder      : loaded 6 times (x 81B)
Class com.intellij.openapi.externalSystem.model.project.dependencies.UnknownDependencyNode: loaded 6 times (x 87B)
Class org.jetbrains.plugins.gradle.tooling.builder.EarModelBuilderImplKt              : loaded 6 times (x 71B)
Class com.google.common.collect.ImmutableSet$CachingAsList                            : loaded 6 times (x 148B)
Class kotlin.sequences.SequencesKt                                                    : loaded 6 times (x 71B)
Class org.jetbrains.kotlin.idea.gradleTooling.KotlinTasksPropertyUtilsKt              : loaded 6 times (x 71B)
Class org.jetbrains.plugins.gradle.tooling.serialization.internal.adapter.InternalBuildIdentifier: loaded 6 times (x 75B)
Class com.intellij.gradle.toolingExtension.impl.model.dependencyModel.auxiliary.AuxiliaryArtifactResolver: loaded 6 times (x 70B)
Class kotlin.collections.CollectionsKt__IteratorsKt                                   : loaded 6 times (x 71B)
Class com.android.ide.gradle.model.builder.AndroidStudioToolingPlugin                 : loaded 6 times (x 75B)
Class com.intellij.gradle.toolingExtension.impl.model.repositoryModel.DefaultProjectRepositoriesModel: loaded 6 times (x 76B)
Class org.jetbrains.kotlin.idea.gradleTooling.model.annotation.AnnotationBasedPluginModelBuilderService: loaded 6 times (x 85B)
Class com.intellij.gradle.toolingExtension.impl.model.taskModel.GradleTaskModelBuilder: loaded 6 times (x 86B)
Class kotlin.text.StringsKt                                                           : loaded 6 times (x 71B)
Class com.google.common.collect.ImmutableAsList                                       : loaded 6 times (x 209B)
Class org.jetbrains.kotlin.idea.gradleTooling.KotlinMPPGradleModelBinaryBuilder       : loaded 6 times (x 86B)
Class com.google.common.collect.ImmutableSet$SetBuilderImpl                           : loaded 6 times (x 76B)
Class [Lcom.intellij.openapi.externalSystem.model.project.ExternalSystemSourceType;   : loaded 6 times (x 69B)
Class org.jetbrains.kotlin.idea.gradleTooling.model.noarg.NoArgModel                  : loaded 6 times (x 70B)
Class org.jetbrains.plugins.gradle.tooling.ModelBuilderContext                        : loaded 6 times (x 70B)
Class org.jetbrains.plugins.gradle.tooling.builder.ScalaModelBuilderImpl              : loaded 6 times (x 81B)
Class org.jetbrains.kotlin.idea.gradleTooling.KotlinGradlePluginVersion$Companion     : loaded 6 times (x 71B)
Class kotlin.ranges.ClosedRange                                                       : loaded 6 times (x 70B)
Class com.android.ide.gradle.model.impl.GradlePluginModelImpl$Companion               : loaded 6 times (x 71B)
Class com.intellij.gradle.toolingExtension.impl.model.dependencyDownloadPolicyModel.GradleDependencyDownloadPolicyBuilder: loaded 6 times (x 86B)
Class org.jetbrains.plugins.gradle.model.DefaultGradleProperty                        : loaded 6 times (x 78B)
Class com.intellij.gradle.toolingExtension.impl.util.GradleIdeaPluginUtil             : loaded 6 times (x 71B)
Class com.android.ide.gradle.model.dependencies.DeclaredDependenciesModelBuilder      : loaded 6 times (x 75B)
Class org.jetbrains.plugins.gradle.tooling.builder.DependencyAccessorsModelBuilder    : loaded 6 times (x 81B)
Class org.jetbrains.kotlin.idea.gradleTooling.GetAdditionalVisibleSourceSetsKt        : loaded 6 times (x 71B)
Class kotlin.text.StringsKt__StringNumberConversionsKt                                : loaded 6 times (x 71B)
Class [Lorg.jetbrains.kotlin.tooling.core.KotlinToolingVersion$Maturity;              : loaded 6 times (x 69B)
Class org.jetbrains.plugins.gradle.tooling.builder.ProjectExtensionsDataBuilderImpl$Companion: loaded 6 times (x 71B)
Class com.android.ide.gradle.model.builder.LegacyAndroidGradlePluginPropertiesModelBuilder$VariantCollectionProvider$ApplicationVariant: loaded 6 times (x 72B)
Class com.android.ide.gradle.model.builder.LegacyAndroidGradlePluginPropertiesModelBuilder$PluginType: loaded 6 times (x 79B)
Class com.intellij.gradle.toolingExtension.impl.model.dependencyModel.auxiliary.AuxiliaryArtifactResolverImpl: loaded 6 times (x 76B)
Class com.google.common.base.CharMatcher$IsNot                                        : loaded 6 times (x 112B)
Class com.android.ide.gradle.model.builder.LegacyAndroidGradlePluginPropertiesModelBuilder$Companion$MethodCacheKey: loaded 6 times (x 72B)
Class com.intellij.gradle.toolingExtension.impl.model.utilTurnOffDefaultTasksModel.DefaultTurnOffDefaultTasks: loaded 6 times (x 71B)
Class com.intellij.gradle.toolingExtension.impl.model.dependencyGraphModel.GradleDependencyGraphModelBuilder: loaded 6 times (x 82B)
Class com.android.ide.gradle.model.impl.GradlePluginModelImpl                         : loaded 6 times (x 78B)
Class org.jetbrains.kotlin.tooling.core.KotlinToolingVersionKt                        : loaded 6 times (x 71B)
Class org.jetbrains.kotlin.tooling.core.InternerImpl$Store                            : loaded 6 times (x 70B)
Class com.intellij.gradle.toolingExtension.impl.model.buildScriptClasspathModel.GradleBuildScriptClasspathSerializationService$1: loaded 6 times (x 76B)
Class com.intellij.gradle.toolingExtension.impl.modelBuilder.DefaultMessageReporter   : loaded 6 times (x 75B)
Class kotlin.jvm.internal.markers.KMappedMarker                                       : loaded 6 times (x 70B)
Class kotlin.ranges.IntRange                                                          : loaded 6 times (x 93B)
Class org.jetbrains.plugins.gradle.tooling.ModelBuilderService$ParameterizedModelBuilderService: loaded 6 times (x 70B)
Class org.jetbrains.plugins.gradle.tooling.builder.EarModelBuilderImpl                : loaded 6 times (x 86B)
Class com.google.common.base.Function                                                 : loaded 6 times (x 70B)
Class kotlin.enums.EnumEntries                                                        : loaded 6 times (x 70B)
Class org.jetbrains.kotlin.idea.gradleTooling.reflect.TypeToken                       : loaded 6 times (x 72B)
Class com.intellij.gradle.toolingExtension.impl.util.collectionUtil.GradleCollectionVisitor: loaded 6 times (x 70B)
Class com.google.common.base.CharMatcher$IsEither                                     : loaded 6 times (x 112B)
Class org.jetbrains.kotlin.idea.gradleTooling.KotlinDslScriptTaskModelBuilder$Companion: loaded 6 times (x 71B)
Class com.intellij.gradle.toolingExtension.impl.javaModel.manifestModel.JavaGradleManifestModelBuilder: loaded 6 times (x 86B)
Class org.jetbrains.plugins.gradle.tooling.serialization.GradleExtensionsSerializationService$1: loaded 6 times (x 76B)
Class org.jetbrains.kotlin.idea.gradleTooling.reflect.ReflectionReceiver              : loaded 6 times (x 70B)
Class com.google.common.collect.RegularImmutableList                                  : loaded 6 times (x 213B)
Class org.jetbrains.plugins.gradle.tooling.builder.IntelliJSettingsBuilder            : loaded 6 times (x 78B)
Class org.jetbrains.kotlin.idea.gradleTooling.AndroidAwareGradleModelProvider$Result  : loaded 6 times (x 72B)
Class org.jetbrains.kotlin.idea.gradleTooling.reflect.ReflectionKt                    : loaded 6 times (x 71B)
Class com.intellij.gradle.toolingExtension.impl.util.GradleProjectUtil                : loaded 6 times (x 71B)
Class [Lcom.android.ide.gradle.model.builder.LegacyAndroidGradlePluginPropertiesModelBuilder$PluginType;: loaded 6 times (x 69B)
Class com.intellij.gradle.toolingExtension.impl.model.buildScriptClasspathModel.DefaultGradleBuildScriptClasspathModel: loaded 6 times (x 83B)
Class org.jetbrains.kotlin.idea.gradleTooling.AbstractKotlinGradleModelBuilder$Companion: loaded 6 times (x 71B)
Class org.jetbrains.kotlin.idea.gradleTooling.reflect.KotlinSourceSetReflectionImpl$Companion: loaded 6 times (x 71B)
Class com.intellij.gradle.toolingExtension.impl.model.sourceSetDependencyModel.DefaultGradleSourceSetDependencyModel: loaded 6 times (x 77B)
Class com.intellij.gradle.toolingExtension.impl.model.dependencyModel.GradleDependencyTraverser: loaded 6 times (x 80B)
Class kotlin.text.StringsKt__RegexExtensionsJVMKt                                     : loaded 6 times (x 71B)
Class com.intellij.gradle.toolingExtension.impl.model.sourceSetDependencyModel.GradleSourceSetDependencyResolver: loaded 6 times (x 72B)
Class org.jetbrains.plugins.gradle.model.DefaultExternalProject                       : loaded 6 times (x 95B)
Class com.intellij.gradle.toolingExtension.impl.model.sourceSetDependencyModel.GradleSourceSetDependencyModelBuilder: loaded 6 times (x 86B)
Class kotlin.collections.ArraysKt___ArraysJvmKt                                       : loaded 6 times (x 71B)
Class kotlin.collections.CollectionsKt__CollectionsKt                                 : loaded 6 times (x 71B)
Class org.jetbrains.plugins.gradle.model.ear.EarConfiguration                         : loaded 6 times (x 70B)
Class org.jetbrains.kotlin.idea.gradleTooling.reflect.KotlinCompilerArgumentsResolverReflectionKt: loaded 6 times (x 71B)
Class kotlin.internal.ProgressionUtilKt                                               : loaded 6 times (x 71B)
Class org.jetbrains.plugins.gradle.tooling.AbstractModelBuilderService                : loaded 6 times (x 86B)
Class com.intellij.openapi.externalSystem.model.project.dependencies.ArtifactDependencyNodeImpl: loaded 6 times (x 95B)
Class com.google.common.base.CharMatcher$InRange                                      : loaded 6 times (x 112B)
Class com.intellij.gradle.toolingExtension.impl.util.GradleObjectUtil                 : loaded 6 times (x 71B)
Class org.jetbrains.kotlin.idea.gradleTooling.KotlinGradleModelImpl                   : loaded 6 times (x 84B)
Class kotlin.sequences.SequencesKt__SequenceBuilderKt                                 : loaded 6 times (x 71B)
Class org.jetbrains.kotlin.idea.gradleTooling.reflect.GradleReflectionLogger          : loaded 6 times (x 75B)
Class org.jetbrains.kotlin.tooling.core.InternerImpl                                  : loaded 6 times (x 76B)
Class com.intellij.gradle.toolingExtension.impl.util.collectionUtil.GradleCollectionUtil: loaded 6 times (x 71B)
Class kotlin.ranges.IntProgression                                                    : loaded 6 times (x 81B)
Class org.jetbrains.plugins.gradle.tooling.builder.WarModelBuilderImpl                : loaded 6 times (x 86B)
Class com.intellij.gradle.toolingExtension.impl.modelBuilder.ExtraModelBuilder        : loaded 6 times (x 85B)
Class org.jetbrains.plugins.gradle.tooling.serialization.internal.adapter.InternalProjectIdentifier: loaded 6 times (x 76B)
Class kotlin.collections.SetsKt__SetsJVMKt                                            : loaded 6 times (x 71B)
Class org.jetbrains.plugins.gradle.tooling.builder.ProjectRepositoriesModelBuilder    : loaded 6 times (x 78B)
Class org.jetbrains.kotlin.idea.gradleTooling.reflect.Parameter                       : loaded 6 times (x 72B)
Class com.intellij.gradle.toolingExtension.impl.model.sourceSetArtifactIndex.GradleSourceSetArtifactModel: loaded 6 times (x 76B)
Class org.jetbrains.kotlin.idea.gradleTooling.PrepareKotlinIdeaImportTaskModelBuilder$KotlinNativePlatformDependenciesKt: loaded 6 times (x 71B)
Class kotlin.NoWhenBranchMatchedException                                             : loaded 6 times (x 82B)
Class com.intellij.gradle.toolingExtension.impl.model.buildScriptClasspathModel.GradleBuildScriptClasspathModelBuilder: loaded 6 times (x 86B)
Class kotlin.collections.CollectionsKt__ReversedViewsKt                               : loaded 6 times (x 71B)
Class org.jetbrains.kotlin.idea.gradleTooling.model.lombok.LombokModelBuilderService  : loaded 6 times (x 87B)
Class com.android.ide.gradle.model.artifacts.builder.AdditionalClassifierArtifactsModelBuilder: loaded 6 times (x 79B)
Class kotlin.text.StringsKt__RegexExtensionsKt                                        : loaded 6 times (x 71B)
Class org.jetbrains.plugins.gradle.tooling.serialization.GradleExtensionsSerializationService$2: loaded 6 times (x 76B)
Class org.jetbrains.kotlin.idea.gradleTooling.reflect.ParameterList                   : loaded 6 times (x 169B)
Class kotlin.collections.EmptyIterator                                                : loaded 6 times (x 89B)
Class org.jetbrains.kotlin.idea.gradleTooling.KotlinGradlePluginVersionImpl           : loaded 6 times (x 78B)
Class org.jetbrains.plugins.gradle.tooling.serialization.RepositoriesModelSerializationService$1: loaded 6 times (x 76B)
Class kotlin.collections.ArraysKt__ArraysKt                                           : loaded 6 times (x 71B)
Class kotlin.text.StringsKt__StringBuilderKt                                          : loaded 6 times (x 71B)
Class org.jetbrains.kotlin.idea.gradleTooling.OrphanSourceSetImportingChecker         : loaded 6 times (x 74B)
Class org.jetbrains.kotlin.idea.gradleTooling.MultiplatformModelImportingChecker      : loaded 6 times (x 70B)
Class kotlin.sequences.SequencesKt__SequencesJVMKt                                    : loaded 6 times (x 71B)
Class kotlin.collections.ArraysKt__ArraysJVMKt                                        : loaded 6 times (x 71B)
Class kotlin.collections.AbstractList                                                 : loaded 6 times (x 197B)
Class com.google.common.base.Joiner$2                                                 : loaded 6 times (x 80B)
Class com.google.common.base.CharMatcher$1                                            : loaded 6 times (x 114B)
Class com.google.common.base.CharMatcher$NamedFastMatcher                             : loaded 6 times (x 113B)
Class JetGradlePlugin                                                                 : loaded 6 times (x 96B)
Class org.jetbrains.kotlin.idea.gradleTooling.model.parcelize.ParcelizeModelBuilderService: loaded 6 times (x 81B)
Class kotlin.collections.AbstractCollection                                           : loaded 6 times (x 117B)
Class org.jetbrains.kotlin.idea.gradleTooling.reflect.TypeToken$Companion             : loaded 6 times (x 71B)
Class com.android.ide.gradle.model.builder.GradlePropertiesModelBuilder               : loaded 6 times (x 75B)
Class org.jetbrains.plugins.gradle.model.tests.DefaultExternalTestsModel              : loaded 6 times (x 77B)
Class org.jetbrains.kotlin.idea.gradleTooling.reflect.KotlinMultiplatformImportReflectionImpl$Companion: loaded 6 times (x 71B)
Class kotlin.text.StringsKt__StringBuilderJVMKt                                       : loaded 6 times (x 71B)
Class org.jetbrains.plugins.gradle.model.DefaultUnresolvedExternalDependency          : loaded 6 times (x 111B)
Class org.jetbrains.kotlin.idea.gradleTooling.reflect.ReflectionLogger                : loaded 6 times (x 70B)
Class org.jetbrains.kotlin.idea.gradleTooling.model.lombok.LombokModel                : loaded 6 times (x 70B)
Class kotlin.collections.SetsKt__SetsKt                                               : loaded 6 times (x 71B)
Class org.jetbrains.plugins.gradle.tooling.internal.DefaultRepositoryModels           : loaded 6 times (x 76B)
Class com.google.common.base.Joiner$1                                                 : loaded 6 times (x 81B)
Class com.android.ide.gradle.model.composites.BuildMapImpl                            : loaded 6 times (x 75B)
Class com.android.ide.gradle.model.dependencies.DeclaredDependenciesImpl              : loaded 6 times (x 76B)
Class org.jetbrains.plugins.gradle.tooling.serialization.GradleExtensionsSerializationService$3: loaded 6 times (x 76B)
Class org.jetbrains.kotlin.idea.gradleTooling.KotlinTaskPropertiesImpl                : loaded 6 times (x 78B)
Class org.jetbrains.kotlin.idea.gradleTooling.ResolveCompilerArgumentsKt              : loaded 6 times (x 71B)
Class com.google.common.base.CharMatcher                                              : loaded 6 times (x 112B)
Class org.jetbrains.kotlin.idea.gradleTooling.reflect.KotlinMultiplatformImportReflectionImpl: loaded 6 times (x 76B)
Class org.jetbrains.kotlin.idea.gradleTooling.reflect.ReflectionReceiver$Instance     : loaded 6 times (x 77B)
Class kotlin.ranges.RangesKt__RangesKt                                                : loaded 6 times (x 71B)
Class org.jetbrains.plugins.gradle.model.DefaultGradleConfiguration                   : loaded 6 times (x 79B)
Class com.intellij.gradle.toolingExtension.impl.model.dependencyModel.auxiliary.AuxiliaryConfigurationArtifacts: loaded 6 times (x 74B)
Class com.google.common.collect.ImmutableCollection$Builder                           : loaded 6 times (x 76B)
Class kotlin.collections.SetsKt___SetsKt                                              : loaded 6 times (x 71B)
Class kotlin.sequences.SequencesKt__SequencesKt                                       : loaded 6 times (x 71B)
Class com.android.ide.gradle.model.builder.LegacyAndroidGradlePluginPropertiesModelBuilder$Companion: loaded 6 times (x 71B)
Class com.android.ide.gradle.model.builder.LegacyAndroidGradlePluginPropertiesModelBuilder$VariantCollectionProvider: loaded 6 times (x 72B)
Class kotlin.jvm.internal.FunctionBase                                                : loaded 6 times (x 70B)
Class org.jetbrains.plugins.gradle.tooling.util.BooleanBiFunction                     : loaded 6 times (x 70B)
Class kotlin.enums.EnumEntriesList                                                    : loaded 6 times (x 223B)
Class com.intellij.gradle.toolingExtension.impl.model.sourceSetArtifactIndex.GradleSourceSetArtifactIndex: loaded 6 times (x 78B)
Class org.jetbrains.kotlin.idea.gradleTooling.KotlinMPPGradleModelBinary              : loaded 6 times (x 70B)
Class kotlin.ranges.IntProgression$Companion                                          : loaded 6 times (x 71B)
Class com.intellij.gradle.toolingExtension.impl.model.projectModel.GradleExternalProjectModelBuilder: loaded 6 times (x 86B)
Class org.jetbrains.kotlin.idea.gradleTooling.KotlinMPPGradleModelBuilder$Companion   : loaded 6 times (x 71B)
Class com.intellij.openapi.externalSystem.model.project.dependencies.ArtifactDependencyNode: loaded 6 times (x 70B)
Class org.jetbrains.kotlin.idea.gradleTooling.reflect.KotlinAndroidSourceSetInfoReflection: loaded 6 times (x 70B)
Class com.intellij.openapi.externalSystem.model.project.dependencies.DependencyNode   : loaded 6 times (x 70B)
Class kotlin.collections.ArraysKt                                                     : loaded 6 times (x 71B)
Class kotlin.text.CharsKt__CharJVMKt                                                  : loaded 6 times (x 71B)
Class org.jetbrains.kotlin.idea.gradleTooling.UtilsKt                                 : loaded 6 times (x 71B)
Class kotlin.text.CharsKt__CharKt                                                     : loaded 6 times (x 71B)
Class org.jetbrains.kotlin.idea.gradleTooling.KotlinDslScriptTaskModelBuilder         : loaded 6 times (x 86B)
Class com.google.common.base.CharMatcher$BitSetMatcher                                : loaded 6 times (x 113B)
Class com.google.common.collect.ImmutableSet                                          : loaded 6 times (x 145B)
Class org.jetbrains.plugins.gradle.model.DefaultExternalProjectDependency             : loaded 6 times (x 120B)
Class org.jetbrains.kotlin.tooling.core.InternerKt                                    : loaded 6 times (x 71B)
Class org.jetbrains.plugins.gradle.tooling.builder.IntelliJProjectSettingsBuilder     : loaded 6 times (x 78B)
Class kotlin.collections.EmptyList                                                    : loaded 6 times (x 174B)
Class kotlin.collections.MapsKt__MapsJVMKt                                            : loaded 6 times (x 71B)
Class com.google.common.base.CharMatcher$And                                          : loaded 6 times (x 113B)
Class org.jetbrains.plugins.gradle.model.DefaultDependencyAccessorsModel              : loaded 6 times (x 76B)
Class com.android.ide.gradle.model.artifacts.impl.AdditionalClassifierArtifactsModelImpl: loaded 6 times (x 76B)
Class kotlin.ranges.RangesKt___RangesKt                                               : loaded 6 times (x 71B)
Class com.google.common.base.CharMatcher$Is                                           : loaded 6 times (x 112B)
Class org.jetbrains.kotlin.idea.gradleTooling.ModelBuilderUtilsKt                     : loaded 6 times (x 71B)
Class com.google.common.base.CharMatcher$Negated                                      : loaded 6 times (x 114B)
Class kotlin.collections.CollectionsKt___CollectionsJvmKt                             : loaded 6 times (x 71B)
Class org.jetbrains.kotlin.idea.gradleTooling.model.samWithReceiver.SamWithReceiverModelBuilderService: loaded 6 times (x 85B)
Class com.intellij.gradle.toolingExtension.impl.model.sourceSetModel.GradleSourceSetModelBuilder: loaded 6 times (x 86B)
Class com.intellij.gradle.toolingExtension.impl.model.sourceSetModel.GradleSourceSetModelBuilder$3: loaded 6 times (x 83B)
Class com.intellij.openapi.externalSystem.model.project.dependencies.ProjectDependencyNode: loaded 6 times (x 70B)
Class com.intellij.gradle.toolingExtension.impl.model.resourceFilterModel.GradleResourceFilterModelBuilder: loaded 6 times (x 71B)
Class com.intellij.gradle.toolingExtension.impl.model.dependencyModel.GradleDependencyResolver: loaded 6 times (x 72B)
Class org.jetbrains.kotlin.idea.gradleTooling.KotlinGradleModelBuilder                : loaded 6 times (x 86B)
Class com.google.common.base.Joiner                                                   : loaded 6 times (x 80B)
Class kotlin.KotlinNullPointerException                                               : loaded 6 times (x 83B)
Class kotlin.collections.CollectionsKt__IteratorsJVMKt                                : loaded 6 times (x 71B)
Class com.google.common.base.CharMatcher$Or                                           : loaded 6 times (x 113B)
Class kotlin.ranges.OpenEndRange                                                      : loaded 6 times (x 70B)
Class kotlin.TuplesKt                                                                 : loaded 6 times (x 71B)
Class kotlin.Unit                                                                     : loaded 6 times (x 71B)
Class kotlin.sequences.SequencesKt___SequencesJvmKt                                   : loaded 6 times (x 71B)
Class com.android.ide.gradle.model.composites.BuildMapModelBuilder                    : loaded 6 times (x 75B)
Class org.jetbrains.kotlin.idea.gradleTooling.reflect.KotlinSourceSetReflectionKt     : loaded 6 times (x 71B)
Class com.intellij.gradle.toolingExtension.impl.model.warmUp.GradleTaskWarmUpService  : loaded 6 times (x 86B)
Class com.intellij.gradle.toolingExtension.impl.modelBuilder.DefaultModelBuilderContext: loaded 6 times (x 77B)
Class org.jetbrains.plugins.gradle.tooling.MessageReportBuilder                       : loaded 6 times (x 70B)
Class com.intellij.gradle.toolingExtension.impl.model.sourceSetModel.GradleSourceSetModelBuilder$2: loaded 6 times (x 83B)
Class com.intellij.gradle.toolingExtension.impl.initScript.util.GradleLifecycleUtil   : loaded 6 times (x 71B)
Class com.intellij.gradle.toolingExtension.impl.model.utilDummyModel.DefaultDummyModel: loaded 6 times (x 73B)
Class kotlin.ranges.RangesKt                                                          : loaded 6 times (x 71B)
Class com.android.ide.gradle.model.builder.LegacyAndroidGradlePluginPropertiesModelBuilder$VariantCollectionProvider$AndroidTest: loaded 6 times (x 72B)
Class com.android.ide.gradle.model.dependencies.DeclaredDependenciesModelBuilderKt    : loaded 6 times (x 71B)
Class org.jetbrains.kotlin.idea.gradleTooling.model.allopen.AllOpenModelBuilderService: loaded 6 times (x 85B)
Class kotlin.collections.CollectionsKt__IterablesKt                                   : loaded 6 times (x 71B)
Class kotlin.jvm.functions.Function0                                                  : loaded 6 times (x 70B)
Class kotlin.collections.MapsKt                                                       : loaded 6 times (x 71B)
Class kotlin.collections.ArraysUtilJVM                                                : loaded 6 times (x 71B)
Class kotlin.text.StringsKt__AppendableKt                                             : loaded 6 times (x 71B)
Class org.jetbrains.kotlin.idea.gradleTooling.reflect.ReflectionReceiver$Static       : loaded 6 times (x 77B)
Class ijKotlinCoroutineJvmDebugInit1_buww37xxpwyrlogzp1suct069$_run_closure1$_closure3: loaded 6 times (x 139B)
Class org.jetbrains.plugins.gradle.tooling.builder.AnnotationProcessingModelBuilder   : loaded 6 times (x 86B)
Class [Lcom.android.ide.gradle.model.builder.LegacyAndroidGradlePluginPropertiesModelBuilder$VariantCollectionProvider;: loaded 6 times (x 69B)
Class com.intellij.gradle.toolingExtension.impl.model.sourceSetModel.GradleSourceSetModelBuilder$1: loaded 6 times (x 83B)
Class org.jetbrains.kotlin.idea.gradleTooling.model.parcelize.ParcelizeGradleModel    : loaded 6 times (x 70B)
Class com.intellij.gradle.toolingExtension.impl.model.dependencyModel.GradleDependencyResolver$1: loaded 6 times (x 77B)
Class org.jetbrains.kotlin.idea.gradleTooling.PrepareKotlinIdeaImportTaskModelBuilder : loaded 6 times (x 86B)
Class com.google.common.base.CharMatcher$FastMatcher                                  : loaded 6 times (x 112B)
Class kotlin.jvm.functions.Function1                                                  : loaded 6 times (x 70B)
Class kotlin.collections.MapsKt__MapsKt                                               : loaded 6 times (x 71B)
Class kotlin.jvm.internal.Intrinsics                                                  : loaded 6 times (x 71B)
Class org.jetbrains.plugins.gradle.model.DefaultExternalTask                          : loaded 6 times (x 83B)
Class org.jetbrains.plugins.gradle.tooling.builder.WarModelBuilderImplKt              : loaded 6 times (x 71B)
Class com.google.common.base.Predicate                                                : loaded 6 times (x 70B)
Class org.jetbrains.plugins.gradle.tooling.internal.ClasspathEntryModelImpl           : loaded 6 times (x 80B)
Class com.google.common.base.CharMatcher$NegatedFastMatcher                           : loaded 6 times (x 114B)
Class kotlin.collections.MapsKt___MapsJvmKt                                           : loaded 6 times (x 71B)
Class kotlin.collections.EmptyMap                                                     : loaded 6 times (x 108B)
Class org.jetbrains.kotlin.idea.gradleTooling.reflect.ParameterList$Companion         : loaded 6 times (x 71B)
Class com.intellij.gradle.toolingExtension.impl.initScript.util.GradleJvmForkedDebuggerHelper$getTasksToDebug: loaded 6 times (x 146B)
Class kotlin.ranges.IntRange$Companion                                                : loaded 6 times (x 71B)
Class com.intellij.gradle.toolingExtension.impl.initScript.util.GradleJvmForkedDebuggerHelper: loaded 6 times (x 71B)
Class com.intellij.gradle.toolingExtension.impl.initScript.util.GradleTasksUtil       : loaded 6 times (x 71B)
Class com.intellij.gradle.toolingExtension.impl.model.taskModel.DefaultGradleTaskModel: loaded 6 times (x 75B)
Class org.jetbrains.plugins.gradle.tooling.internal.VersionCatalogsModelImpl          : loaded 6 times (x 76B)
Class com.intellij.gradle.toolingExtension.impl.model.buildScriptClasspathModel.GradleBuildScriptClasspathCache: loaded 6 times (x 75B)
Class com.intellij.openapi.externalSystem.model.project.dependencies.ProjectDependenciesImpl: loaded 6 times (x 77B)
Class org.jetbrains.kotlin.idea.gradleTooling.model.samWithReceiver.SamWithReceiverModel: loaded 6 times (x 70B)
Class kotlin.collections.EmptySet                                                     : loaded 6 times (x 122B)
Class kotlin.annotation.Target                                                        : loaded 6 times (x 70B)
Class kotlin.collections.CollectionsKt___CollectionsKt                                : loaded 6 times (x 71B)
Class kotlin.text.CharsKt                                                             : loaded 6 times (x 71B)
Class org.jetbrains.plugins.gradle.tooling.builder.ProjectExtensionsDataBuilderImpl   : loaded 6 times (x 78B)
Class org.jetbrains.plugins.gradle.tooling.util.BiFunction                            : loaded 6 times (x 70B)
Class org.jetbrains.plugins.gradle.model.AbstractExternalDependency                   : loaded 6 times (x 106B)
Class org.jetbrains.kotlin.idea.gradleTooling.model.kapt.KaptGradleModelImpl          : loaded 6 times (x 77B)
Class org.jetbrains.kotlin.idea.gradleTooling.PrepareKotlinIdeaImportTaskModelBuilder$Messages: loaded 6 times (x 71B)
Class com.intellij.gradle.toolingExtension.impl.model.dependencyGraphModel.GradleDependencyReportGenerator: loaded 6 times (x 73B)
Class kotlin.text.StringsKt___StringsJvmKt                                            : loaded 6 times (x 71B)
Class org.jetbrains.plugins.gradle.tooling.serialization.ExternalTestsSerializationService$1: loaded 6 times (x 76B)
Class org.jetbrains.kotlin.idea.gradleTooling.reflect.KotlinCompilerArgumentsResolverReflection: loaded 6 times (x 70B)
Class org.jetbrains.kotlin.tooling.core.InternerImpl$Store$Strong                     : loaded 6 times (x 76B)
Class kotlin.annotation.Retention                                                     : loaded 6 times (x 70B)
Class com.intellij.gradle.toolingExtension.impl.initScript.util.GradleDebuggerUtil    : loaded 6 times (x 71B)
Class kotlin.Function                                                                 : loaded 6 times (x 70B)
Class com.google.common.collect.ImmutableSet$RegularSetBuilderImpl                    : loaded 6 times (x 77B)
Class org.jetbrains.plugins.gradle.model.ModelFactory                                 : loaded 6 times (x 71B)
Class org.jetbrains.plugins.gradle.model.web.WebConfiguration                         : loaded 6 times (x 70B)
Class org.jetbrains.plugins.gradle.tooling.serialization.ToolingStreamApiUtilsKt      : loaded 6 times (x 71B)
Class kotlin.Pair                                                                     : loaded 6 times (x 72B)
Class org.jetbrains.plugins.gradle.tooling.ModelBuilderContext$DataProvider           : loaded 6 times (x 70B)
Class kotlin.collections.MapsKt___MapsKt                                              : loaded 6 times (x 71B)
Class com.google.common.collect.ImmutableList$1                                       : loaded 6 times (x 97B)
Class com.google.common.collect.RegularImmutableAsList                                : loaded 6 times (x 217B)
Class kotlin.collections.ArraysKt___ArraysKt                                          : loaded 6 times (x 71B)
Class com.intellij.gradle.toolingExtension.impl.util.javaPluginUtil.JavaPluginAccessor: loaded 6 times (x 70B)
Class org.jetbrains.kotlin.idea.gradleTooling.reflect.KotlinExtensionReflection       : loaded 6 times (x 72B)
Class org.jetbrains.kotlin.idea.gradleTooling.reflect.KotlinExtensionReflection$Companion: loaded 6 times (x 71B)
Class org.jetbrains.kotlin.tooling.core.KotlinToolingVersion$Maturity                 : loaded 6 times (x 79B)
Class [Lcom.intellij.openapi.externalSystem.model.project.IExternalSystemSourceType;  : loaded 6 times (x 69B)
Class kotlin.collections.MapsKt__MapWithDefaultKt                                     : loaded 6 times (x 71B)
Class [Lorg.jetbrains.kotlin.idea.gradleTooling.reflect.Parameter;                    : loaded 6 times (x 69B)
Class org.jetbrains.kotlin.idea.gradleTooling.model.assignment.AssignmentModel        : loaded 6 times (x 70B)
Class com.intellij.openapi.externalSystem.model.project.dependencies.ComponentDependencies: loaded 6 times (x 70B)
Class com.intellij.compose.ide.plugin.gradleTooling.rt.ComposeResourcesExtension      : loaded 6 times (x 72B)
Class org.jetbrains.plugins.gradle.tooling.ModelBuilderService$Ex                     : loaded 6 times (x 70B)
Class org.jetbrains.kotlin.idea.gradleTooling.model.allopen.AllOpenModel              : loaded 6 times (x 70B)
Class com.intellij.gradle.toolingExtension.impl.model.dependencyModel.GradleDependencyTraverser$Itr: loaded 6 times (x 83B)
Class kotlin.text.StringsKt___StringsKt                                               : loaded 6 times (x 71B)
Class com.intellij.gradle.toolingExtension.impl.util.javaPluginUtil.JavaPluginUtil    : loaded 6 times (x 71B)
Class kotlin.enums.EnumEntriesKt                                                      : loaded 6 times (x 71B)
Class kotlin.collections.CollectionsKt__MutableCollectionsJVMKt                       : loaded 6 times (x 71B)
Class com.google.common.collect.ImmutableList$Builder                                 : loaded 6 times (x 77B)
Class kotlin.collections.CollectionsKt__MutableCollectionsKt                          : loaded 6 times (x 71B)
Class kotlin.Result$Companion                                                         : loaded 5 times (x 71B)
Class [Lkotlin.coroutines.intrinsics.CoroutineSingletons;                             : loaded 5 times (x 69B)
Class kotlin.coroutines.Continuation                                                  : loaded 5 times (x 70B)
Class com.google.common.collect.NullsLastOrdering                                     : loaded 5 times (x 115B)
Class kotlin.jvm.KotlinReflectionNotSupportedError                                    : loaded 5 times (x 82B)
Class kotlin.jvm.internal.FunctionReference                                           : loaded 5 times (x 122B)
Class com.google.common.collect.NaturalOrdering                                       : loaded 5 times (x 115B)
Class kotlin.sequences.SequenceBuilderIterator                                        : loaded 5 times (x 85B)
Class kotlin.jvm.internal.markers.KMutableIterable                                    : loaded 5 times (x 70B)
Class kotlin.sequences.SequenceScope                                                  : loaded 5 times (x 73B)
Class com.google.common.collect.ByFunctionOrdering                                    : loaded 5 times (x 115B)
Class kotlin.coroutines.EmptyCoroutineContext                                         : loaded 5 times (x 77B)
Class com.google.common.collect.NullsFirstOrdering                                    : loaded 5 times (x 115B)
Class kotlin.ResultKt                                                                 : loaded 5 times (x 71B)
Class kotlin.sequences.SequencesKt__SequenceBuilderKt$sequence$$inlined$Sequence$1    : loaded 5 times (x 75B)
Class com.google.common.collect.LexicographicalOrdering                               : loaded 5 times (x 115B)
Class kotlin.reflect.KFunction                                                        : loaded 5 times (x 70B)
Class kotlin.text.Regex                                                               : loaded 5 times (x 72B)
Class kotlin.coroutines.jvm.internal.DebugProbesKt                                    : loaded 5 times (x 71B)
Class kotlin.coroutines.CoroutineContext                                              : loaded 5 times (x 70B)
Class com.google.common.collect.SortedIterable                                        : loaded 5 times (x 70B)
Class kotlin.coroutines.jvm.internal.RestrictedSuspendLambda                          : loaded 5 times (x 91B)
Class com.google.common.collect.CompoundOrdering                                      : loaded 5 times (x 115B)
Class com.google.common.collect.ReverseNaturalOrdering                                : loaded 5 times (x 114B)
Class kotlin.ranges.IntProgressionIterator                                            : loaded 5 times (x 82B)
Class kotlin.coroutines.intrinsics.CoroutineSingletons                                : loaded 5 times (x 79B)
Class kotlin.Result$Failure                                                           : loaded 5 times (x 72B)
Class kotlin.text.Regex$Companion                                                     : loaded 5 times (x 71B)
Class kotlin.jvm.internal.CallableReference$NoReceiver                                : loaded 5 times (x 71B)
Class com.google.common.collect.ComparatorOrdering                                    : loaded 5 times (x 115B)
Class kotlin.collections.AbstractMutableList                                          : loaded 5 times (x 206B)
Class kotlin.Result                                                                   : loaded 5 times (x 72B)
Class kotlin.jvm.functions.Function2                                                  : loaded 5 times (x 70B)
Class com.google.common.collect.ImmutableSortedAsList                                 : loaded 5 times (x 221B)
Class kotlin.jvm.internal.DefaultConstructorMarker                                    : loaded 5 times (x 71B)
Class kotlin.coroutines.intrinsics.IntrinsicsKt__IntrinsicsKt                         : loaded 5 times (x 71B)
Class kotlin.jvm.internal.CollectionToArray                                           : loaded 5 times (x 71B)
Class kotlin.coroutines.intrinsics.IntrinsicsKt                                       : loaded 5 times (x 71B)
Class com.google.common.collect.ExplicitOrdering                                      : loaded 5 times (x 115B)
Class com.google.common.collect.AllEqualOrdering                                      : loaded 5 times (x 114B)
Class com.google.common.collect.Lists$TransformingRandomAccessList                    : loaded 5 times (x 199B)
Class kotlin.reflect.KCallable                                                        : loaded 5 times (x 70B)
Class kotlin.coroutines.jvm.internal.CoroutineStackFrame                              : loaded 5 times (x 70B)
Class kotlin.coroutines.intrinsics.IntrinsicsKt__IntrinsicsJvmKt                      : loaded 5 times (x 71B)
Class kotlin.jvm.internal.markers.KMutableCollection                                  : loaded 5 times (x 70B)
Class JetGradlePlugin$getJetModelBuilderOrRegisterIfAbsent                            : loaded 5 times (x 146B)
Class kotlin.collections.IntIterator                                                  : loaded 5 times (x 82B)
Class kotlin.reflect.KAnnotatedElement                                                : loaded 5 times (x 70B)
Class com.google.common.collect.ReverseOrdering                                       : loaded 5 times (x 115B)
Class JetGradlePlugin$findJetModelBuilder$0                                           : loaded 5 times (x 146B)
Class kotlin.coroutines.jvm.internal.BaseContinuationImpl                             : loaded 5 times (x 87B)
Class kotlin.jvm.internal.CallableReference                                           : loaded 5 times (x 106B)
Class kotlin.jvm.functions.Function4                                                  : loaded 5 times (x 70B)
Class com.google.common.collect.Ordering                                              : loaded 5 times (x 114B)
Class com.google.common.collect.RegularImmutableSortedSet                             : loaded 5 times (x 300B)
Class com.google.common.collect.ImmutableSortedSet                                    : loaded 5 times (x 300B)
Class kotlin.jvm.internal.markers.KMutableList                                        : loaded 5 times (x 70B)
Class com.google.common.collect.UsingToStringOrdering                                 : loaded 5 times (x 114B)
Class kotlin.reflect.KDeclarationContainer                                            : loaded 5 times (x 70B)
Class kotlin.coroutines.jvm.internal.RestrictedContinuationImpl                       : loaded 5 times (x 87B)
Class kotlin.coroutines.jvm.internal.SuspendFunction                                  : loaded 5 times (x 70B)
Class com.google.common.collect.AbstractMapBasedMultimap                              : loaded 4 times (x 139B)
Class com.google.common.base.FunctionalEquivalence                                    : loaded 4 times (x 83B)
Class com.google.common.collect.ImmutableMultimap$Keys                                : loaded 4 times (x 166B)
Class com.google.common.collect.ListMultimap                                          : loaded 4 times (x 70B)
Class com.google.common.collect.ImmutableMultimap$EntryCollection                     : loaded 4 times (x 127B)
Class com.google.common.collect.ImmutableMultiset                                     : loaded 4 times (x 163B)
Class kotlin.LazyKt__LazyJVMKt                                                        : loaded 4 times (x 71B)
Class com.google.common.base.CharMatcher$SingleWidth                                  : loaded 4 times (x 112B)
Class com.google.common.collect.ImmutableSet$EmptySetBuilderImpl                      : loaded 4 times (x 76B)
Class [Lkotlin.Pair;                                                                  : loaded 4 times (x 69B)
Class com.google.common.collect.ImmutableEntry                                        : loaded 4 times (x 82B)
Class [Lcom.google.common.collect.AbstractMapEntry;                                   : loaded 4 times (x 69B)
Class kotlin.collections.AbstractIterator                                             : loaded 4 times (x 83B)
Class com.google.common.collect.Platform                                              : loaded 4 times (x 71B)
Class kotlin.io.FilesKt__FileReadWriteKt                                              : loaded 4 times (x 71B)
Class com.google.common.collect.Sets$4                                                : loaded 4 times (x 139B)
Class com.google.common.base.Converter                                                : loaded 4 times (x 90B)
Class com.google.common.collect.Maps$EntryTransformer                                 : loaded 4 times (x 70B)
Class com.google.common.collect.ImmutableMultimap$Builder                             : loaded 4 times (x 83B)
Class com.google.common.base.Present                                                  : loaded 4 times (x 81B)
Class com.google.common.base.CharMatcher$Digit                                        : loaded 4 times (x 112B)
Class com.google.common.collect.ArrayListMultimap                                     : loaded 4 times (x 172B)
Class com.google.common.collect.Lists$ReverseList                                     : loaded 4 times (x 200B)
Class com.google.common.base.CharMatcher$JavaIsoControl                               : loaded 4 times (x 112B)
Class com.google.common.base.CharMatcher$JavaLetter                                   : loaded 4 times (x 111B)
Class org.gradle.api.GradleException                                                  : loaded 4 times (x 82B)
Class com.google.common.base.Optional                                                 : loaded 4 times (x 80B)
Class com.google.common.base.CharMatcher$RangesMatcher                                : loaded 4 times (x 112B)
Class com.google.common.base.CommonPattern                                            : loaded 4 times (x 74B)
Class com.google.common.base.CharMatcher$Any                                          : loaded 4 times (x 112B)
Class com.google.common.collect.ImmutableMap$Builder                                  : loaded 4 times (x 81B)
Class com.google.common.base.Equivalence$Identity                                     : loaded 4 times (x 82B)
Class com.google.common.collect.ImmutableEnumSet                                      : loaded 4 times (x 146B)
Class com.google.common.collect.CollectPreconditions                                  : loaded 4 times (x 71B)
Class com.google.common.math.IntMath                                                  : loaded 4 times (x 71B)
Class com.google.common.base.NullnessCasts                                            : loaded 4 times (x 71B)
Class com.google.common.base.PairwiseEquivalence                                      : loaded 4 times (x 83B)
Class com.google.common.collect.ImmutableMapEntry                                     : loaded 4 times (x 85B)
Class com.google.common.collect.Iterators$10                                          : loaded 4 times (x 81B)
Class com.google.common.collect.ImmutableMultimap                                     : loaded 4 times (x 147B)
Class com.google.common.base.Suppliers                                                : loaded 4 times (x 71B)
Class com.google.common.collect.ImmutableMapEntry$NonTerminalImmutableMapEntry        : loaded 4 times (x 85B)
Class com.google.common.base.Equivalence                                              : loaded 4 times (x 82B)
Class com.google.common.collect.Sets$1                                                : loaded 4 times (x 139B)
Class com.google.common.collect.RegularImmutableMap$KeySet                            : loaded 4 times (x 150B)
Class com.google.common.base.Platform$JdkPatternCompiler                              : loaded 4 times (x 75B)
Class com.google.common.collect.ImmutableBiMapFauxverideShim                          : loaded 4 times (x 120B)
Class kotlin.io.FilesKt                                                               : loaded 4 times (x 71B)
Class com.google.common.collect.ForwardingObject                                      : loaded 4 times (x 72B)
Class kotlin.sequences.FilteringSequence$iterator$1                                   : loaded 4 times (x 79B)
Class kotlin.io.FilesKt__UtilsKt                                                      : loaded 4 times (x 71B)
Class kotlin.io.FileSystemException                                                   : loaded 4 times (x 82B)
Class com.google.common.collect.ImmutableSet$Builder                                  : loaded 4 times (x 85B)
Class com.google.common.collect.ImmutableMultimap$Values                              : loaded 4 times (x 126B)
Class kotlin.io.FilesKt__FilePathComponentsKt                                         : loaded 4 times (x 71B)
Class kotlin.io.FileAlreadyExistsException                                            : loaded 4 times (x 82B)
Class com.google.common.collect.ImmutableMap                                          : loaded 4 times (x 120B)
Class kotlin.io.TerminateException                                                    : loaded 4 times (x 82B)
Class com.google.common.base.CharMatcher$JavaLowerCase                                : loaded 4 times (x 111B)
Class com.google.common.base.CharMatcher$JavaUpperCase                                : loaded 4 times (x 111B)
Class com.google.common.collect.SortedMapDifference                                   : loaded 4 times (x 70B)
Class com.google.common.collect.ImmutableEnumMap                                      : loaded 4 times (x 125B)
Class com.google.common.collect.Maps                                                  : loaded 4 times (x 71B)
Class kotlin.io.FilesKt__FileTreeWalkKt                                               : loaded 4 times (x 71B)
Class [Lcom.google.common.collect.ImmutableEntry;                                     : loaded 4 times (x 69B)
Class com.google.common.collect.ImmutableMapEntrySet                                  : loaded 4 times (x 151B)
Class kotlin.Lazy                                                                     : loaded 4 times (x 70B)
Class com.google.common.collect.MapDifference                                         : loaded 4 times (x 70B)
Class com.google.common.collect.ImmutableMapEntrySet$RegularEntrySet                  : loaded 4 times (x 151B)
Class com.google.common.collect.Maps$BiMapConverter                                   : loaded 4 times (x 90B)
Class com.google.common.base.Ascii                                                    : loaded 4 times (x 71B)
Class com.google.common.collect.ImmutableMap$MapViewOfValuesAsSingletonSets           : loaded 4 times (x 125B)
Class com.google.common.collect.RegularImmutableMap                                   : loaded 4 times (x 121B)
Class com.google.common.math.MathPreconditions                                        : loaded 4 times (x 71B)
Class com.google.common.collect.ObjectArrays                                          : loaded 4 times (x 71B)
Class kotlin.jvm.internal.Lambda                                                      : loaded 4 times (x 75B)
Class kotlin.io.NoSuchFileException                                                   : loaded 4 times (x 82B)
Class com.google.common.base.Platform                                                 : loaded 4 times (x 71B)
Class com.google.common.collect.ArrayListMultimapGwtSerializationDependencies         : loaded 4 times (x 172B)
Class com.google.common.collect.Multiset                                              : loaded 4 times (x 70B)
Class kotlin.SynchronizedLazyImpl                                                     : loaded 4 times (x 76B)
Class com.google.common.collect.Sets$3                                                : loaded 4 times (x 139B)
Class com.google.common.collect.SingletonImmutableBiMap                               : loaded 4 times (x 143B)
Class com.google.common.collect.AbstractMapEntry                                      : loaded 4 times (x 81B)
Class kotlin.io.FilePathComponents                                                    : loaded 4 times (x 72B)
Class org.gradle.api.Action                                                           : loaded 4 times (x 70B)
Class org.gradle.internal.Cast                                                        : loaded 4 times (x 71B)
Class [Lcom.google.common.collect.ImmutableMapEntry;                                  : loaded 4 times (x 69B)
Class com.google.common.collect.ImmutableSet$JdkBackedSetBuilderImpl                  : loaded 4 times (x 76B)
Class com.google.common.collect.ImmutableBiMap                                        : loaded 4 times (x 143B)
Class com.google.common.collect.AbstractListMultimap                                  : loaded 4 times (x 172B)
Class com.google.common.collect.Maps$8                                                : loaded 4 times (x 82B)
Class kotlin._Assertions                                                              : loaded 4 times (x 71B)
Class kotlin.LazyKt                                                                   : loaded 4 times (x 71B)
Class com.google.common.base.Supplier                                                 : loaded 4 times (x 70B)
Class com.google.common.collect.Lists$ReverseList$1                                   : loaded 4 times (x 99B)
Class com.google.common.collect.Sets$2                                                : loaded 4 times (x 139B)
Class com.google.common.collect.Iterables                                             : loaded 4 times (x 71B)
Class com.google.common.base.Absent                                                   : loaded 4 times (x 80B)
Class com.google.common.base.CharMatcher$Invisible                                    : loaded 4 times (x 112B)
Class com.google.common.base.CharMatcher$Whitespace                                   : loaded 4 times (x 112B)
Class com.google.common.collect.Sets$SetView                                          : loaded 4 times (x 138B)
Class com.google.common.collect.BaseImmutableMultimap                                 : loaded 4 times (x 123B)
Class com.google.common.collect.ImmutableMap$IteratorBasedImmutableMap                : loaded 4 times (x 125B)
Class com.google.common.base.CharMatcher$JavaLetterOrDigit                            : loaded 4 times (x 111B)
Class com.google.common.collect.ImmutableMultisetGwtSerializationDependencies         : loaded 4 times (x 125B)
Class kotlin.LazyKt__LazyKt                                                           : loaded 4 times (x 71B)
Class com.google.common.base.JdkPattern                                               : loaded 4 times (x 75B)
Class kotlin.io.CloseableKt                                                           : loaded 4 times (x 71B)
Class com.google.common.graph.SuccessorsFunction                                      : loaded 4 times (x 70B)
Class com.google.common.base.CharMatcher$None                                         : loaded 4 times (x 112B)
Class com.google.common.collect.EmptyImmutableListMultimap                            : loaded 4 times (x 176B)
Class kotlin.UNINITIALIZED_VALUE                                                      : loaded 4 times (x 71B)
Class com.google.common.collect.AbstractMultimap                                      : loaded 4 times (x 123B)
Class com.google.common.collect.BiMap                                                 : loaded 4 times (x 70B)
Class com.google.common.collect.ImmutableMultimap$1                                   : loaded 4 times (x 82B)
Class kotlin.comparisons.ComparisonsKt___ComparisonsJvmKt                             : loaded 4 times (x 71B)
Class com.google.common.collect.ImmutableMap$1                                        : loaded 4 times (x 81B)
Class com.google.common.collect.IndexedImmutableSet                                   : loaded 4 times (x 150B)
Class kotlin.comparisons.ComparisonsKt__ComparisonsKt                                 : loaded 4 times (x 71B)
Class com.google.common.collect.Lists$RandomAccessReverseList                         : loaded 4 times (x 200B)
Class com.google.common.collect.Sets$ImprovedAbstractSet                              : loaded 4 times (x 135B)
Class com.google.common.math.IntMath$1                                                : loaded 4 times (x 71B)
Class org.gradle.internal.IoActions                                                   : loaded 4 times (x 71B)
Class com.google.common.collect.Hashing                                               : loaded 4 times (x 71B)
Class com.google.common.base.Equivalence$Equals                                       : loaded 4 times (x 82B)
Class com.google.common.collect.ImmutableListMultimap                                 : loaded 4 times (x 176B)
Class com.google.common.base.PatternCompiler                                          : loaded 4 times (x 70B)
Class kotlin.sequences.FilteringSequence                                              : loaded 4 times (x 75B)
Class kotlin.comparisons.ComparisonsKt                                                : loaded 4 times (x 71B)
Class com.google.common.collect.ImmutableMultimap$2                                   : loaded 4 times (x 81B)
Class kotlin.comparisons.ComparisonsKt___ComparisonsKt                                : loaded 4 times (x 71B)
Class com.google.common.base.CharMatcher$JavaDigit                                    : loaded 4 times (x 111B)
Class com.google.common.collect.RegularImmutableMap$Values                            : loaded 4 times (x 207B)
Class com.google.common.collect.ImmutableBiMap$Builder                                : loaded 4 times (x 81B)
Class com.google.common.base.CharMatcher$Ascii                                        : loaded 4 times (x 112B)
Class com.google.common.collect.Sets                                                  : loaded 4 times (x 71B)
Class com.google.common.collect.RegularImmutableBiMap                                 : loaded 4 times (x 148B)
Class com.android.builder.model.v2.ide.ProjectInfo                                    : loaded 3 times (x 70B)
Class kotlin.reflect.jvm.internal.KPropertyImpl$_javaField$1                          : loaded 3 times (x 79B)
Class kotlin.DeprecationLevel                                                         : loaded 3 times (x 79B)
Class kotlin.reflect.jvm.internal.KMutableProperty1Impl$_setter$1                     : loaded 3 times (x 79B)
Class org.gradle.util.internal.DefaultGradleVersion                                   : loaded 3 times (x 82B)
Class kotlin.reflect.jvm.internal.ReflectionFactoryImpl                               : loaded 3 times (x 91B)
Class kotlin.jvm.functions.Function14                                                 : loaded 3 times (x 70B)
Class kotlin.reflect.KType                                                            : loaded 3 times (x 70B)
Class com.android.builder.model.v2.ide.SourceProvider                                 : loaded 3 times (x 70B)
Class com.android.builder.model.v2.ide.BundleInfo                                     : loaded 3 times (x 70B)
Class org.gradle.internal.time.DefaultTimer                                           : loaded 3 times (x 80B)
Class kotlin.reflect.jvm.internal.KClassImpl$data$1                                   : loaded 3 times (x 79B)
Class kotlin.collections.ArrayDeque$Companion                                         : loaded 3 times (x 71B)
Class org.gradle.tooling.model.HierarchicalElement                                    : loaded 3 times (x 70B)
Class com.google.common.collect.MultimapBuilder$MultimapBuilderWithKeys$6             : loaded 3 times (x 76B)
Class [Lkotlin.annotation.AnnotationTarget;                                           : loaded 3 times (x 69B)
Class com.google.common.collect.MultimapBuilder$MultimapBuilderWithKeys$5             : loaded 3 times (x 78B)
Class org.gradle.internal.exceptions.DefaultMultiCauseException                       : loaded 3 times (x 95B)
Class kotlin.jvm.functions.Function15                                                 : loaded 3 times (x 70B)
Class com.google.common.collect.Maps$IteratorBasedAbstractMap$1                       : loaded 3 times (x 138B)
Class com.google.common.collect.LinkedHashMultimap$ValueSet                           : loaded 3 times (x 142B)
Class com.android.builder.model.v2.ide.AndroidGradlePluginProjectFlags$BooleanFlag    : loaded 3 times (x 79B)
Class com.android.builder.model.v2.ide.AndroidArtifact                                : loaded 3 times (x 70B)
Class kotlin.jvm.internal.FunctionReferenceImpl                                       : loaded 3 times (x 122B)
Class org.gradle.tooling.internal.adapter.WeakIdentityHashMap$WeakKey                 : loaded 3 times (x 79B)
Class kotlin.collections.ArraysKt___ArraysKt$asSequence$$inlined$Sequence$1           : loaded 3 times (x 75B)
Class org.gradle.tooling.internal.adapter.ProtocolToModelAdapter$ViewKey              : loaded 3 times (x 72B)
Class kotlin.jvm.internal.ClassBasedDeclarationContainer                              : loaded 3 times (x 70B)
Class [Lkotlin.reflect.jvm.internal.impl.resolve.jvm.JvmPrimitiveType;                : loaded 3 times (x 69B)
Class org.gradle.tooling.internal.adapter.ProtocolToModelAdapter$SafeMethodInvoker    : loaded 3 times (x 76B)
Class org.gradle.tooling.model.idea.IdeaLanguageLevel                                 : loaded 3 times (x 70B)
Class com.google.common.collect.ImmutableRangeSet$AsSet                               : loaded 3 times (x 300B)
Class kotlin.jvm.internal.MutablePropertyReference0                                   : loaded 3 times (x 137B)
Class com.android.builder.model.v2.ide.BasicVariant                                   : loaded 3 times (x 70B)
Class com.android.builder.model.v2.ide.AndroidGradlePluginProjectFlags                : loaded 3 times (x 70B)
Class kotlin.reflect.jvm.internal.impl.builtins.StandardNames$FqNames                 : loaded 3 times (x 71B)
Class [Lcom.android.builder.model.v2.ide.AndroidGradlePluginProjectFlags$BooleanFlag; : loaded 3 times (x 69B)
Class Build_gradle$1$7                                                                : loaded 3 times (x 78B)
Class kotlin.collections.builders.ListBuilderKt                                       : loaded 3 times (x 71B)
Class kotlin.reflect.jvm.internal.ReflectProperties$Val$1                             : loaded 3 times (x 71B)
Class kotlin.jvm.functions.Function13                                                 : loaded 3 times (x 70B)
Class com.google.common.collect.MultimapBuilder$MultimapBuilderWithKeys$4             : loaded 3 times (x 76B)
Class org.gradle.kotlin.dsl.Accessors6ijptz36i787i38pli2t3331aKt                      : loaded 3 times (x 71B)
Class org.gradle.kotlin.dsl.AndroidTestImplementationConfigurationAccessorsKt         : loaded 3 times (x 71B)
Class [Lcom.android.builder.model.v2.ide.ProjectType;                                 : loaded 3 times (x 69B)
Class kotlin.jvm.internal.ReflectionFactory                                           : loaded 3 times (x 91B)
Class kotlin.collections.builders.ListBuilder$Companion                               : loaded 3 times (x 71B)
Class org.gradle.tooling.model.internal.ImmutableDomainObjectSet                      : loaded 3 times (x 155B)
Class org.gradle.tooling.internal.adapter.TargetTypeProvider                          : loaded 3 times (x 70B)
Class kotlin.reflect.jvm.internal.KCallableImpl$_annotations$1                        : loaded 3 times (x 79B)
Class kotlin.reflect.jvm.internal.KClassImpl$Data$inheritedNonStaticMembers$2         : loaded 3 times (x 79B)
Class com.android.builder.model.v2.dsl.DependenciesInfo                               : loaded 3 times (x 70B)
Class kotlin.collections.builders.ListBuilder                                         : loaded 3 times (x 207B)
Class org.gradle.tooling.internal.adapter.ProtocolToModelAdapter$DefaultViewBuilder   : loaded 3 times (x 80B)
Class org.gradle.internal.time.Time                                                   : loaded 3 times (x 71B)
Class com.google.common.collect.ImmutableSetMultimap                                  : loaded 3 times (x 180B)
Class kotlin.reflect.jvm.internal.KClassImpl$Data$declaredMembers$2                   : loaded 3 times (x 79B)
Class com.android.builder.model.v2.CustomSourceDirectory                              : loaded 3 times (x 70B)
Class Build_gradle$1$1$1                                                              : loaded 3 times (x 78B)
Class Build_gradle$1$6                                                                : loaded 3 times (x 78B)
Class kotlin.collections.ArrayAsCollection                                            : loaded 3 times (x 105B)
Class com.google.common.collect.ImmutableSortedSetFauxverideShim                      : loaded 3 times (x 147B)
Class kotlin.reflect.jvm.internal.impl.name.FqNamesUtilKt                             : loaded 3 times (x 71B)
Class org.gradle.tooling.internal.adapter.ProtocolToModelAdapter$PropertyCachingMethodInvoker: loaded 3 times (x 76B)
Class com.google.common.collect.Maps$9                                                : loaded 3 times (x 76B)
Class org.jetbrains.kotlin.tooling.core.Extras                                        : loaded 3 times (x 70B)
Class [Lcom.android.builder.model.v2.ide.AaptOptions$Namespacing;                     : loaded 3 times (x 69B)
Class kotlin.Triple                                                                   : loaded 3 times (x 72B)
Class kotlin.jvm.functions.Function12                                                 : loaded 3 times (x 70B)
Class org.gradle.tooling.internal.adapter.ProtocolToModelAdapter$ViewGraphDetails$1   : loaded 3 times (x 77B)
Class com.google.common.collect.ImmutableRangeSet$Builder                             : loaded 3 times (x 77B)
Class kotlin.jvm.functions.Function16                                                 : loaded 3 times (x 70B)
Class com.google.common.collect.MultimapBuilder$SortedSetMultimapBuilder              : loaded 3 times (x 77B)
Class com.google.common.collect.ImmutableListMultimap$Builder                         : loaded 3 times (x 83B)
Class org.gradle.tooling.internal.adapter.ProtocolToModelAdapter                      : loaded 3 times (x 80B)
Class com.google.common.base.Suppliers$NonSerializableMemoizingSupplier               : loaded 3 times (x 79B)
Class com.google.common.collect.MultimapBuilder$MultimapBuilderWithKeys$3             : loaded 3 times (x 76B)
Class kotlin.reflect.jvm.internal.impl.builtins.CompanionObjectMapping                : loaded 3 times (x 71B)
Class com.google.common.collect.RangeGwtSerializationDependencies                     : loaded 3 times (x 71B)
Class org.gradle.tooling.model.Element                                                : loaded 3 times (x 70B)
Class org.gradle.tooling.internal.adapter.ProtocolToModelAdapter$NoOpDecoration       : loaded 3 times (x 79B)
Class org.gradle.tooling.internal.adapter.TypeInspector                               : loaded 3 times (x 73B)
Class [Ldagger.hilt.processor.internal.optionvalues.GradleProjectType;                : loaded 3 times (x 69B)
Class org.gradle.tooling.model.ProjectModel                                           : loaded 3 times (x 70B)
Class com.google.common.collect.Maps$IteratorBasedAbstractMap                         : loaded 3 times (x 125B)
Class kotlin.reflect.jvm.internal.KProperty1Impl                                      : loaded 3 times (x 128B)
Class kotlin.sequences.FlatteningSequence$iterator$1                                  : loaded 3 times (x 79B)
Class Build_gradle$1$5                                                                : loaded 3 times (x 78B)
Class kotlin.jvm.functions.Function17                                                 : loaded 3 times (x 70B)
Class com.android.builder.model.v2.dsl.ProductFlavor                                  : loaded 3 times (x 70B)
Class org.gradle.tooling.model.idea.IdeaDependency                                    : loaded 3 times (x 70B)
Class com.android.builder.model.v2.models.ProjectSyncIssues                           : loaded 3 times (x 70B)
Class org.gradle.kotlin.dsl.ImplementationConfigurationAccessorsKt                    : loaded 3 times (x 71B)
Class org.gradle.kotlin.dsl.KaptConfigurationAccessorsKt                              : loaded 3 times (x 71B)
Class [Lcom.android.builder.model.v2.ide.TestInfo$Execution;                          : loaded 3 times (x 69B)
Class Build_gradle$2                                                                  : loaded 3 times (x 78B)
Class org.gradle.internal.time.DefaultCountdownTimer                                  : loaded 3 times (x 88B)
Class kotlin.reflect.jvm.internal.impl.builtins.PrimitiveType$typeFqName$2            : loaded 3 times (x 79B)
Class com.google.common.collect.RangeSet                                              : loaded 3 times (x 70B)
Class com.google.common.collect.ImmutableRangeSet                                     : loaded 3 times (x 115B)
Class org.gradle.kotlin.dsl.KspConfigurationAccessorsKt                               : loaded 3 times (x 71B)
Class com.google.common.base.Verify                                                   : loaded 3 times (x 71B)
Class [Lkotlin.DeprecationLevel;                                                      : loaded 3 times (x 69B)
Class kotlin.jvm.internal.SpreadBuilder                                               : loaded 3 times (x 76B)
Class com.google.common.collect.CollectSpliterators                                   : loaded 3 times (x 71B)
Class kotlin.reflect.jvm.internal.KClassImpl$Data$inheritedStaticMembers$2            : loaded 3 times (x 79B)
Class kotlin.reflect.jvm.internal.KClassImpl                                          : loaded 3 times (x 115B)
Class org.gradle.internal.time.Clock                                                  : loaded 3 times (x 70B)
Class kotlin.reflect.jvm.internal.KClassImpl$Data$sealedSubclasses$2                  : loaded 3 times (x 79B)
Class kotlin.jvm.functions.Function18                                                 : loaded 3 times (x 70B)
Class com.google.common.collect.SortedSetMultimap                                     : loaded 3 times (x 70B)
Class Build_gradle$1                                                                  : loaded 3 times (x 74B)
Class kotlin.collections.builders.MapBuilder                                          : loaded 3 times (x 112B)
Class kotlin.jvm.functions.Function11                                                 : loaded 3 times (x 70B)
Class com.google.common.base.CaseFormat                                               : loaded 3 times (x 83B)
Class org.gradle.tooling.model.BuildIdentifier                                        : loaded 3 times (x 70B)
Class com.google.common.collect.Multimaps                                             : loaded 3 times (x 71B)
Class kotlin.jvm.functions.Function19                                                 : loaded 3 times (x 70B)
Class com.android.builder.model.v2.ide.AaptOptions                                    : loaded 3 times (x 70B)
Class kotlin.reflect.jvm.internal.KClassImpl$Data$objectInstance$2                    : loaded 3 times (x 79B)
Class kotlin.reflect.jvm.internal.KMutableProperty1Impl                               : loaded 3 times (x 135B)
Class kotlin.reflect.KTypeParameter                                                   : loaded 3 times (x 70B)
Class com.google.common.base.Enums$StringConverter                                    : loaded 3 times (x 90B)
Class kotlin.reflect.jvm.internal.KClassImpl$Data$allStaticMembers$2                  : loaded 3 times (x 79B)
Class kotlin.reflect.full.IllegalPropertyDelegateAccessException                      : loaded 3 times (x 82B)
Class kotlin.LazyThreadSafetyMode                                                     : loaded 3 times (x 79B)
Class com.google.common.collect.MultimapBuilder$MultimapBuilderWithKeys$2             : loaded 3 times (x 76B)
Class com.android.builder.model.v2.ide.TestInfo$Execution                             : loaded 3 times (x 79B)
Class org.gradle.tooling.internal.adapter.ProtocolToModelAdapter$AdaptingMethodInvoker: loaded 3 times (x 76B)
Class org.gradle.tooling.internal.gradle.DefaultBuildIdentifier                       : loaded 3 times (x 79B)
Class kotlin.reflect.jvm.internal.KClassImpl$Data$constructors$2                      : loaded 3 times (x 79B)
Class [Lkotlin.reflect.jvm.internal.impl.builtins.jvm.JavaToKotlinClassMap$PlatformMutabilityMapping;: loaded 3 times (x 69B)
Class com.google.common.collect.Sets$3$1                                              : loaded 3 times (x 82B)
Class kotlin.jvm.internal.ArrayIterator                                               : loaded 3 times (x 79B)
Class kotlin.reflect.KMutableProperty$Setter                                          : loaded 3 times (x 70B)
Class org.gradle.internal.time.CountdownTimer                                         : loaded 3 times (x 70B)
Class kotlin.reflect.jvm.internal.impl.builtins.jvm.JavaToKotlinClassMap              : loaded 3 times (x 71B)
Class kotlin.reflect.jvm.internal.ReflectProperties$Val                               : loaded 3 times (x 74B)
Class kotlin.reflect.jvm.internal.KClassImpl$Data$descriptor$2                        : loaded 3 times (x 79B)
Class org.gradle.internal.exceptions.MultiCauseException                              : loaded 3 times (x 70B)
Class kotlin.jvm.internal.MutablePropertyReference1                                   : loaded 3 times (x 137B)
Class kotlin.jvm.internal.MutablePropertyReference                                    : loaded 3 times (x 119B)
Class kotlin.jvm.internal.PropertyReference2                                          : loaded 3 times (x 127B)
Class kotlin.LazyKt__LazyJVMKt$WhenMappings                                           : loaded 3 times (x 71B)
Class kotlin.SafePublicationLazyImpl$Companion                                        : loaded 3 times (x 71B)
Class com.google.common.collect.MultimapBuilder$ListMultimapBuilder                   : loaded 3 times (x 75B)
Class kotlin.jvm.internal.MutablePropertyReference2                                   : loaded 3 times (x 137B)
Class com.google.common.base.CaseFormat$5                                             : loaded 3 times (x 83B)
Class kotlin.reflect.jvm.internal.KotlinReflectionInternalError                       : loaded 3 times (x 82B)
Class kotlin.jvm.internal.PropertyReference1                                          : loaded 3 times (x 127B)
Class dagger.hilt.processor.internal.optionvalues.GradleProjectType                   : loaded 3 times (x 79B)
Class kotlin.reflect.full.IllegalCallableAccessException                              : loaded 3 times (x 82B)
Class com.android.builder.model.v2.models.ndk.NativeModelBuilderParameter             : loaded 3 times (x 70B)
Class kotlin.KotlinNothingValueException                                              : loaded 3 times (x 82B)
Class com.google.common.collect.MultimapBuilder$SetMultimapBuilder                    : loaded 3 times (x 75B)
Class kotlin.jvm.internal.markers.KMutableIterator                                    : loaded 3 times (x 70B)
Class com.google.common.collect.ImmutableSortedSet$Builder                            : loaded 3 times (x 86B)
Class com.android.builder.model.v2.ide.VectorDrawablesOptions                         : loaded 3 times (x 70B)
Class org.gradle.internal.time.TimeSource$1                                           : loaded 3 times (x 77B)
Class com.android.builder.model.v2.dsl.BaseConfig                                     : loaded 3 times (x 70B)
Class com.google.common.collect.MultimapBuilder$1                                     : loaded 3 times (x 83B)
Class kotlin.reflect.jvm.internal.KCallableImpl$_typeParameters$1                     : loaded 3 times (x 79B)
Class com.google.common.collect.TransformedIterator                                   : loaded 3 times (x 80B)
Class com.google.common.collect.SetMultimap                                           : loaded 3 times (x 70B)
Class kotlin.jvm.internal.PropertyReference1Impl                                      : loaded 3 times (x 127B)
Class kotlin.jvm.internal.PropertyReference0                                          : loaded 3 times (x 127B)
Class org.jetbrains.kotlin.tooling.core.HasExtras                                     : loaded 3 times (x 70B)
Class [Lcom.google.common.collect.LinkedHashMultimap$ValueSetLink;                    : loaded 3 times (x 69B)
Class com.google.common.collect.ComparisonChain                                       : loaded 3 times (x 80B)
Class com.android.builder.model.v2.ide.ProjectType                                    : loaded 3 times (x 79B)
Class com.android.builder.model.v2.ide.LibraryType                                    : loaded 3 times (x 79B)
Class com.android.builder.model.v2.ide.ComponentInfo                                  : loaded 3 times (x 70B)
Class [Lcom.android.builder.model.v2.ide.LibraryType;                                 : loaded 3 times (x 69B)
Class com.google.common.collect.ComparisonChain$1                                     : loaded 3 times (x 81B)
Class com.android.builder.model.v2.ide.AbstractArtifact                               : loaded 3 times (x 70B)
Class com.android.ide.gradle.model.ArtifactIdentifierImpl                             : loaded 3 times (x 77B)
Class com.android.builder.model.v2.models.AndroidDsl                                  : loaded 3 times (x 70B)
Class com.android.builder.model.v2.ide.Edge                                           : loaded 3 times (x 70B)
Class kotlin.reflect.jvm.internal.KDeclarationContainerImpl$Companion                 : loaded 3 times (x 71B)
Class kotlin.reflect.jvm.internal.KClassifierImpl                                     : loaded 3 times (x 70B)
Class com.google.common.collect.AbstractRangeSet                                      : loaded 3 times (x 114B)
Class kotlin.reflect.KMutableProperty                                                 : loaded 3 times (x 70B)
Class org.gradle.tooling.model.ProjectIdentifier                                      : loaded 3 times (x 70B)
Class org.gradle.tooling.model.idea.IdeaCompilerOutput                                : loaded 3 times (x 70B)
Class org.gradle.kotlin.dsl.TestImplementationConfigurationAccessorsKt                : loaded 3 times (x 71B)
Class com.android.builder.model.v2.ide.AaptOptions$Namespacing                        : loaded 3 times (x 79B)
Class org.gradle.tooling.internal.gradle.DefaultProjectIdentifier                     : loaded 3 times (x 86B)
Class kotlin.text.MatcherMatchResult$groups$1                                         : loaded 3 times (x 151B)
Class kotlin.reflect.jvm.internal.KCallableImpl$_returnType$1                         : loaded 3 times (x 79B)
Class org.gradle.tooling.model.build.JavaEnvironment                                  : loaded 3 times (x 70B)
Class com.google.common.collect.IndexedImmutableSet$1                                 : loaded 3 times (x 212B)
Class kotlin.jvm.internal.markers.KMutableListIterator                                : loaded 3 times (x 70B)
Class org.gradle.internal.exceptions.ResolutionProvider                               : loaded 3 times (x 70B)
Class org.gradle.tooling.internal.adapter.ProtocolToModelAdapter$MixInMappingAction   : loaded 3 times (x 80B)
Class com.google.common.collect.MultimapBuilder$2                                     : loaded 3 times (x 83B)
Class com.android.builder.model.v2.ide.JavaCompileOptions                             : loaded 3 times (x 70B)
Class org.gradle.tooling.model.gradle.GradleScript                                    : loaded 3 times (x 70B)
Class org.gradle.kotlin.dsl.Accessors377twfxlhpj2n65rquy9ybeqsKt                      : loaded 3 times (x 71B)
Class com.google.common.collect.MultimapBuilder$MultimapBuilderWithKeys               : loaded 3 times (x 82B)
Class kotlin.reflect.jvm.internal.KCallableImpl$_parameters$1                         : loaded 3 times (x 79B)
Class com.android.utils.FileUtils                                                     : loaded 3 times (x 71B)
Class Build_gradle                                                                    : loaded 3 times (x 130B)
Class com.android.builder.model.v2.ide.TestedTargetVariant                            : loaded 3 times (x 70B)
Class Build_gradle$1$4                                                                : loaded 3 times (x 74B)
Class org.gradle.tooling.internal.adapter.WeakIdentityHashMap$AbsentValueProvider     : loaded 3 times (x 70B)
Class kotlin.collections.MapWithDefault                                               : loaded 3 times (x 70B)
Class org.gradle.tooling.internal.gradle.GradleBuildIdentity                          : loaded 3 times (x 70B)
Class com.android.builder.model.v2.ide.SourceSetContainer                             : loaded 3 times (x 70B)
Class com.android.builder.model.v2.ide.TestInfo                                       : loaded 3 times (x 70B)
Class kotlin.annotation.AnnotationRetention                                           : loaded 3 times (x 79B)
Class kotlin.jvm.internal.PropertyReference                                           : loaded 3 times (x 115B)
Class org.gradle.internal.time.Timer                                                  : loaded 3 times (x 70B)
Class kotlin.sequences.TransformingSequence                                           : loaded 3 times (x 75B)
Class org.gradle.tooling.internal.adapter.MethodInvocation                            : loaded 3 times (x 85B)
Class kotlin.jvm.functions.Function3                                                  : loaded 3 times (x 70B)
Class kotlin.reflect.jvm.internal.KDeclarationContainerImpl$Data                      : loaded 3 times (x 72B)
Class kotlin.jvm.internal.markers.KMutableMap                                         : loaded 3 times (x 70B)
Class kotlin.reflect.jvm.internal.impl.descriptors.runtime.structure.ReflectClassUtilKt: loaded 3 times (x 71B)
Class kotlin.reflect.jvm.internal.KProperty1Impl$_getter$1                            : loaded 3 times (x 79B)
Class org.gradle.tooling.model.kotlin.dsl.KotlinDslScriptsModel                       : loaded 3 times (x 70B)
Class org.gradle.internal.time.TimeSource                                             : loaded 3 times (x 70B)
Class org.gradle.tooling.model.idea.IdeaDependencyScope                               : loaded 3 times (x 70B)
Class kotlin.jvm.functions.Function22                                                 : loaded 3 times (x 70B)
Class kotlin.annotation.MustBeDocumented                                              : loaded 3 times (x 70B)
Class [Lorg.gradle.api.JavaVersion;                                                   : loaded 3 times (x 69B)
Class com.google.common.base.CaseFormat$4                                             : loaded 3 times (x 83B)
Class org.gradle.internal.operations.MultipleBuildOperationFailures                   : loaded 3 times (x 95B)
Class kotlin.collections.builders.ListBuilder$Itr                                     : loaded 3 times (x 94B)
Class com.google.common.collect.MultimapBuilder$3                                     : loaded 3 times (x 84B)
Class kotlin.reflect.jvm.internal.EmptyContainerForLocal                              : loaded 3 times (x 84B)
Class kotlin.collections.AbstractList$IteratorImpl                                    : loaded 3 times (x 82B)
Class com.google.common.collect.LinkedHashMultimap$ValueEntry                         : loaded 3 times (x 89B)
Class kotlin.reflect.jvm.internal.KClassImpl$Data$nestedClasses$2                     : loaded 3 times (x 79B)
Class [Lkotlin.reflect.KClassifier;                                                   : loaded 3 times (x 69B)
Class [Lkotlin.LazyThreadSafetyMode;                                                  : loaded 3 times (x 69B)
Class kotlin.reflect.KProperty0                                                       : loaded 3 times (x 70B)
Class kotlin.collections.IndexingIterator                                             : loaded 3 times (x 79B)
Class kotlin.reflect.jvm.internal.KClassImpl$Data$simpleName$2                        : loaded 3 times (x 79B)
Class [Lkotlin.reflect.KProperty;                                                     : loaded 3 times (x 69B)
Class com.android.builder.model.v2.ide.LintOptions                                    : loaded 3 times (x 70B)
Class kotlin.reflect.jvm.internal.impl.builtins.PrimitiveType                         : loaded 3 times (x 79B)
Class kotlin.reflect.jvm.internal.KClassImpl$Data$allNonStaticMembers$2               : loaded 3 times (x 79B)
Class com.android.builder.model.v2.ide.LibraryInfo                                    : loaded 3 times (x 70B)
Class org.gradle.tooling.internal.adapter.ProtocolToModelAdapter$ViewGraphDetails     : loaded 3 times (x 72B)
Class org.gradle.tooling.model.Dependency                                             : loaded 3 times (x 70B)
Class com.android.builder.model.Variant                                               : loaded 3 times (x 70B)
Class org.gradle.tooling.model.idea.IdeaProject                                       : loaded 3 times (x 70B)
Class org.gradle.tooling.internal.gradle.GradleProjectIdentity                        : loaded 3 times (x 70B)
Class org.gradle.tooling.model.DomainObjectSet                                        : loaded 3 times (x 70B)
Class kotlin.jvm.internal.MutablePropertyReference1Impl                               : loaded 3 times (x 137B)
Class org.gradle.internal.exceptions.NonGradleCauseExceptionsHolder                   : loaded 3 times (x 70B)
Class com.google.common.collect.LinkedHashMultimap                                    : loaded 3 times (x 175B)
Class org.gradle.tooling.model.idea.IdeaModuleDependency                              : loaded 3 times (x 70B)
Class com.google.common.collect.Maps$TransformedEntriesMap                            : loaded 3 times (x 127B)
Class org.gradle.tooling.internal.adapter.ViewBuilder                                 : loaded 3 times (x 70B)
Class [Lkotlin.sequences.Sequence;                                                    : loaded 3 times (x 69B)
Class com.google.common.collect.MultimapBuilder$4                                     : loaded 3 times (x 84B)
Class kotlin.reflect.jvm.internal.impl.builtins.PrimitiveType$Companion               : loaded 3 times (x 71B)
Class kotlin.reflect.jvm.internal.KClassImpl$Data$typeParameters$2                    : loaded 3 times (x 79B)
Class org.gradle.tooling.internal.adapter.CollectionMapper                            : loaded 3 times (x 73B)
Class kotlin.reflect.jvm.internal.impl.builtins.StandardNames                         : loaded 3 times (x 71B)
Class [Lkotlin.reflect.jvm.internal.impl.builtins.PrimitiveType;                      : loaded 3 times (x 69B)
Class kotlin.reflect.jvm.internal.KClassImpl$Data$annotations$2                       : loaded 3 times (x 79B)
Class org.gradle.internal.time.MonotonicClock                                         : loaded 3 times (x 77B)
Class org.gradle.tooling.model.kotlin.dsl.KotlinDslScriptModel                        : loaded 3 times (x 70B)
Class kotlin.reflect.jvm.internal.ReflectProperties$LazySoftVal                       : loaded 3 times (x 78B)
Class kotlin.text.MatchNamedGroupCollection                                           : loaded 3 times (x 70B)
Class kotlin.reflect.jvm.internal.KClassImpl$Data                                     : loaded 3 times (x 72B)
Class [Lkotlin.reflect.KAnnotatedElement;                                             : loaded 3 times (x 69B)
Class com.google.common.collect.Range                                                 : loaded 3 times (x 86B)
Class org.gradle.api.JavaVersion                                                      : loaded 3 times (x 79B)
Class kotlin.jvm.functions.Function9                                                  : loaded 3 times (x 70B)
Class Build_gradle$1$7$1                                                              : loaded 3 times (x 78B)
Class kotlin.jvm.functions.Function10                                                 : loaded 3 times (x 70B)
Class kotlin.reflect.jvm.internal.KCallableImpl                                       : loaded 3 times (x 105B)
Class kotlin.sequences.SequencesKt___SequencesKt$flatMap$2                            : loaded 3 times (x 125B)
Class kotlin.reflect.KProperty$Accessor                                               : loaded 3 times (x 70B)
Class com.google.common.base.Enums                                                    : loaded 3 times (x 71B)
Class com.google.common.base.CaseFormat$StringConverter                               : loaded 3 times (x 90B)
Class com.google.common.base.VerifyException                                          : loaded 3 times (x 82B)
Class [Lkotlin.reflect.KCallable;                                                     : loaded 3 times (x 69B)
Class com.android.builder.model.v2.ide.JavaArtifact                                   : loaded 3 times (x 70B)
Class com.android.builder.model.ProjectSyncIssues                                     : loaded 3 times (x 70B)
Class com.google.common.collect.ImmutableMapKeySet                                    : loaded 3 times (x 150B)
Class org.gradle.util.internal.DefaultGradleVersion$Stage                             : loaded 3 times (x 75B)
Class com.android.ide.gradle.model.artifacts.AdditionalClassifierArtifacts            : loaded 3 times (x 70B)
Class com.android.builder.model.v2.ide.BasicArtifact                                  : loaded 3 times (x 70B)
Class com.google.common.collect.ComparisonChain$InactiveComparisonChain               : loaded 3 times (x 80B)
Class com.google.common.collect.CollectSpliterators$1WithCharacteristics              : loaded 3 times (x 90B)
Class com.android.builder.model.v2.ide.AndroidLibraryData                             : loaded 3 times (x 70B)
Class kotlin.reflect.jvm.internal.KClassImpl$Data$allMembers$2                        : loaded 3 times (x 79B)
Class com.google.common.collect.Maps$13                                               : loaded 3 times (x 85B)
Class kotlin.reflect.jvm.internal.impl.name.FqNameUnsafe$1                            : loaded 3 times (x 74B)
Class org.gradle.util.GradleVersion                                                   : loaded 3 times (x 81B)
Class com.google.common.collect.Maps$EntrySet                                         : loaded 3 times (x 136B)
Class kotlin.reflect.jvm.internal.KPropertyImpl                                       : loaded 3 times (x 115B)
Class kotlin.jvm.JvmClassMappingKt                                                    : loaded 3 times (x 71B)
Class kotlin.reflect.KProperty                                                        : loaded 3 times (x 70B)
Class kotlin.jvm.internal.Reflection                                                  : loaded 3 times (x 71B)
Class [Lcom.android.builder.model.v2.ide.CodeShrinker;                                : loaded 3 times (x 69B)
Class kotlin.annotation.AnnotationTarget                                              : loaded 3 times (x 79B)
Class com.android.builder.model.v2.ide.ApiVersion                                     : loaded 3 times (x 70B)
Class kotlin.reflect.jvm.internal.impl.name.ClassId                                   : loaded 3 times (x 72B)
Class com.google.common.collect.MultimapBuilder$MultimapBuilderWithKeys$1             : loaded 3 times (x 76B)
Class kotlin.jvm.functions.Function21                                                 : loaded 3 times (x 70B)
Class kotlin.collections.IndexedValue                                                 : loaded 3 times (x 72B)
Class com.google.common.base.Suppliers$MemoizingSupplier                              : loaded 3 times (x 79B)
Class kotlin.reflect.jvm.internal.impl.name.SpecialNames                              : loaded 3 times (x 71B)
Class kotlin.jvm.functions.Function5                                                  : loaded 3 times (x 70B)
Class com.google.common.collect.LinkedHashMultimap$ValueSetLink                       : loaded 3 times (x 70B)
Class com.google.common.base.CaseFormat$3                                             : loaded 3 times (x 83B)
Class kotlin.reflect.KMutableProperty0                                                : loaded 3 times (x 70B)
Class kotlin.reflect.jvm.internal.impl.utils.CollectionsKt                            : loaded 3 times (x 71B)
Class kotlin.reflect.KClassifier                                                      : loaded 3 times (x 70B)
Class [Lcom.google.common.collect.LinkedHashMultimap$ValueEntry;                      : loaded 3 times (x 69B)
Class kotlin.streams.jdk8.StreamsKt                                                   : loaded 3 times (x 71B)
Class com.android.builder.model.v2.models.VariantDependencies                         : loaded 3 times (x 70B)
Class com.google.common.collect.ImmutableRangeSet$ComplementRanges                    : loaded 3 times (x 207B)
Class Build_gradle$1$3                                                                : loaded 3 times (x 78B)
Class org.gradle.kotlin.dsl.DebugImplementationConfigurationAccessorsKt               : loaded 3 times (x 71B)
Class kotlin.sequences.TransformingSequence$iterator$1                                : loaded 3 times (x 79B)
Class kotlin.jvm.internal.Ref$BooleanRef                                              : loaded 3 times (x 71B)
Class org.gradle.tooling.internal.adapter.ProtocolToModelAdapter$SupportedPropertyInvoker: loaded 3 times (x 76B)
Class com.google.common.collect.NullnessCasts                                         : loaded 3 times (x 71B)
Class com.google.common.collect.SortedIterables                                       : loaded 3 times (x 71B)
Class kotlin.jvm.internal.StringCompanionObject                                       : loaded 3 times (x 71B)
Class com.android.builder.model.v2.models.Versions$Version                            : loaded 3 times (x 70B)
Class com.google.common.collect.Multimaps$CustomListMultimap                          : loaded 3 times (x 174B)
Class org.gradle.tooling.model.UnsupportedMethodException                             : loaded 3 times (x 82B)
Class com.google.common.collect.ImmutableRangeSet$1                                   : loaded 3 times (x 210B)
Class [Lkotlin.annotation.AnnotationRetention;                                        : loaded 3 times (x 69B)
Class com.android.builder.model.v2.models.ModelBuilderParameter                       : loaded 3 times (x 70B)
Class org.gradle.tooling.internal.adapter.ProtocolToModelAdapter$MethodInvocationCache$MethodInvocationKey: loaded 3 times (x 73B)
Class kotlin.reflect.jvm.internal.impl.name.FqName                                    : loaded 3 times (x 72B)
Class kotlin.reflect.jvm.internal.KDeclarationContainerImpl                           : loaded 3 times (x 84B)
Class kotlin.reflect.jvm.internal.impl.resolve.jvm.JvmPrimitiveType                   : loaded 3 times (x 79B)
Class kotlin.reflect.jvm.internal.KClassImpl$Data$declaredNonStaticMembers$2          : loaded 3 times (x 79B)
Class com.android.builder.model.v2.ide.CodeShrinker                                   : loaded 3 times (x 79B)
Class com.google.common.collect.Iterators$6                                           : loaded 3 times (x 81B)
Class com.google.common.collect.MultimapBuilder$ArrayListSupplier                     : loaded 3 times (x 77B)
Class kotlin.collections.builders.MapBuilder$Companion                                : loaded 3 times (x 71B)
Class kotlin.text.RegexKt                                                             : loaded 3 times (x 71B)
Class kotlin.jvm.functions.Function6                                                  : loaded 3 times (x 70B)
Class kotlin.reflect.KMutableProperty1                                                : loaded 3 times (x 70B)
Class Build_gradle$1$2$1                                                              : loaded 3 times (x 79B)
Class com.android.utils.StringHelper                                                  : loaded 3 times (x 71B)
Class kotlin.reflect.jvm.internal.KPropertyImpl$_descriptor$1                         : loaded 3 times (x 79B)
Class kotlin.reflect.jvm.internal.KTypeParameterOwnerImpl                             : loaded 3 times (x 70B)
Class kotlin.jvm.functions.Function20                                                 : loaded 3 times (x 70B)
Class [Lkotlin.reflect.KClass;                                                        : loaded 3 times (x 69B)
Class kotlin.reflect.KProperty1                                                       : loaded 3 times (x 70B)
Class org.gradle.tooling.internal.adapter.ObjectGraphAdapter                          : loaded 3 times (x 70B)
Class com.google.common.base.CaseFormat$2                                             : loaded 3 times (x 83B)
Class com.android.builder.model.v2.dsl.SigningConfig                                  : loaded 3 times (x 70B)
Class kotlin.reflect.KMutableProperty2                                                : loaded 3 times (x 70B)
Class kotlin.reflect.KClass                                                           : loaded 3 times (x 70B)
Class com.android.builder.model.v2.models.AndroidProject                              : loaded 3 times (x 70B)
Class com.android.builder.model.v2.AndroidModel                                       : loaded 3 times (x 70B)
Class org.gradle.tooling.internal.adapter.ProtocolToModelAdapter$InvocationHandlerImpl: loaded 3 times (x 77B)
Class kotlin.collections.CollectionsKt___CollectionsKt$asSequence$$inlined$Sequence$1 : loaded 3 times (x 75B)
Class kotlin.text.MatcherMatchResult$groupValues$1                                    : loaded 3 times (x 198B)
Class com.android.builder.model.v2.dsl.BuildType                                      : loaded 3 times (x 70B)
Class kotlin.reflect.jvm.internal.ReflectProperties                                   : loaded 3 times (x 71B)
Class kotlin.SafePublicationLazyImpl                                                  : loaded 3 times (x 76B)
Class Build_gradle$1$1                                                                : loaded 3 times (x 78B)
Class kotlin.reflect.jvm.internal.impl.name.FqNameUnsafe                              : loaded 3 times (x 72B)
Class com.android.builder.model.v2.models.ndk.NativeModule                            : loaded 3 times (x 70B)
Class org.gradle.tooling.internal.adapter.ProtocolToModelAdapter$ReflectionMethodInvoker: loaded 3 times (x 76B)
Class kotlin.jvm.functions.Function7                                                  : loaded 3 times (x 70B)
Class kotlin.reflect.KProperty2                                                       : loaded 3 times (x 70B)
Class org.gradle.tooling.internal.adapter.WeakIdentityHashMap                         : loaded 3 times (x 76B)
Class org.gradle.tooling.GradleConnectionException                                    : loaded 3 times (x 83B)
Class org.gradle.tooling.internal.adapter.ProtocolToModelAdapter$1                    : loaded 3 times (x 75B)
Class org.gradle.tooling.internal.adapter.ProtocolToModelAdapter$ViewDecoration       : loaded 3 times (x 70B)
Class kotlin.reflect.KProperty$Getter                                                 : loaded 3 times (x 70B)
Class kotlin.reflect.jvm.internal.KClassImpl$Data$supertypes$2                        : loaded 3 times (x 79B)
Class com.google.common.collect.MultimapBuilder                                       : loaded 3 times (x 73B)
Class org.gradle.tooling.internal.adapter.ProtocolToModelAdapter$MethodInvocationCache: loaded 3 times (x 73B)
Class com.android.builder.model.v2.models.Versions                                    : loaded 3 times (x 70B)
Class kotlin.reflect.jvm.internal.RuntimeTypeMapper                                   : loaded 3 times (x 71B)
Class kotlin.sequences.FlatteningSequence                                             : loaded 3 times (x 75B)
Class kotlin.reflect.jvm.internal.impl.builtins.PrimitiveType$arrayTypeFqName$2       : loaded 3 times (x 79B)
Class com.android.builder.model.v2.ide.ArtifactDependenciesAdjacencyList              : loaded 3 times (x 70B)
Class kotlin.collections.CollectionsKt___CollectionsKt$withIndex$1                    : loaded 3 times (x 79B)
Class kotlin.reflect.jvm.internal.impl.builtins.jvm.JavaToKotlinClassMap$PlatformMutabilityMapping: loaded 3 times (x 72B)
Class com.android.builder.model.v2.ide.Library                                        : loaded 3 times (x 70B)
Class com.google.common.base.CaseFormat$1                                             : loaded 3 times (x 83B)
Class kotlin.text.MatcherMatchResult                                                  : loaded 3 times (x 80B)
Class kotlin.reflect.jvm.internal.impl.name.Name                                      : loaded 3 times (x 75B)
Class kotlin.collections.ArrayDeque                                                   : loaded 3 times (x 207B)
Class com.google.common.collect.ForwardingCollection                                  : loaded 3 times (x 130B)
Class kotlin.reflect.jvm.internal.KPropertyImpl$Companion                             : loaded 3 times (x 71B)
Class org.gradle.tooling.internal.adapter.MethodInvoker                               : loaded 3 times (x 70B)
Class com.google.common.base.Equivalence$Wrapper                                      : loaded 3 times (x 72B)
Class kotlin.jvm.functions.Function8                                                  : loaded 3 times (x 70B)
Class kotlin.reflect.jvm.internal.KPackageImpl$data$1                                 : loaded 3 times (x 79B)
Class com.google.common.collect.LinkedHashMultimapGwtSerializationDependencies        : loaded 3 times (x 174B)
Class org.gradle.tooling.model.build.GradleEnvironment                                : loaded 3 times (x 70B)
Class kotlin.text.MatchGroupCollection                                                : loaded 3 times (x 70B)
Class kotlin.reflect.jvm.internal.KClassImpl$Data$qualifiedName$2                     : loaded 3 times (x 79B)
Class com.android.builder.model.v2.models.VariantDependenciesAdjacencyList            : loaded 3 times (x 70B)
Class com.android.builder.model.v2.models.BasicAndroidProject                         : loaded 3 times (x 70B)
Class [Lkotlin.reflect.jvm.internal.impl.name.FqName;                                 : loaded 3 times (x 69B)
Class kotlin.reflect.jvm.internal.KPackageImpl                                        : loaded 3 times (x 85B)
Class [Lcom.google.common.base.CaseFormat;                                            : loaded 3 times (x 69B)
Class org.gradle.tooling.model.Model                                                  : loaded 3 times (x 70B)
Class com.android.builder.model.v2.ide.Variant                                        : loaded 3 times (x 70B)
Class com.google.common.collect.Maps$12                                               : loaded 3 times (x 82B)
Class com.android.builder.model.AndroidProject                                        : loaded 3 times (x 70B)
Class kotlin.reflect.jvm.internal.KDeclarationContainerImpl$Data$moduleData$2         : loaded 3 times (x 79B)
Class kotlin.text.MatchResult                                                         : loaded 3 times (x 70B)
Class kotlin.jvm.internal.ArrayIteratorKt                                             : loaded 3 times (x 71B)
Class com.android.builder.model.v2.ide.ViewBindingOptions                             : loaded 3 times (x 70B)
Class Build_gradle$1$2                                                                : loaded 3 times (x 79B)
Class org.jetbrains.kotlin.tooling.core.HasMutableExtras                              : loaded 3 times (x 70B)
Class kotlin.collections.IndexingIterable                                             : loaded 3 times (x 79B)
Class [Lkotlin.reflect.KDeclarationContainer;                                         : loaded 3 times (x 69B)
Class kotlin.reflect.jvm.internal.KProperty1Impl$delegateSource$1                     : loaded 3 times (x 79B)
Class com.google.common.collect.AbstractSetMultimap                                   : loaded 3 times (x 174B)
Class kotlin.reflect.jvm.internal.KClassImpl$Data$declaredStaticMembers$2             : loaded 3 times (x 79B)
Class com.google.common.collect.Sets$1$1                                              : loaded 3 times (x 82B)
Class [Lio.opentelemetry.context.ContextStorage;                                      : loaded 2 times (x 69B)
Class com.intellij.platform.diagnostic.telemetry.rt.context.TelemetryContext          : loaded 2 times (x 134B)
Class [Lio.opentelemetry.api.trace.TraceFlags;                                        : loaded 2 times (x 69B)
Class dagger.internal.codegen.base.AutoValue_ComponentAnnotation                      : loaded 2 times (x 76B)
Class [Ldagger.hilt.android.processor.internal.androidentrypoint.ActivityGenerator$ActivityMethod;: loaded 2 times (x 69B)
Class dagger.spi.internal.shaded.androidx.room.jarjarred.kotlinx.metadata.KmFunctionExtensionVisitor: loaded 2 times (x 70B)
Class com.squareup.javapoet.ParameterSpec$Builder                                     : loaded 2 times (x 72B)
Class dagger.hilt.android.processor.internal.viewmodel.ViewModelModuleGenerator       : loaded 2 times (x 72B)
Class org.jetbrains.plugins.gradle.tooling.serialization.internal.adapter.kotlin.dsl.InternalKotlinDslScriptModel: loaded 2 times (x 84B)
Class [Ldagger.spi.internal.shaded.androidx.room.jarjarred.kotlinx.metadata.internal.metadata.ProtoBuf$Effect$EffectType;: loaded 2 times (x 69B)
Class com.android.builder.model.v2.ide.TestSuiteVariantTarget                         : loaded 2 times (x 70B)
Class com.android.tools.idea.gradle.model.IdeTestOptions$Execution                    : loaded 2 times (x 79B)
Class dagger.spi.internal.shaded.androidx.room.compiler.processing.javac.JavacTypeElement$typeParameters$2: loaded 2 times (x 79B)
Class dagger.hilt.android.processor.internal.AndroidClassNames                        : loaded 2 times (x 71B)
Class [Ldagger.hilt.processor.internal.optionvalues.BooleanValue;                     : loaded 2 times (x 69B)
Class com.android.builder.model.v2.ide.UnresolvedDependency                           : loaded 2 times (x 70B)
Class dagger.spi.internal.shaded.androidx.room.compiler.processing.XProcessingEnvConfig: loaded 2 times (x 71B)
Class com.google.common.io.CharSource$CharSequenceCharSource                          : loaded 2 times (x 86B)
Class net.rubygrapefruit.platform.internal.Platform$Windows                           : loaded 2 times (x 79B)
Class org.objectweb.asm.SymbolTable$Entry                                             : loaded 2 times (x 74B)
Class com.google.common.util.concurrent.AbstractFuture$AtomicHelper                   : loaded 2 times (x 78B)
Class com.google.gson.internal.JsonReaderInternalAccess                               : loaded 2 times (x 72B)
Class kotlin.reflect.jvm.internal.pcollections.IntTreePMap                            : loaded 2 times (x 72B)
Class dagger.spi.internal.shaded.androidx.room.jarjarred.kotlinx.metadata.KmExtensionType: loaded 2 times (x 72B)
Class dagger.spi.internal.shaded.androidx.room.compiler.processing.javac.kotlin.KmVisibility: loaded 2 times (x 70B)
Class dagger.spi.internal.shaded.androidx.room.jarjarred.kotlinx.metadata.Attributes$kind$2: loaded 2 times (x 137B)
Class com.google.common.io.ByteSource$ConcatenatedByteSource                          : loaded 2 times (x 85B)
Class [Lcom.google.common.reflect.Types$JavaVersion;                                  : loaded 2 times (x 69B)
Class dagger.spi.internal.shaded.androidx.room.compiler.processing.javac.JavacAnnotation$defaultValues$2: loaded 2 times (x 79B)
Class com.google.common.io.Files$FileByteSource                                       : loaded 2 times (x 85B)
Class dagger.spi.internal.shaded.androidx.room.jarjarred.kotlinx.metadata.jvm.JvmFunctionExtensionVisitor$Companion: loaded 2 times (x 71B)
Class dagger.hilt.android.processor.internal.viewmodel.ViewModelProcessor             : loaded 2 times (x 100B)
Class dagger.hilt.processor.internal.root.RootProcessingStep                          : loaded 2 times (x 87B)
Class [Lcom.intellij.openapi.diagnostic.LogLevel;                                     : loaded 2 times (x 69B)
Class com.android.tools.idea.gradle.model.impl.IdeAndroidGradlePluginProjectFlagsImpl : loaded 2 times (x 87B)
Class com.android.tools.idea.gradle.model.IdeSourceProviderKt                         : loaded 2 times (x 71B)
Class dagger.spi.internal.shaded.androidx.room.jarjarred.kotlinx.metadata.jvm.JvmDeclarationContainerExtensionVisitor: loaded 2 times (x 81B)
Class com.android.tools.idea.gradle.project.sync.ActionToRun                          : loaded 2 times (x 72B)
Class org.gradle.internal.impldep.com.google.common.base.Optional                     : loaded 2 times (x 80B)
Class org.gradle.tooling.model.eclipse.EclipseClasspathEntry                          : loaded 2 times (x 70B)
Class io.opentelemetry.context.ThreadLocalContextStorage                              : loaded 2 times (x 85B)
Class dagger.spi.internal.shaded.androidx.room.jarjarred.kotlinx.metadata.jvm.internal.JvmExceptionUtilsKt: loaded 2 times (x 71B)
Class dagger.internal.codegen.binding.AutoValue_DelegateDeclaration                   : loaded 2 times (x 83B)
Class dagger.internal.codegen.validation.DependencyRequestValidator                   : loaded 2 times (x 72B)
Class dagger.internal.SingleCheck                                                     : loaded 2 times (x 77B)
Class dagger.spi.internal.shaded.androidx.room.jarjarred.kotlinx.metadata.internal.metadata.ProtoBuf$PropertyOrBuilder: loaded 2 times (x 70B)
Class dagger.internal.codegen.xprocessing.XAnnotations                                : loaded 2 times (x 71B)
Class com.squareup.kotlinpoet.TypeName$Companion                                      : loaded 2 times (x 71B)
Class [Ldagger.spi.internal.shaded.androidx.room.jarjarred.kotlinx.metadata.MemberKind;: loaded 2 times (x 69B)
Class dagger.spi.internal.shaded.androidx.room.jarjarred.kotlinx.metadata.internal.protobuf.AbstractMessageLite$Builder: loaded 2 times (x 122B)
Class dagger.spi.internal.shaded.androidx.room.jarjarred.kotlinx.metadata.internal.metadata.jvm.deserialization.JvmNameResolver: loaded 2 times (x 80B)
Class jdk.internal.jimage.ImageStringsReader                                          : loaded 2 times (x 80B)
Class org.objectweb.asm.signature.SignatureReader                                     : loaded 2 times (x 74B)
Class org.objectweb.asm.Edge                                                          : loaded 2 times (x 72B)
Class com.google.common.base.Suppliers$SupplierOfInstance                             : loaded 2 times (x 79B)
Class dagger.spi.model.BindingGraph$Node                                              : loaded 2 times (x 70B)
Class dagger.internal.codegen.model.AutoValue_DaggerType                              : loaded 2 times (x 75B)
Class com.android.builder.model.v2.ide.SyncIssue                                      : loaded 2 times (x 70B)
Class com.android.tools.idea.gradle.model.impl.IdeTestOptionsImpl                     : loaded 2 times (x 77B)
Class dagger.spi.internal.shaded.auto.common.GeneratedAnnotations                     : loaded 2 times (x 71B)
Class com.android.ide.common.repository.AgpVersion$PreviewKind$WhenMappings           : loaded 2 times (x 71B)
Class kotlin.text.MatchResult$Destructured                                            : loaded 2 times (x 72B)
Class com.android.tools.idea.gradle.project.sync.AndroidExtraModelProviderWorker      : loaded 2 times (x 72B)
Class com.squareup.kotlinpoet.LineWrapper$Companion                                   : loaded 2 times (x 71B)
Class dagger.internal.codegen.DaggerDelegateComponentProcessor_Injector$Factory       : loaded 2 times (x 74B)
Class com.intellij.gradle.toolingExtension.modelAction.GradleModelFetchPhase          : loaded 2 times (x 70B)
Class dagger.internal.codegen.binding.DependencyVariableNamer$1                       : loaded 2 times (x 71B)
Class dagger.internal.codegen.xprocessing.XTypes$TypeResolutionVisitor                : loaded 2 times (x 101B)
Class [Ldagger.internal.codegen.base.ComponentCreatorKind;                            : loaded 2 times (x 69B)
Class dagger.internal.codegen.processingstep.ProcessingStepsModule_ProcessingStepsFactory: loaded 2 times (x 79B)
Class dagger.internal.codegen.DelegateComponentProcessor_MembersInjector              : loaded 2 times (x 75B)
Class dagger.internal.codegen.compileroption.ProcessingEnvironmentCompilerOptions_Factory: loaded 2 times (x 79B)
Class dagger.internal.codegen.validation.ProvidesMethodValidator_Factory              : loaded 2 times (x 79B)
Class dagger.spi.internal.shaded.androidx.room.compiler.processing.javac.JavacType$typeElement$2: loaded 2 times (x 79B)
Class dagger.spi.internal.shaded.auto.common.MoreElements                             : loaded 2 times (x 71B)
Class dagger.spi.internal.shaded.androidx.room.jarjarred.kotlinx.metadata.KmClassifier$Class: loaded 2 times (x 72B)
Class dagger.spi.internal.shaded.androidx.room.jarjarred.kotlinx.metadata.internal.protobuf.FieldSet$1: loaded 2 times (x 71B)
Class dagger.spi.internal.shaded.androidx.room.jarjarred.kotlinx.metadata.internal.metadata.ProtoBuf$TypeOrBuilder: loaded 2 times (x 70B)
Class dagger.spi.internal.shaded.androidx.room.jarjarred.kotlinx.metadata.internal.protobuf.AbstractParser: loaded 2 times (x 144B)
Class dagger.spi.internal.shaded.androidx.room.compiler.processing.javac.JavacTypeElement$Companion: loaded 2 times (x 71B)
Class dagger.hilt.android.processor.internal.viewmodel.ViewModelProcessingStep        : loaded 2 times (x 87B)
Class com.google.common.reflect.TypeToken$1                                           : loaded 2 times (x 110B)
Class com.google.common.cache.LocalCache$ComputingValueReference                      : loaded 2 times (x 96B)
Class dagger.internal.codegen.DelegateComponentProcessor$SourceFileGeneratorsModule   : loaded 2 times (x 70B)
Class dagger.internal.codegen.validation.BindsOptionalOfMethodValidator               : loaded 2 times (x 78B)
Class dagger.internal.codegen.validation.SpiModelBindingGraphConverter$DaggerProcessingEnvImpl: loaded 2 times (x 76B)
Class [Ldagger.internal.codegen.base.ContributionType;                                : loaded 2 times (x 69B)
Class dagger.internal.codegen.binding.$AutoValue_MembersInjectionBinding_InjectionSite: loaded 2 times (x 77B)
Class com.android.tools.idea.gradle.project.sync.SwitchVariantRequest                 : loaded 2 times (x 72B)
Class com.android.tools.idea.projectsystem.gradle.sync.PerformanceMeasurementUtilKt   : loaded 2 times (x 71B)
Class com.android.tools.idea.gradle.project.sync.AgpVersionTooNew                     : loaded 2 times (x 82B)
Class com.android.tools.idea.gradle.model.impl.IdeDependenciesCoreDirect              : loaded 2 times (x 79B)
Class org.jetbrains.kotlin.config.LanguageVersionSettings                             : loaded 2 times (x 70B)
Class com.android.tools.idea.gradle.model.IdeJavaArtifactCore                         : loaded 2 times (x 70B)
Class com.android.tools.idea.gradle.project.sync.DefaultVariantsKt                    : loaded 2 times (x 71B)
Class [Lcom.google.common.collect.SortedLists$KeyAbsentBehavior;                      : loaded 2 times (x 69B)
Class org.gradle.internal.classloader.ClassLoaderVisitor                              : loaded 2 times (x 76B)
Class [Lcom.android.tools.idea.gradle.project.sync.MeasurementCheckpoint;             : loaded 2 times (x 69B)
Class io.opentelemetry.context.ContextExecutorService                                 : loaded 2 times (x 104B)
Class io.opentelemetry.context.Context                                                : loaded 2 times (x 70B)
Class org.gradle.api.UncheckedIOException                                             : loaded 2 times (x 82B)
Class [Lcom.android.tools.idea.gradle.project.sync.SyncTestMode;                      : loaded 2 times (x 69B)
Class com.intellij.gradle.toolingExtension.impl.modelSerialization.ToolingSerializerConverter: loaded 2 times (x 73B)
Class org.gradle.internal.classpath.ClassPath                                         : loaded 2 times (x 70B)
Class dagger.internal.codegen.binding.AutoValue_Nullability                           : loaded 2 times (x 74B)
Class dagger.spi.internal.shaded.androidx.room.compiler.processing.javac.JavacFieldElement$getter$2: loaded 2 times (x 79B)
Class dagger.internal.codegen.writing.InaccessibleMapKeyProxyGenerator                : loaded 2 times (x 77B)
Class dagger.internal.codegen.base.DaggerSuperficialValidation$ValidationException$UnexpectedException: loaded 2 times (x 83B)
Class dagger.internal.codegen.binding.ProvisionBinding                                : loaded 2 times (x 95B)
Class dagger.internal.codegen.binding.InjectionSiteFactory                            : loaded 2 times (x 72B)
Class dagger.spi.internal.shaded.androidx.room.compiler.processing.javac.JavacPackageElement$qualifiedName$2: loaded 2 times (x 79B)
Class Settings_gradle$1                                                               : loaded 2 times (x 74B)
Class com.squareup.kotlinpoet.WildcardTypeName                                        : loaded 2 times (x 82B)
Class com.squareup.kotlinpoet.ClassName                                               : loaded 2 times (x 85B)
Class dagger.spi.internal.shaded.androidx.room.compiler.processing.javac.JavacMethodElement$kotlinDefaultImplClass$2: loaded 2 times (x 79B)
Class com.google.common.cache.CacheBuilder                                            : loaded 2 times (x 72B)
Class dagger.hilt.processor.internal.originatingelement.OriginatingElementProcessingStep: loaded 2 times (x 87B)
Class jdk.internal.jimage.ImageReader                                                 : loaded 2 times (x 75B)
Class com.google.common.reflect.TypeToken$2                                           : loaded 2 times (x 110B)
Class [Lorg.jetbrains.kotlin.cli.common.messages.CompilerMessageSeverity;             : loaded 2 times (x 69B)
Class com.google.common.cache.LocalCache$Segment                                      : loaded 2 times (x 154B)
Class org.jetbrains.kotlin.config.JvmDefaultMode$Companion                            : loaded 2 times (x 71B)
Class net.rubygrapefruit.platform.internal.jni.NativeLibraryFunctions                 : loaded 2 times (x 71B)
Class io.opentelemetry.context.Scope                                                  : loaded 2 times (x 70B)
Class com.google.common.io.ByteSink                                                   : loaded 2 times (x 76B)
Class dagger.hilt.processor.internal.HiltProcessingEnvConfigs                         : loaded 2 times (x 71B)
Class dagger.spi.internal.shaded.androidx.room.jarjarred.kotlinx.metadata.jvm.KotlinClassMetadata: loaded 2 times (x 72B)
Class org.gradle.tooling.model.kotlin.dsl.EditorPosition                              : loaded 2 times (x 70B)
Class dagger.spi.internal.shaded.androidx.room.jarjarred.kotlinx.metadata.internal.metadata.jvm.deserialization.JvmNameResolverBase: loaded 2 times (x 80B)
Class com.android.tools.idea.gradle.project.sync.StandaloneDeliverableModel           : loaded 2 times (x 75B)
Class com.android.tools.idea.gradle.project.sync.NativeVariantAbiResult               : loaded 2 times (x 71B)
Class com.android.tools.idea.gradle.model.IdeUnresolvedJavaLibrary                    : loaded 2 times (x 70B)
Class com.android.tools.idea.gradle.model.impl.IdeMultiVariantDataImpl                : loaded 2 times (x 77B)
Class com.android.tools.idea.gradle.project.sync.AndroidProjectResult$Companion$RuntimeClasspathBehaviour: loaded 2 times (x 71B)
Class dagger.spi.internal.shaded.androidx.room.jarjarred.kotlinx.metadata.jvm.JvmMemberSignatureKt: loaded 2 times (x 71B)
Class dagger.spi.internal.shaded.androidx.room.compiler.processing.XEnumTypeElementKt : loaded 2 times (x 71B)
Class dagger.internal.codegen.writing.ModuleProxies                                   : loaded 2 times (x 71B)
Class dagger.internal.codegen.componentgenerator.ComponentHjarGenerator_Factory       : loaded 2 times (x 79B)
Class dagger.internal.codegen.validation.ValidationBindingGraphPlugin                 : loaded 2 times (x 85B)
Class dagger.internal.codegen.processingstep.MonitoringModuleProcessingStep           : loaded 2 times (x 86B)
Class dagger.internal.codegen.processingstep.InjectProcessingStep_Factory             : loaded 2 times (x 79B)
Class dagger.internal.codegen.bindinggraphvalidation.SubcomponentFactoryMethodValidator_Factory$InstanceHolder: loaded 2 times (x 71B)
Class dagger.internal.codegen.bindinggraphvalidation.ProvisionDependencyOnProducerBindingValidator_Factory$InstanceHolder: loaded 2 times (x 71B)
Class dagger.spi.internal.shaded.androidx.room.compiler.processing.javac.JavacExecutableElement$enclosingElement$2: loaded 2 times (x 79B)
Class dagger.internal.codegen.bindinggraphvalidation.DependsOnProductionExecutorValidator: loaded 2 times (x 85B)
Class dagger.spi.internal.shaded.androidx.room.jarjarred.kotlinx.metadata.internal.metadata.ProtoBuf$VersionRequirement$VersionKind$1: loaded 2 times (x 74B)
Class dagger.spi.internal.shaded.androidx.room.jarjarred.kotlinx.metadata.Attributes$modality$10: loaded 2 times (x 137B)
Class dagger.internal.codegen.componentgenerator.TopLevelImplementationComponent      : loaded 2 times (x 70B)
Class dagger.spi.internal.shaded.androidx.room.jarjarred.kotlinx.metadata.KmConstructorExtensionVisitor: loaded 2 times (x 70B)
Class dagger.spi.internal.shaded.androidx.room.jarjarred.kotlinx.metadata.internal.metadata.ProtoBuf$VersionRequirementTable$1: loaded 2 times (x 144B)
Class dagger.spi.internal.shaded.androidx.room.jarjarred.kotlinx.metadata.internal.metadata.jvm.JvmProtoBuf$JvmMethodSignatureOrBuilder: loaded 2 times (x 70B)
Class io.opentelemetry.api.trace.ImmutableTraceFlags                                  : loaded 2 times (x 77B)
Class dagger.spi.internal.shaded.androidx.room.compiler.processing.CommonProcessorDelegate: loaded 2 times (x 72B)
Class dagger.spi.internal.shaded.androidx.room.compiler.processing.javac.JavacRoundEnv$rootElements$2: loaded 2 times (x 79B)
Class jdk.internal.jimage.ImageReader$SharedImageReader                               : loaded 2 times (x 95B)
Class net.rubygrapefruit.platform.internal.LibraryDef                                 : loaded 2 times (x 72B)
Class org.jetbrains.kotlin.utils.DescriptionAware                                     : loaded 2 times (x 70B)
Class [Lorg.objectweb.asm.SymbolTable$Entry;                                          : loaded 2 times (x 69B)
Class com.google.common.cache.CacheLoader                                             : loaded 2 times (x 74B)
Class org.gradle.internal.installation.GradleInstallation$1                           : loaded 2 times (x 75B)
Class org.gradle.api.internal.classpath.ModuleRegistry                                : loaded 2 times (x 70B)
Class org.gradle.tooling.internal.consumer.versioning.ModelMapping$DefaultModelIdentifier: loaded 2 times (x 76B)
Class com.intellij.openapi.util.io.FileUtilRt$RepeatableIOOperation                   : loaded 2 times (x 70B)
Class com.android.tools.idea.gradle.project.sync.BasicIncompleteGradleModule          : loaded 2 times (x 73B)
Class com.android.tools.idea.gradle.model.IdePreResolvedModuleLibrary                 : loaded 2 times (x 70B)
Class com.android.builder.model.v2.models.HostJarTestSuiteSource                      : loaded 2 times (x 70B)
Class org.gradle.internal.classloader.DefaultClassLoaderFactory                       : loaded 2 times (x 82B)
Class [Lcom.google.common.cache.CacheBuilder$OneWeigher;                              : loaded 2 times (x 69B)
Class com.android.tools.idea.gradle.project.sync.AdditionalClassifierArtifactsModelCollectorKt: loaded 2 times (x 71B)
Class com.android.tools.idea.gradle.model.IdeProductFlavor                            : loaded 2 times (x 70B)
Class com.android.ide.common.repository.AgpVersion$PreviewKind$Companion              : loaded 2 times (x 71B)
Class com.android.tools.idea.gradle.project.sync.AndroidExtraModelProviderKt          : loaded 2 times (x 71B)
Class org.gradle.tooling.internal.adapter.ProtocolToModelAdapter$MixInBeanMappingAction: loaded 2 times (x 81B)
Class [Lcom.android.tools.idea.gradle.model.impl.IdeModuleWellKnownSourceSet;         : loaded 2 times (x 69B)
Class dagger.internal.codegen.model.Key$MultibindingContributionIdentifier            : loaded 2 times (x 73B)
Class dagger.internal.codegen.writing.FactoryGenerator$FactoryCreationStrategy        : loaded 2 times (x 79B)
Class dagger.internal.codegen.binding.MapKeys                                         : loaded 2 times (x 71B)
Class dagger.spi.internal.shaded.androidx.room.compiler.processing.javac.JavacMethodType$returnType$2: loaded 2 times (x 79B)
Class dagger.internal.codegen.binding.DependencyRequestFormatter                      : loaded 2 times (x 86B)
Class dagger.internal.codegen.validation.MultibindsMethodValidator                    : loaded 2 times (x 79B)
Class dagger.hilt.processor.internal.root.AutoValue_Root                              : loaded 2 times (x 78B)
Class dagger.spi.internal.shaded.androidx.room.compiler.processing.InternalXAnnotationValue$Kind$Companion: loaded 2 times (x 71B)
Class [Ldagger.spi.internal.shaded.androidx.room.jarjarred.kotlinx.metadata.Visibility;: loaded 2 times (x 69B)
Class dagger.spi.internal.shaded.androidx.room.jarjarred.kotlinx.metadata.jvm.JvmMemberSignature: loaded 2 times (x 73B)
Class dagger.spi.internal.shaded.androidx.room.jarjarred.kotlinx.metadata.internal.metadata.jvm.JvmProtoBuf$StringTableTypes$RecordOrBuilder: loaded 2 times (x 70B)
Class [Ldagger.spi.internal.shaded.androidx.room.jarjarred.kotlinx.metadata.internal.protobuf.WireFormat$FieldType;: loaded 2 times (x 69B)
Class com.android.tools.idea.gradle.project.sync.ModelCacheV1ImplKt                   : loaded 2 times (x 71B)
Class dagger.hilt.processor.internal.aliasof.AliasOfProcessingStep                    : loaded 2 times (x 87B)
Class dagger.hilt.android.processor.internal.androidentrypoint.AndroidEntryPointProcessor: loaded 2 times (x 100B)
Class sync_studio_tooling10_5ejd27smyrvqug4hp9odoofur                                 : loaded 2 times (x 179B)
Class jdk.internal.jimage.decompressor.ResourceDecompressorFactory                    : loaded 2 times (x 74B)
Class com.google.common.util.concurrent.internal.InternalFutureFailureAccess          : loaded 2 times (x 72B)
Class com.google.common.base.Splitter$SplittingIterator                               : loaded 2 times (x 84B)
Class org.objectweb.asm.MethodTooLargeException                                       : loaded 2 times (x 83B)
Class org.jetbrains.kotlin.name.FqNameUnsafe$1                                        : loaded 2 times (x 74B)
Class kotlin.io.LinesSequence                                                         : loaded 2 times (x 75B)
Class com.android.tools.idea.gradle.model.ndk.v2.IdeNativeModule                      : loaded 2 times (x 70B)
Class dagger.spi.internal.shaded.androidx.room.jarjarred.kotlinx.metadata.internal.protobuf.ByteString$Output: loaded 2 times (x 86B)
Class dagger.spi.internal.shaded.androidx.room.jarjarred.kotlinx.metadata.internal.protobuf.AbstractMessageLite$Builder$LimitedInputStream: loaded 2 times (x 92B)
Class com.google.common.reflect.TypeToken                                             : loaded 2 times (x 73B)
Class jdk.internal.jimage.decompressor.ResourceDecompressor                           : loaded 2 times (x 70B)
Class com.android.tools.idea.gradle.project.sync.FetchedVariantResult                 : loaded 2 times (x 71B)
Class com.android.builder.model.v2.ide.Installation                                   : loaded 2 times (x 70B)
Class com.android.tools.idea.gradle.project.sync.LibraryIdentity$LibraryIdentityProvider$Companion: loaded 2 times (x 71B)
Class kotlin.jvm.internal.TypeIntrinsics                                              : loaded 2 times (x 71B)
Class dagger.internal.codegen.base.SourceFileGenerationException                      : loaded 2 times (x 82B)
Class dagger.spi.internal.shaded.androidx.room.jarjarred.kotlinx.metadata.internal.protobuf.ExtensionRegistryLite: loaded 2 times (x 74B)
Class dagger.spi.internal.shaded.androidx.room.jarjarred.kotlinx.metadata.internal.protobuf.GeneratedMessageLite$ExtensionDescriptor: loaded 2 times (x 84B)
Class dagger.internal.codegen.extension.Optionals                                     : loaded 2 times (x 71B)
Class dagger.spi.internal.shaded.androidx.room.compiler.processing.XFieldElement      : loaded 2 times (x 70B)
Class dagger.spi.internal.shaded.androidx.room.jarjarred.kotlinx.metadata.internal.metadata.deserialization.NameResolver: loaded 2 times (x 70B)
Class dagger.internal.codegen.processingstep.ComponentHjarProcessingStep              : loaded 2 times (x 86B)
Class dagger.internal.codegen.processingstep.MapKeyProcessingStep_Factory             : loaded 2 times (x 79B)
Class dagger.spi.internal.shaded.androidx.room.compiler.processing.javac.kotlin.KmTypeContainer: loaded 2 times (x 76B)
Class dagger.hilt.android.processor.internal.bindvalue.BindValueMetadata              : loaded 2 times (x 73B)
Class com.squareup.javapoet.JavaFile$1                                                : loaded 2 times (x 79B)
Class dagger.spi.internal.shaded.androidx.room.jarjarred.kotlinx.metadata.internal.metadata.jvm.deserialization.ClassMapperLite: loaded 2 times (x 71B)
Class dagger.spi.internal.shaded.androidx.room.jarjarred.kotlinx.metadata.internal.FlagDelegatesImplKt$functionBooleanFlag$1: loaded 2 times (x 137B)
Class dagger.spi.internal.shaded.androidx.room.jarjarred.kotlinx.metadata.internal.protobuf.GeneratedMessageLite$Builder: loaded 2 times (x 128B)
Class dagger.spi.internal.shaded.androidx.room.jarjarred.kotlinx.metadata.internal.metadata.ProtoBuf$Property$1: loaded 2 times (x 144B)
Class dagger.spi.internal.shaded.androidx.room.compiler.processing.javac.JavacMethodParameter$name$2: loaded 2 times (x 79B)
Class dagger.spi.internal.shaded.androidx.room.compiler.processing.util.MemoizedSequence$delegateIterator$2: loaded 2 times (x 79B)
Class com.google.common.io.Closer$SuppressingSuppressor                               : loaded 2 times (x 75B)
Class org.jetbrains.kotlin.name.FqNameUnsafe                                          : loaded 2 times (x 72B)
Class com.google.common.util.concurrent.AbstractFuture$UnsafeAtomicHelper             : loaded 2 times (x 78B)
Class com.google.common.cache.LocalCache$LocalManualCache$1                           : loaded 2 times (x 75B)
Class dagger.spi.internal.shaded.androidx.room.jarjarred.kotlinx.metadata.internal.metadata.jvm.deserialization.JvmMemberSignature$Method: loaded 2 times (x 75B)
Class [Ldagger.spi.internal.shaded.androidx.room.jarjarred.kotlinx.metadata.ClassKind;: loaded 2 times (x 69B)
Class dagger.spi.internal.shaded.androidx.room.jarjarred.kotlinx.metadata.jvm.JvmFieldSignature: loaded 2 times (x 74B)
Class dagger.spi.internal.shaded.androidx.room.compiler.processing.InternalXAnnotationValue$Companion: loaded 2 times (x 71B)
Class dagger.spi.internal.shaded.androidx.room.compiler.processing.XEnumEntry         : loaded 2 times (x 70B)
Class dagger.spi.internal.shaded.androidx.room.compiler.processing.javac.kotlin.KmValueParameterContainer: loaded 2 times (x 72B)
Class dagger.internal.codegen.binding.MethodSignatureFormatter_Factory                : loaded 2 times (x 79B)
Class dagger.internal.codegen.ProcessingEnvironmentModule_FilerFactory                : loaded 2 times (x 79B)
Class com.android.tools.idea.gradle.model.impl.ThrowingIdeDependencies                : loaded 2 times (x 78B)
Class com.android.tools.idea.gradle.model.impl.IdeBuildTypeContainerImpl              : loaded 2 times (x 79B)
Class [Ldagger.internal.codegen.compileroption.ProcessingEnvironmentCompilerOptions$CommandLineOption;: loaded 2 times (x 69B)
Class dagger.internal.codegen.binding.AutoValue_OptionalBindingDeclaration            : loaded 2 times (x 75B)
Class com.google.common.collect.SortedLists$KeyPresentBehavior                        : loaded 2 times (x 80B)
Class dagger.internal.codegen.model.DaggerProcessingEnv                               : loaded 2 times (x 74B)
Class org.gradle.tooling.internal.consumer.converters.BasicGradleProjectIdentifierMixin: loaded 2 times (x 73B)
Class org.gradle.tooling.model.idea.BasicIdeaProject                                  : loaded 2 times (x 70B)
Class org.gradle.tooling.internal.consumer.versioning.ModelMapping                    : loaded 2 times (x 73B)
Class dagger.internal.codegen.javapoet.CodeBlocks                                     : loaded 2 times (x 71B)
Class dagger.spi.internal.shaded.androidx.room.compiler.processing.javac.JavacFieldElement$syntheticMethodForAnnotations$2: loaded 2 times (x 79B)
Class dagger.internal.codegen.processingstep.BindingMethodProcessingStep_Factory      : loaded 2 times (x 79B)
Class [Ldagger.internal.codegen.model.BindingGraphPlugin;                             : loaded 2 times (x 69B)
Class dagger.internal.codegen.validation.BindingElementValidator$AllowsScoping        : loaded 2 times (x 79B)
Class dagger.internal.codegen.base.Formatter                                          : loaded 2 times (x 85B)
Class dagger.spi.internal.shaded.androidx.room.compiler.processing.javac.JavacAnnotationValueKt: loaded 2 times (x 71B)
Class dagger.spi.internal.shaded.androidx.room.compiler.processing.javac.DefaultJavacType: loaded 2 times (x 187B)
Class dagger.spi.internal.shaded.androidx.room.compiler.processing.javac.JavacMethodElement$kotlinMetadata$2: loaded 2 times (x 79B)
Class dagger.spi.internal.shaded.auto.common.MoreTypes$CastingTypeVisitor             : loaded 2 times (x 102B)
Class dagger.spi.internal.shaded.androidx.room.jarjarred.kotlinx.metadata.internal.metadata.ProtoBuf$MemberKind$1: loaded 2 times (x 74B)
Class dagger.spi.internal.shaded.androidx.room.jarjarred.kotlinx.metadata.KmClassVisitor: loaded 2 times (x 92B)
Class dagger.spi.internal.shaded.androidx.room.compiler.processing.XRoundEnv          : loaded 2 times (x 70B)
Class dagger.internal.codegen.ComponentProcessor                                      : loaded 2 times (x 98B)
Class sync_studio_tooling5_b9u7ntfh3g3xtsj8ixnrkt81d                                  : loaded 2 times (x 179B)
Class jdk.internal.jimage.ImageReader$Node                                            : loaded 2 times (x 84B)
Class net.rubygrapefruit.platform.internal.Platform$Window32Bit                       : loaded 2 times (x 79B)
Class org.jetbrains.kotlin.config.AnalysisFlag                                        : loaded 2 times (x 72B)
Class org.gradle.api.internal.classpath.DefaultModuleRegistry                         : loaded 2 times (x 86B)
Class dagger.internal.codegen.binding.FrameworkTypeMapper$3                           : loaded 2 times (x 71B)
Class org.gradle.tooling.model.cpp.CppComponent                                       : loaded 2 times (x 70B)
Class org.gradle.tooling.model.Launchable                                             : loaded 2 times (x 70B)
Class dagger.spi.internal.shaded.androidx.room.jarjarred.kotlinx.metadata.internal.metadata.deserialization.VersionRequirement$Version$Companion: loaded 2 times (x 71B)
Class com.android.tools.idea.gradle.model.impl.IdeBasicVariantImpl                    : loaded 2 times (x 79B)
Class com.android.tools.idea.gradle.model.impl.IdeJavaArtifactCoreImpl                : loaded 2 times (x 91B)
Class dagger.internal.codegen.compileroption.CompilerOptions                          : loaded 2 times (x 94B)
Class com.google.common.graph.PredecessorsFunction                                    : loaded 2 times (x 70B)
Class org.jetbrains.plugins.gradle.tooling.util.GradleVersionComparator               : loaded 2 times (x 75B)
Class com.android.tools.idea.gradle.project.sync.NativeVariantAbiResult$V2            : loaded 2 times (x 72B)
Class com.android.tools.idea.gradle.model.IdeExtraSourceProvider                      : loaded 2 times (x 70B)
Class com.android.tools.idea.gradle.project.sync.AndroidProjectResult                 : loaded 2 times (x 76B)
Class com.android.tools.idea.gradle.model.IdeBuildTypeContainer                       : loaded 2 times (x 70B)
Class com.android.tools.idea.gradle.project.sync.BuildId                              : loaded 2 times (x 72B)
Class com.android.builder.model.v2.models.TestSuiteSource                             : loaded 2 times (x 70B)
Class [Lcom.android.ide.common.repository.AgpVersion$PreviewKind;                     : loaded 2 times (x 69B)
Class dagger.internal.codegen.validation.BindingMethodValidator$1                     : loaded 2 times (x 71B)
Class [Ldagger.internal.codegen.binding.BindingType;                                  : loaded 2 times (x 69B)
Class org.gradle.internal.classpath.DefaultClassPath$ImmutableUniqueList              : loaded 2 times (x 199B)
Class dagger.internal.codegen.bindinggraphvalidation.BindingGraphValidationModule     : loaded 2 times (x 70B)
Class dagger.internal.codegen.bindinggraphvalidation.MapMultibindingValidator         : loaded 2 times (x 85B)
Class dagger.internal.codegen.validation.BindsInstanceParameterValidator_Factory      : loaded 2 times (x 79B)
Class dagger.internal.codegen.compileroption.ProcessingEnvironmentCompilerOptions$KeyOnlyOption$1: loaded 2 times (x 86B)
Class com.google.common.collect.ImmutableSetMultimap$EntrySet                         : loaded 2 times (x 146B)
Class dagger.spi.BindingGraphPlugin                                                   : loaded 2 times (x 70B)
Class dagger.spi.internal.shaded.androidx.room.compiler.processing.javac.JavacMethodParameter$closestMemberContainer$2: loaded 2 times (x 79B)
Class org.gradle.api.internal.ClassPathRegistry                                       : loaded 2 times (x 70B)
Class com.google.common.primitives.IntsMethodsForWeb                                  : loaded 2 times (x 71B)
Class [Lorg.jetbrains.kotlin.config.JvmDefaultMode;                                   : loaded 2 times (x 69B)
Class dagger.hilt.processor.internal.BadInputException                                : loaded 2 times (x 82B)
Class dagger.spi.internal.shaded.androidx.room.jarjarred.kotlinx.metadata.Attributes$modality$14: loaded 2 times (x 137B)
Class dagger.spi.internal.shaded.androidx.room.jarjarred.kotlinx.metadata.internal.metadata.ProtoBuf$Class$Kind: loaded 2 times (x 82B)
Class dagger.spi.internal.shaded.androidx.room.jarjarred.kotlinx.metadata.internal.metadata.jvm.JvmProtoBuf$StringTableTypes$Record$1: loaded 2 times (x 144B)
Class org.jetbrains.kotlin.cli.common.messages.MessageCollector                       : loaded 2 times (x 70B)
Class com.squareup.javapoet.TypeName                                                  : loaded 2 times (x 81B)
Class jdk.internal.jimage.BasicImageReader$1                                          : loaded 2 times (x 77B)
Class com.google.common.util.concurrent.ListenableFuture                              : loaded 2 times (x 70B)
Class com.google.common.cache.ReferenceEntry                                          : loaded 2 times (x 70B)
Class org.jetbrains.kotlin.load.java.JvmAbi                                           : loaded 2 times (x 71B)
Class net.rubygrapefruit.platform.NativeIntegrationLinkageException                   : loaded 2 times (x 82B)
Class dagger.internal.codegen.processingstep.ModuleProcessingStep_Factory             : loaded 2 times (x 79B)
Class dagger.internal.codegen.binding.ContributionBinding$1                           : loaded 2 times (x 71B)
Class com.intellij.gradle.toolingExtension.impl.modelAction.GradleDaemonModelHolder   : loaded 2 times (x 76B)
Class net.rubygrapefruit.platform.internal.DefaultProcessLauncher                     : loaded 2 times (x 75B)
Class com.google.common.reflect.Invokable$ConstructorInvokable                        : loaded 2 times (x 107B)
Class io.opentelemetry.api.GlobalOpenTelemetry                                        : loaded 2 times (x 71B)
Class com.android.tools.idea.gradle.project.sync.GradleProject                        : loaded 2 times (x 75B)
Class com.intellij.openapi.util.io.FileTooBigException                                : loaded 2 times (x 82B)
Class com.android.tools.idea.gradle.model.IdeUnresolvedAndroidLibrary                 : loaded 2 times (x 70B)
Class com.android.tools.idea.gradle.project.sync.ModelResult                          : loaded 2 times (x 72B)
Class dagger.spi.internal.shaded.androidx.room.jarjarred.kotlinx.metadata.KmDeclarationContainer: loaded 2 times (x 70B)
Class dagger.internal.codegen.xprocessing.XTypes$XTypeEquivalence                     : loaded 2 times (x 84B)
Class com.google.common.collect.SortedLists$KeyAbsentBehavior                         : loaded 2 times (x 80B)
Class com.squareup.javapoet.CodeBlock$Builder                                         : loaded 2 times (x 72B)
Class com.android.tools.idea.gradle.project.sync.ModelFetchersKt                      : loaded 2 times (x 71B)
Class org.gradle.tooling.internal.consumer.converters.BackwardsCompatibleIdeaModuleDependency: loaded 2 times (x 70B)
Class com.android.tools.idea.gradle.project.sync.SelectedVariant                      : loaded 2 times (x 72B)
Class dagger.spi.internal.shaded.androidx.room.jarjarred.kotlinx.metadata.jvm.KotlinClassMetadata$SyntheticClass: loaded 2 times (x 72B)
Class dagger.spi.internal.shaded.androidx.room.compiler.processing.javac.kotlin.KmConstructorContainer: loaded 2 times (x 100B)
Class dagger.internal.codegen.compileroption.ProcessingEnvironmentCompilerOptions$KeyOnlyOption$2: loaded 2 times (x 86B)
Class com.google.common.collect.ImmutableMapValues                                    : loaded 2 times (x 126B)
Class dagger.internal.codegen.model.RequestKind                                       : loaded 2 times (x 79B)
Class com.squareup.javapoet.FieldSpec$Builder                                         : loaded 2 times (x 72B)
Class com.squareup.javapoet.ParameterSpec                                             : loaded 2 times (x 72B)
Class dagger.spi.internal.shaded.androidx.room.compiler.processing.XEnumTypeElement   : loaded 2 times (x 70B)
Class dagger.internal.codegen.processingstep.AssistedInjectProcessingStep_Factory     : loaded 2 times (x 79B)
Class [Ldagger.internal.codegen.validation.BindingMethodValidator$Abstractness;       : loaded 2 times (x 69B)
Class kotlin.io.FileTreeWalk$FileTreeWalkIterator$BottomUpDirectoryState              : loaded 2 times (x 74B)
Class com.google.common.util.concurrent.AbstractFuture                                : loaded 2 times (x 106B)
Class org.gradle.tooling.model.kotlin.dsl.EditorReport                                : loaded 2 times (x 70B)
Class com.android.tools.idea.gradle.model.IdeBaseConfig                               : loaded 2 times (x 70B)
Class com.android.tools.idea.gradle.project.sync.GradleModelCollection                : loaded 2 times (x 70B)
Class dagger.spi.internal.shaded.androidx.room.compiler.processing.javac.JavacConstructorType: loaded 2 times (x 83B)
Class dagger.internal.codegen.binding.FrameworkTypeMapper$2                           : loaded 2 times (x 80B)
Class org.gradle.tooling.internal.consumer.connection.UnparameterizedBuildController  : loaded 2 times (x 101B)
Class org.objectweb.asm.ClassVisitor                                                  : loaded 2 times (x 88B)
Class io.opentelemetry.api.internal.AutoValue_ImmutableSpanContext                    : loaded 2 times (x 92B)
Class com.android.ide.common.gradle.Module                                            : loaded 2 times (x 72B)
Class com.intellij.gradle.toolingExtension.impl.modelSerialization.SerializationServiceNotFoundException: loaded 2 times (x 82B)
Class com.android.tools.idea.gradle.project.sync.AndroidSyncException                 : loaded 2 times (x 82B)
Class com.android.tools.idea.projectsystem.gradle.sync.Counter                        : loaded 2 times (x 72B)
Class [Lio.opentelemetry.context.Scope;                                               : loaded 2 times (x 69B)
Class org.gradle.tooling.model.GradleProject                                          : loaded 2 times (x 70B)
Class dagger.spi.internal.shaded.androidx.room.compiler.processing.javac.JavacMethodType$typeVariables$2: loaded 2 times (x 79B)
Class dagger.internal.codegen.DelegateComponentProcessor_SourceFileGeneratorsModule_ProducerFactoryGeneratorFactory: loaded 2 times (x 79B)
Class dagger.internal.codegen.validation.BindsInstanceElementValidator                : loaded 2 times (x 78B)
Class dagger.internal.codegen.validation.BindsMethodValidator                         : loaded 2 times (x 78B)
Class dagger.internal.codegen.processingstep.TypeCheckingProcessingStep_MembersInjector: loaded 2 times (x 75B)
Class com.android.tools.idea.gradle.project.sync.ArtifactDependenciesCompat$AdjacencyList: loaded 2 times (x 72B)
Class dagger.internal.codegen.bindinggraphvalidation.DuplicateBindingsValidator_Factory: loaded 2 times (x 79B)
Class com.android.tools.idea.gradle.project.sync.ModelCacheV2ImplKt$modelCacheV2Impl$createFromDependencies$1$LibrariesByType: loaded 2 times (x 72B)
Class dagger.spi.internal.shaded.androidx.room.jarjarred.kotlinx.metadata.jvm.JvmTypeExtensionVisitor$Companion: loaded 2 times (x 71B)
Class dagger.spi.internal.shaded.androidx.room.jarjarred.kotlinx.metadata.internal.metadata.jvm.deserialization.JvmNameResolverKt: loaded 2 times (x 71B)
Class dagger.spi.internal.shaded.androidx.room.jarjarred.kotlinx.metadata.jvm.JvmClassExtensionVisitor: loaded 2 times (x 87B)
Class dagger.spi.internal.shaded.androidx.room.compiler.processing.javac.JavacTypeElement$enclosingTypeElement$2: loaded 2 times (x 79B)
Class dagger.spi.internal.shaded.androidx.room.compiler.processing.javac.JavacProcessingEnv: loaded 2 times (x 116B)
Class org.jetbrains.plugins.gradle.tooling.serialization.internal.IdeaProjectSerializationService$JavaHomePathGetter: loaded 2 times (x 75B)
Class kotlin.io.FileTreeWalk$FileTreeWalkIterator$SingleFileState                     : loaded 2 times (x 74B)
Class com.google.common.reflect.TypeResolver$TypeTable                                : loaded 2 times (x 73B)
Class org.jetbrains.kotlin.config.ExplicitApiMode                                     : loaded 2 times (x 79B)
Class org.objectweb.asm.RecordComponentVisitor                                        : loaded 2 times (x 77B)
Class com.google.common.cache.CacheLoader$SupplierToCacheLoader                       : loaded 2 times (x 75B)
Class com.intellij.gradle.toolingExtension.model.repositoryModel.RepositoryModel      : loaded 2 times (x 70B)
Class org.jetbrains.kotlin.gradle.idea.tcs.IdeaKotlinDependencyCoordinates            : loaded 2 times (x 70B)
Class [Lorg.objectweb.asm.Symbol;                                                     : loaded 2 times (x 69B)
Class org.jetbrains.kotlin.config.ExplicitApiMode$Companion                           : loaded 2 times (x 71B)
Class com.google.common.reflect.TypeCapture                                           : loaded 2 times (x 71B)
Class org.gradle.api.internal.DefaultClassPathRegistry                                : loaded 2 times (x 76B)
Class sync_studio_tooling3_d5wstl1iurbenq60ghmjabit                                   : loaded 2 times (x 179B)
Class com.android.tools.idea.gradle.project.sync.VariantDetailsKt                     : loaded 2 times (x 71B)
Class com.google.common.cache.RemovalListener                                         : loaded 2 times (x 70B)
Class net.rubygrapefruit.platform.internal.FunctionResult                             : loaded 2 times (x 77B)
Class dagger.hilt.processor.internal.uninstallmodules.UninstallModulesProcessingStep  : loaded 2 times (x 87B)
Class com.android.tools.idea.gradle.project.sync.ModelCacheV2ImplKt$modelCacheV2Impl$1: loaded 2 times (x 80B)
Class [Lcom.android.tools.idea.gradle.project.upgrade.AndroidGradlePluginCompatibility;: loaded 2 times (x 69B)
Class kotlin.reflect.jvm.internal.pcollections.HashPMap                               : loaded 2 times (x 72B)
Class dagger.spi.internal.shaded.androidx.room.jarjarred.kotlinx.metadata.internal.protobuf.LiteralByteString: loaded 2 times (x 112B)
Class com.android.tools.idea.gradle.model.impl.IdeCompositeBuildMapImpl               : loaded 2 times (x 76B)
Class dagger.spi.internal.shaded.auto.common.MoreElements$CastingElementVisitor       : loaded 2 times (x 93B)
Class org.gradle.tooling.internal.adapter.ProtocolToModelAdapter$MixInTypeMappingAction: loaded 2 times (x 81B)
Class dagger.spi.internal.shaded.androidx.room.compiler.processing.XAnnotation        : loaded 2 times (x 70B)
Class com.intellij.gradle.toolingExtension.impl.telemetry.GradleOpenTelemetry         : loaded 2 times (x 72B)
Class dagger.spi.internal.shaded.androidx.room.compiler.processing.javac.JavacMethodType$Companion: loaded 2 times (x 71B)
Class dagger.internal.codegen.base.RequestKinds                                       : loaded 2 times (x 71B)
Class dagger.internal.codegen.validation.SpiModelBindingGraphConverter                : loaded 2 times (x 71B)
Class dagger.internal.codegen.binding.AutoValue_ModuleDescriptor                      : loaded 2 times (x 85B)
Class dagger.internal.codegen.compileroption.ValidationType                           : loaded 2 times (x 79B)
Class dagger.hilt.processor.internal.aggregateddeps.AggregatedDepsGenerator           : loaded 2 times (x 72B)
Class com.squareup.kotlinpoet.UtilKt                                                  : loaded 2 times (x 71B)
Class dagger.spi.internal.shaded.androidx.room.compiler.processing.javac.VisitorData  : loaded 2 times (x 72B)
Class dagger.spi.internal.shaded.androidx.room.compiler.processing.XTypeKt            : loaded 2 times (x 71B)
Class dagger.spi.internal.shaded.androidx.room.jarjarred.kotlinx.metadata.internal.metadata.deserialization.ProtoTypeTableUtilKt: loaded 2 times (x 71B)
Class dagger.spi.internal.shaded.androidx.room.jarjarred.kotlinx.metadata.internal.metadata.ProtoBuf$VersionRequirementTable: loaded 2 times (x 107B)
Class dagger.spi.internal.shaded.androidx.room.jarjarred.kotlinx.metadata.internal.metadata.ProtoBuf$Contract$1: loaded 2 times (x 144B)
Class dagger.hilt.processor.internal.JavacBaseProcessingStepProcessor                 : loaded 2 times (x 100B)
Class jdk.internal.jimage.decompressor.Decompressor                                   : loaded 2 times (x 72B)
Class jdk.internal.jimage.ImageReader$Resource                                        : loaded 2 times (x 84B)
Class com.google.common.reflect.TypeResolver$TypeTable$1                              : loaded 2 times (x 73B)
Class [Lorg.jetbrains.kotlin.config.LanguageVersion;                                  : loaded 2 times (x 69B)
Class org.jetbrains.kotlin.cli.common.CompilerSystemProperties$value$1                : loaded 2 times (x 125B)
Class org.gradle.internal.service.ServiceLookupException                              : loaded 2 times (x 82B)
Class dagger.spi.internal.shaded.androidx.room.compiler.processing.javac.JavacPackageElement$name$2: loaded 2 times (x 79B)
Class jdk.internal.jimage.decompressor.StringSharingDecompressorFactory               : loaded 2 times (x 74B)
Class sync_studio_tooling11_cswlnxycjr2cbhtw8qf22uemp$_run_closure1                   : loaded 2 times (x 139B)
Class dagger.spi.internal.shaded.androidx.room.compiler.processing.javac.JavacTypeElement: loaded 2 times (x 298B)
Class dagger.spi.internal.shaded.androidx.room.jarjarred.kotlinx.metadata.jvm.KotlinClassMetadata$Class: loaded 2 times (x 72B)
Class dagger.hilt.processor.internal.generatesrootinput.GeneratesRootInputs           : loaded 2 times (x 72B)
Class dagger.internal.codegen.binding.BindsTypeChecker_Factory                        : loaded 2 times (x 79B)
Class com.android.builder.model.v2.models.TestSuiteSourceDependenciesAdjacencyList    : loaded 2 times (x 70B)
Class kotlin.sequences.SequencesKt___SequencesKt$sortedWith$1                         : loaded 2 times (x 75B)
Class com.android.tools.idea.gradle.model.impl.IdeProjectPathImpl                     : loaded 2 times (x 77B)
Class com.google.common.collect.ImmutableMap$IteratorBasedImmutableMap$1EntrySetImpl  : loaded 2 times (x 152B)
Class com.android.tools.idea.gradle.project.sync.GradleModule                         : loaded 2 times (x 78B)
Class com.google.common.graph.Traverser                                               : loaded 2 times (x 73B)
Class com.android.tools.idea.gradle.project.sync.BasicNonAndroidIncompleteGradleModule: loaded 2 times (x 73B)
Class io.opentelemetry.context.ContextStorage                                         : loaded 2 times (x 70B)
Class com.intellij.gradle.toolingExtension.impl.model.projectModel.GradleExternalProjectModelProvider: loaded 2 times (x 79B)
Class dagger.internal.codegen.validation.SpiModelBindingGraphConverter$1              : loaded 2 times (x 71B)
Class dagger.internal.codegen.writing.FactoryGenerator_Factory                        : loaded 2 times (x 79B)
Class dagger.internal.codegen.binding.InjectionAnnotations                            : loaded 2 times (x 72B)
Class dagger.internal.codegen.binding.DependencyRequestFormatter_Factory              : loaded 2 times (x 79B)
Class dagger.internal.codegen.base.ModuleKind                                         : loaded 2 times (x 79B)
Class dagger.hilt.processor.internal.Components                                       : loaded 2 times (x 71B)
Class com.squareup.kotlinpoet.CodeWriter                                              : loaded 2 times (x 78B)
Class dagger.spi.internal.shaded.androidx.room.jarjarred.kotlinx.metadata.jvm.JvmFunctionExtensionVisitor: loaded 2 times (x 80B)
Class dagger.hilt.android.processor.internal.viewmodel.ViewModelModuleGenerator$Companion: loaded 2 times (x 71B)
Class com.squareup.kotlinpoet.TypeName$cachedString$2                                 : loaded 2 times (x 79B)
Class com.squareup.javapoet.LineWrapper                                               : loaded 2 times (x 72B)
Class dagger.spi.internal.shaded.androidx.room.compiler.processing.javac.JavacDeclaredType$equalityItems$2: loaded 2 times (x 79B)
Class dagger.spi.internal.shaded.androidx.room.jarjarred.kotlinx.metadata.internal.metadata.jvm.deserialization.JvmMemberSignature$Field: loaded 2 times (x 75B)
Class [Ldagger.spi.internal.shaded.androidx.room.jarjarred.kotlinx.metadata.KmVariance;: loaded 2 times (x 69B)
Class dagger.internal.codegen.binding.FrameworkTypeMapper$1                           : loaded 2 times (x 80B)
Class dagger.spi.internal.shaded.androidx.room.jarjarred.kotlinx.metadata.internal.protobuf.GeneratedMessageLite$1: loaded 2 times (x 71B)
Class dagger.spi.internal.shaded.androidx.room.jarjarred.kotlinx.metadata.KmExtensionVisitor: loaded 2 times (x 70B)
Class jdk.internal.jrtfs.JrtFileAttributes                                            : loaded 2 times (x 83B)
Class [Lcom.google.common.cache.LocalCache$EntryFactory;                              : loaded 2 times (x 69B)
Class org.gradle.internal.classloader.ClassLoaderFactory                              : loaded 2 times (x 70B)
Class dagger.internal.codegen.writing.InjectionMethods$InstanceCastPolicy             : loaded 2 times (x 79B)
Class com.android.tools.idea.gradle.project.sync.SyncActionRunnerKt                   : loaded 2 times (x 71B)
Class com.android.tools.idea.gradle.project.sync.ModelCacheKt                         : loaded 2 times (x 71B)
Class dagger.spi.internal.shaded.androidx.room.jarjarred.kotlinx.metadata.internal.protobuf.GeneratedMessageLite$ExtendableMessageOrBuilder: loaded 2 times (x 70B)
Class dagger.spi.internal.shaded.androidx.room.jarjarred.kotlinx.metadata.internal.metadata.ProtoBuf$TypeParameter$Variance: loaded 2 times (x 82B)
Class dagger.spi.internal.shaded.androidx.room.jarjarred.kotlinx.metadata.internal.metadata.jvm.JvmProtoBuf$StringTableTypes: loaded 2 times (x 110B)
Class dagger.spi.internal.shaded.androidx.room.jarjarred.kotlinx.metadata.internal.metadata.jvm.JvmProtoBuf$StringTableTypes$Record$Operation: loaded 2 times (x 82B)
Class [Ldagger.spi.internal.shaded.androidx.room.jarjarred.kotlinx.metadata.Modality; : loaded 2 times (x 69B)
Class dagger.spi.internal.shaded.androidx.room.jarjarred.kotlinx.metadata.Attributes$visibility$6: loaded 2 times (x 137B)
Class com.intellij.gradle.toolingExtension.impl.model.sourceSetDependencyModel.GradleSourceSetDependencyModelProvider: loaded 2 times (x 79B)
Class com.android.tools.idea.gradle.model.IdeJavaLibrary                              : loaded 2 times (x 70B)
Class com.android.tools.idea.gradle.model.ClasspathType                               : loaded 2 times (x 79B)
Class dagger.internal.codegen.model.DaggerTypeElement                                 : loaded 2 times (x 74B)
Class com.android.tools.idea.gradle.project.sync.AndroidVariantResolver               : loaded 2 times (x 70B)
Class com.android.tools.idea.gradle.model.impl.IdeDependenciesInfoImpl                : loaded 2 times (x 75B)
Class org.gradle.tooling.internal.consumer.converters.EclipseProjectHasAutoBuildMixin : loaded 2 times (x 72B)
Class org.gradle.tooling.UnknownModelException                                        : loaded 2 times (x 83B)
Class [Ldagger.internal.codegen.writing.InjectionMethods$InstanceCastPolicy;          : loaded 2 times (x 69B)
Class [Ldagger.internal.codegen.writing.FactoryGenerator$FactoryCreationStrategy;     : loaded 2 times (x 69B)
Class dagger.internal.codegen.model.DependencyRequest                                 : loaded 2 times (x 75B)
Class dagger.internal.codegen.validation.ProducesMethodValidator$Validator            : loaded 2 times (x 80B)
Class dagger.internal.codegen.processingstep.MonitoringModuleGenerator_Factory        : loaded 2 times (x 79B)
Class dagger.internal.codegen.validation.InjectValidator_Factory                      : loaded 2 times (x 79B)
Class dagger.spi.model.BindingGraphPlugin                                             : loaded 2 times (x 70B)
Class dagger.internal.codegen.base.ContributionType                                   : loaded 2 times (x 79B)
Class dagger.spi.internal.shaded.androidx.room.compiler.codegen.XClassName            : loaded 2 times (x 75B)
Class dagger.internal.codegen.base.Util                                               : loaded 2 times (x 71B)
Class dagger.spi.internal.shaded.androidx.room.jarjarred.kotlinx.metadata.internal.FlagDelegatesImplKt: loaded 2 times (x 71B)
Class dagger.spi.internal.shaded.androidx.room.jarjarred.kotlinx.metadata.jvm.internal.JvmConstructorExtension: loaded 2 times (x 83B)
Class dagger.spi.internal.shaded.androidx.room.jarjarred.kotlinx.metadata.internal.metadata.ProtoBuf$VersionRequirementTableOrBuilder: loaded 2 times (x 70B)
Class dagger.spi.internal.shaded.androidx.room.jarjarred.kotlinx.metadata.internal.metadata.ProtoBuf$Function$1: loaded 2 times (x 144B)
Class com.google.common.collect.ImmutableMap$SerializedForm                           : loaded 2 times (x 73B)
Class org.jetbrains.kotlin.com.intellij.util.lang.JavaVersion                         : loaded 2 times (x 74B)
Class net.rubygrapefruit.platform.internal.Platform$Linux                             : loaded 2 times (x 83B)
Class com.google.common.cache.LocalCache$LocalManualCache                             : loaded 2 times (x 99B)
Class org.gradle.internal.service.CachingServiceLocator                               : loaded 2 times (x 82B)
Class com.google.common.util.concurrent.AbstractFuture$Cancellation                   : loaded 2 times (x 72B)
Class com.google.common.io.Files$2                                                    : loaded 2 times (x 76B)
Class dagger.spi.internal.shaded.androidx.room.compiler.processing.XProcessingEnv     : loaded 2 times (x 70B)
Class dagger.spi.internal.shaded.androidx.room.jarjarred.kotlinx.metadata.jvm.JvmExtensionsKt: loaded 2 times (x 71B)
Class dagger.spi.internal.shaded.auto.common.MoreTypes                                : loaded 2 times (x 71B)
Class com.squareup.kotlinpoet.TagMap                                                  : loaded 2 times (x 77B)
Class com.android.tools.idea.gradle.project.sync.DependencyGraphCompat$AdjacencyList  : loaded 2 times (x 72B)
Class com.android.tools.idea.gradle.model.IdeProjectPath                              : loaded 2 times (x 70B)
Class kotlin.jvm.internal.Intrinsics$Kotlin                                           : loaded 2 times (x 71B)
Class dagger.spi.internal.shaded.androidx.room.jarjarred.kotlinx.metadata.jvm.internal.JvmPropertyExtension: loaded 2 times (x 88B)
Class kotlin.collections.AbstractList$SubList                                         : loaded 2 times (x 198B)
Class dagger.spi.internal.shaded.androidx.room.compiler.processing.javac.JavacAnnotationValue: loaded 2 times (x 155B)
Class org.gradle.tooling.model.idea.IdeaModule                                        : loaded 2 times (x 70B)
Class dagger.internal.codegen.binding.MembersInjectionBinding$InjectionSite$Kind      : loaded 2 times (x 79B)
Class dagger.internal.codegen.binding.AutoValue_MembersInjectionBinding_InjectionSite : loaded 2 times (x 77B)
Class dagger.internal.codegen.binding.MembersInjectionBinding$InjectionSite           : loaded 2 times (x 76B)
Class dagger.internal.codegen.xprocessing.XTypeElements$Visibility                    : loaded 2 times (x 79B)
Class dagger.internal.codegen.validation.DiagnosticReporterFactory_Factory            : loaded 2 times (x 79B)
Class dagger.spi.internal.shaded.androidx.room.compiler.processing.XPackageElement    : loaded 2 times (x 70B)
Class com.squareup.javapoet.WildcardTypeName                                          : loaded 2 times (x 81B)
Class dagger.internal.codegen.processingstep.MultibindingAnnotationsProcessingStep    : loaded 2 times (x 86B)
Class [Ldagger.spi.internal.shaded.androidx.room.jarjarred.kotlinx.metadata.internal.metadata.ProtoBuf$MemberKind;: loaded 2 times (x 69B)
Class dagger.spi.internal.shaded.androidx.room.jarjarred.kotlinx.metadata.internal.protobuf.UninitializedMessageException: loaded 2 times (x 84B)
Class dagger.spi.internal.shaded.androidx.room.jarjarred.kotlinx.metadata.jvm.JvmClassExtensionVisitor$Companion: loaded 2 times (x 71B)
Class dagger.internal.codegen.binding.DelegateDeclaration                             : loaded 2 times (x 80B)
Class dagger.spi.internal.shaded.androidx.room.compiler.processing.javac.JavacProcessingEnv$typeElementStore$1: loaded 2 times (x 79B)
Class dagger.hilt.processor.internal.root.RootProcessor                               : loaded 2 times (x 100B)
Class dagger.hilt.processor.internal.generatesrootinput.GeneratesRootInputProcessor   : loaded 2 times (x 100B)
Class dagger.spi.internal.shaded.androidx.room.compiler.processing.javac.JavacBasicAnnotationProcessor$xEnv$2: loaded 2 times (x 79B)
Class sync_studio_tooling6_9kxmo07ahv5hpf6dtg4m1g3br                                  : loaded 2 times (x 179B)
Class com.google.common.collect.Streams                                               : loaded 2 times (x 71B)
Class com.google.common.collect.AbstractMapBasedMultimap$KeySet                       : loaded 2 times (x 137B)
Class dagger.internal.codegen.binding.OptionalBindingDeclaration$Factory              : loaded 2 times (x 73B)
Class dagger.internal.codegen.bindinggraphvalidation.SubcomponentFactoryMethodValidator: loaded 2 times (x 85B)
Class dagger.internal.codegen.validation.BindingGraphValidator                        : loaded 2 times (x 72B)
Class io.opentelemetry.api.internal.OtelEncodingUtils                                 : loaded 2 times (x 71B)
Class org.gradle.tooling.internal.consumer.converters.IdeaModuleDependencyTargetNameMixin: loaded 2 times (x 73B)
Class [Ldagger.internal.codegen.validation.ModuleValidator$ModuleMethodKind;          : loaded 2 times (x 69B)
Class dagger.internal.codegen.binding.FrameworkTypeMapper                             : loaded 2 times (x 80B)
Class org.gradle.tooling.internal.adapter.ProtocolToModelAdapter$BeanMixInMethodInvoker: loaded 2 times (x 76B)
Class com.intellij.gradle.toolingExtension.impl.modelAction.GradleModelId             : loaded 2 times (x 72B)
Class com.android.builder.model.v2.ide.JUnitEngineInfo                                : loaded 2 times (x 70B)
Class com.android.tools.idea.gradle.project.sync.AndroidModule$V2                     : loaded 2 times (x 88B)
Class [Ldagger.internal.codegen.writing.InjectionMethods$CheckNotNullPolicy;          : loaded 2 times (x 69B)
Class dagger.internal.codegen.model.AutoValue_Key                                     : loaded 2 times (x 80B)
Class dagger.internal.codegen.writing.ProducerFactoryGenerator                        : loaded 2 times (x 77B)
Class dagger.internal.codegen.compileroption.ProcessingEnvironmentCompilerOptions$KeyOnlyOption: loaded 2 times (x 86B)
Class com.google.gson.stream.JsonReader$1                                             : loaded 2 times (x 72B)
Class com.google.common.cache.Cache                                                   : loaded 2 times (x 70B)
Class dagger.spi.internal.shaded.androidx.room.compiler.processing.KnownTypeNames     : loaded 2 times (x 71B)
Class com.google.common.cache.LocalCache$Strength                                     : loaded 2 times (x 81B)
Class com.google.common.base.Stopwatch                                                : loaded 2 times (x 72B)
Class dagger.spi.internal.shaded.androidx.room.compiler.processing.javac.ElementExtKt : loaded 2 times (x 71B)
Class [Ldagger.spi.internal.shaded.androidx.room.jarjarred.kotlinx.metadata.internal.metadata.ProtoBuf$Effect$InvocationKind;: loaded 2 times (x 69B)
Class dagger.spi.internal.shaded.androidx.room.jarjarred.kotlinx.metadata.Flag        : loaded 2 times (x 72B)
Class dagger.spi.internal.shaded.androidx.room.jarjarred.kotlinx.metadata.internal.protobuf.SmallSortedMap$Entry: loaded 2 times (x 88B)
Class dagger.spi.internal.shaded.androidx.room.jarjarred.kotlinx.metadata.internal.metadata.jvm.JvmProtoBuf$StringTableTypes$Record: loaded 2 times (x 119B)
Class org.jetbrains.kotlin.config.ApiVersion                                          : loaded 2 times (x 86B)
Class dagger.spi.internal.shaded.androidx.room.compiler.processing.javac.JavacProcessingEnv$typeElementStore$2: loaded 2 times (x 78B)
Class dagger.hilt.processor.internal.definecomponent.DefineComponentProcessingStep    : loaded 2 times (x 87B)
Class com.google.common.reflect.Types$TypeVariableInvocationHandler                   : loaded 2 times (x 75B)
Class org.objectweb.asm.commons.InstructionAdapter                                    : loaded 2 times (x 188B)
Class jdk.internal.jimage.ImageHeader                                                 : loaded 2 times (x 71B)
Class dagger.hilt.processor.internal.earlyentrypoint.EarlyEntryPointProcessingStep    : loaded 2 times (x 87B)
Class com.android.tools.idea.gradle.project.sync.AgpVersionsMismatch                  : loaded 2 times (x 82B)
Class dagger.spi.internal.shaded.androidx.room.compiler.processing.javac.JavacTypeElement$_declaredMethods$2: loaded 2 times (x 79B)
Class dagger.spi.internal.shaded.androidx.room.jarjarred.kotlinx.metadata.internal.protobuf.BoundedByteString: loaded 2 times (x 112B)
Class sync_studio_tooling275_1dejcmdd0z7e6igfu1m4foolo                                : loaded 2 times (x 179B)
Class com.android.tools.idea.gradle.project.sync.IdeSyncExecutionReport               : loaded 2 times (x 71B)
Class com.android.tools.idea.gradle.project.sync.FetchedVariantResult$Finished        : loaded 2 times (x 72B)
Class com.android.tools.idea.gradle.model.IdePreResolvedModuleLibraryImpl             : loaded 2 times (x 81B)
Class com.android.tools.idea.gradle.model.IdeAndroidLibraryImpl                       : loaded 2 times (x 106B)
Class com.android.tools.idea.gradle.project.sync.ModelCacheV2ImplKt$WhenMappings      : loaded 2 times (x 71B)
Class dagger.spi.internal.shaded.androidx.room.jarjarred.kotlinx.metadata.internal.metadata.ProtoBuf$TypeParameterOrBuilder: loaded 2 times (x 70B)
Class dagger.spi.internal.shaded.androidx.room.jarjarred.kotlinx.metadata.internal.protobuf.CodedOutputStream$OutOfSpaceException: loaded 2 times (x 82B)
Class org.gradle.tooling.model.idea.IdeaSourceDirectory                               : loaded 2 times (x 70B)
Class dagger.spi.internal.shaded.androidx.room.jarjarred.kotlinx.metadata.Attributes$modality$6: loaded 2 times (x 137B)
Class dagger.spi.internal.shaded.androidx.room.compiler.processing.javac.kotlin.KmClassContainer$functionList$2: loaded 2 times (x 79B)
Class dagger.internal.codegen.base.AutoValue_SetType                                  : loaded 2 times (x 77B)
Class [Ldagger.spi.internal.shaded.androidx.room.compiler.processing.XType;           : loaded 2 times (x 69B)
Class [Ldagger.spi.internal.shaded.androidx.room.compiler.processing.XAnnotated;      : loaded 2 times (x 69B)
Class dagger.internal.codegen.writing.GwtCompatibility                                : loaded 2 times (x 71B)
Class dagger.spi.internal.shaded.androidx.room.compiler.processing.javac.JavacFieldElement$kotlinMetadata$2: loaded 2 times (x 79B)
Class com.google.common.graph.Traverser$1                                             : loaded 2 times (x 74B)
Class dagger.internal.codegen.bindinggraphvalidation.NullableBindingValidator         : loaded 2 times (x 85B)
Class dagger.spi.internal.shaded.androidx.room.compiler.processing.XExecutableParameterElement: loaded 2 times (x 70B)
Class dagger.spi.internal.shaded.androidx.room.compiler.processing.javac.JavacVariableElement$type$2: loaded 2 times (x 79B)
Class dagger.internal.codegen.bindinggraphvalidation.DependsOnProductionExecutorValidator_Factory: loaded 2 times (x 79B)
Class dagger.spi.internal.shaded.auto.common.AnnotationMirrors$1                      : loaded 2 times (x 84B)
Class dagger.internal.codegen.bindinggraphvalidation.SetMultibindingValidator_Factory : loaded 2 times (x 78B)
Class dagger.spi.internal.shaded.androidx.room.compiler.processing.javac.kotlin.KmBaseTypeContainer: loaded 2 times (x 70B)
Class dagger.spi.internal.shaded.androidx.room.jarjarred.kotlinx.metadata.Attributes$visibility$22: loaded 2 times (x 137B)
Class dagger.spi.internal.shaded.androidx.room.compiler.processing.javac.JavacProcessingEnv$typeElementStore$3: loaded 2 times (x 79B)
Class org.objectweb.asm.signature.SignatureVisitor                                    : loaded 2 times (x 87B)
Class org.jetbrains.kotlin.name.FqName                                                : loaded 2 times (x 72B)
Class dagger.internal.codegen.binding.DependencyRequestFactory                        : loaded 2 times (x 72B)
Class [Lcom.android.tools.idea.gradle.project.sync.ModelFeature;                      : loaded 2 times (x 69B)
Class dagger.internal.codegen.binding.$AutoValue_ModuleDescriptor                     : loaded 2 times (x 85B)
Class dagger.internal.codegen.binding.BindsTypeChecker$1                              : loaded 2 times (x 71B)
Class dagger.spi.internal.shaded.auto.common.AnnotationOutput$SourceFormVisitor       : loaded 2 times (x 117B)
Class io.opentelemetry.api.trace.TraceStateBuilder                                    : loaded 2 times (x 70B)
Class com.android.tools.idea.gradle.project.sync.SyncVariantResultSuccess             : loaded 2 times (x 72B)
Class com.android.tools.idea.gradle.project.sync.FetchedVariant                       : loaded 2 times (x 72B)
Class com.android.tools.idea.gradle.model.impl.IdeSigningConfigImpl                   : loaded 2 times (x 78B)
Class org.jetbrains.plugins.gradle.model.GradleLightBuild                             : loaded 2 times (x 70B)
Class org.jetbrains.plugins.gradle.model.DefaultGradleLightProject                    : loaded 2 times (x 84B)
Class com.android.builder.model.v2.models.SourceType                                  : loaded 2 times (x 79B)
Class com.android.tools.idea.gradle.project.sync.SyncProjectActionWorker              : loaded 2 times (x 72B)
Class com.android.tools.idea.gradle.project.sync.AndroidModule$V1                     : loaded 2 times (x 88B)
Class org.jetbrains.plugins.gradle.model.ExternalFilter                               : loaded 2 times (x 70B)
Class com.intellij.openapi.util.SystemInfoRt                                          : loaded 2 times (x 71B)
Class com.intellij.openapi.diagnostic.Logger                                          : loaded 2 times (x 99B)
Class com.android.tools.idea.gradle.project.sync.SingleVariantSyncActionOptions       : loaded 2 times (x 73B)
Class dagger.internal.codegen.model.$AutoValue_Key                                    : loaded 2 times (x 80B)
Class kotlin.sequences.DistinctIterator                                               : loaded 2 times (x 83B)
Class com.google.common.graph.Traverser$2                                             : loaded 2 times (x 74B)
Class dagger.internal.codegen.processingstep.ComponentHjarProcessingStep_Factory      : loaded 2 times (x 79B)
Class dagger.internal.codegen.DaggerDelegateComponentProcessor_Injector$TopLevelImplementationComponentFactory: loaded 2 times (x 75B)
Class dagger.internal.codegen.base.ElementFormatter                                   : loaded 2 times (x 85B)
Class [Ldagger.internal.codegen.compileroption.ProcessingEnvironmentCompilerOptions$KeyOnlyOption;: loaded 2 times (x 69B)
Class com.android.tools.idea.gradle.project.sync.DeliverableAndroidModule             : loaded 2 times (x 76B)
Class dagger.hilt.processor.internal.kotlin.DaggerKotlinMetadataUtils_MetadataComponent$MetadataComponentImpl: loaded 2 times (x 75B)
Class dagger.spi.internal.shaded.androidx.room.jarjarred.kotlinx.metadata.KmFunctionVisitor: loaded 2 times (x 81B)
Class dagger.internal.codegen.base.ComponentCreatorAnnotation                         : loaded 2 times (x 79B)
Class dagger.spi.internal.shaded.androidx.room.jarjarred.kotlinx.metadata.KmConstructor: loaded 2 times (x 77B)
Class sync_studio_tooling11_cswlnxycjr2cbhtw8qf22uemp                                 : loaded 2 times (x 179B)
Class [Lorg.jetbrains.kotlin.cli.common.CompilerSystemProperties;                     : loaded 2 times (x 69B)
Class com.google.common.cache.CacheBuilder$OneWeigher                                 : loaded 2 times (x 82B)
Class dagger.internal.codegen.validation.ComponentDescriptorValidator                 : loaded 2 times (x 72B)
Class org.gradle.cache.GlobalCache                                                    : loaded 2 times (x 70B)
Class org.gradle.api.internal.classpath.UnknownModuleException                        : loaded 2 times (x 82B)
Class com.android.tools.idea.gradle.project.sync.ModelCache$V2                        : loaded 2 times (x 70B)
Class com.google.common.cache.Weigher                                                 : loaded 2 times (x 70B)
Class com.android.tools.idea.gradle.model.IdeDependencyCore                           : loaded 2 times (x 70B)
Class com.android.builder.model.v2.models.BaseTestSuiteSourceIdentity                 : loaded 2 times (x 70B)
Class com.android.tools.idea.gradle.project.sync.AndroidModule                        : loaded 2 times (x 88B)
Class kotlin.text.MatchResult$DefaultImpls                                            : loaded 2 times (x 71B)
Class dagger.spi.internal.shaded.androidx.room.compiler.processing.XParameterizable   : loaded 2 times (x 70B)
Class com.android.tools.idea.projectsystem.gradle.sync.Counter$time$1                 : loaded 2 times (x 78B)
Class org.jetbrains.plugins.gradle.model.MavenRepositoryModel                         : loaded 2 times (x 70B)
Class dagger.spi.internal.shaded.androidx.room.compiler.processing.javac.JavacTypeElement$DefaultJavacTypeElement: loaded 2 times (x 298B)
Class org.jetbrains.kotlin.gradle.idea.tcs.IdeaKotlinDependency                       : loaded 2 times (x 70B)
Class dagger.internal.codegen.binding.$AutoValue_ProvisionBinding                     : loaded 2 times (x 95B)
Class dagger.internal.codegen.model.BindingKind                                       : loaded 2 times (x 79B)
Class dagger.internal.codegen.base.$AutoValue_ComponentAnnotation                     : loaded 2 times (x 76B)
Class dagger.internal.codegen.compileroption.ProcessingEnvironmentCompilerOptions$Validation: loaded 2 times (x 93B)
Class dagger.internal.codegen.ProcessingEnvironmentModule                             : loaded 2 times (x 70B)
Class dagger.internal.codegen.ServiceLoaders$1                                        : loaded 2 times (x 71B)
Class dagger.internal.codegen.xprocessing.XAnnotations$1                              : loaded 2 times (x 84B)
Class kotlin.reflect.jvm.internal.pcollections.IntTree                                : loaded 2 times (x 72B)
Class dagger.internal.codegen.xprocessing.XTypes                                      : loaded 2 times (x 71B)
Class [Ldagger.spi.internal.shaded.androidx.room.jarjarred.kotlinx.metadata.internal.metadata.ProtoBuf$Visibility;: loaded 2 times (x 69B)
Class dagger.spi.internal.shaded.androidx.room.jarjarred.kotlinx.metadata.KmClassifier: loaded 2 times (x 71B)
Class dagger.spi.internal.shaded.androidx.room.jarjarred.kotlinx.metadata.internal.protobuf.SmallSortedMap$EmptySet: loaded 2 times (x 71B)
Class dagger.hilt.processor.internal.optionvalues.BooleanValue                        : loaded 2 times (x 79B)
Class jdk.internal.jimage.ImageBufferCache                                            : loaded 2 times (x 71B)
Class jdk.internal.jrtfs.JrtPath                                                      : loaded 2 times (x 118B)
Class com.google.common.reflect.Types$ClassOwnership$1LocalClass                      : loaded 2 times (x 71B)
Class net.rubygrapefruit.platform.internal.Platform$Unsupported                       : loaded 2 times (x 79B)
Class net.rubygrapefruit.platform.internal.Platform$FreeBSD32Bit                      : loaded 2 times (x 82B)
Class org.gradle.internal.classloader.ClasspathUtil                                   : loaded 2 times (x 71B)
Class dagger.spi.internal.shaded.androidx.room.jarjarred.kotlinx.metadata.internal.metadata.ProtoBuf$ValueParameter: loaded 2 times (x 128B)
Class dagger.spi.internal.shaded.androidx.room.jarjarred.kotlinx.metadata.internal.metadata.ProtoBuf$Class: loaded 2 times (x 180B)
Class com.squareup.javapoet.AnnotationSpec$Builder                                    : loaded 2 times (x 72B)
Class dagger.internal.codegen.xprocessing.XAnnotationValues                           : loaded 2 times (x 71B)
Class javax.inject.Provider                                                           : loaded 2 times (x 70B)
Class kotlin.jvm.internal.FunctionAdapter                                             : loaded 2 times (x 70B)
Class dagger.internal.codegen.validation.DependencyRequestValidator_Factory           : loaded 2 times (x 79B)
Class dagger.internal.codegen.validation.ExternalBindingGraphPlugins_Factory          : loaded 2 times (x 79B)
Class com.android.tools.idea.gradle.model.IdeAndroidGradlePluginProjectFlags          : loaded 2 times (x 70B)
Class dagger.internal.codegen.binding.BindingFactory                                  : loaded 2 times (x 72B)
Class dagger.internal.codegen.binding.BindingDeclaration                              : loaded 2 times (x 74B)
Class com.android.tools.idea.gradle.project.sync.AgpCompatibilityKt$WhenMappings      : loaded 2 times (x 71B)
Class dagger.internal.codegen.model.$AutoValue_Key$Builder                            : loaded 2 times (x 78B)
Class com.android.tools.idea.projectsystem.gradle.sync.Counter$time$2                 : loaded 2 times (x 78B)
Class org.gradle.tooling.internal.consumer.converters.GradleProjectIdentifierMixin    : loaded 2 times (x 73B)
Class com.intellij.util.ReflectionUtilRt                                              : loaded 2 times (x 71B)
Class com.android.tools.idea.gradle.project.sync.AndroidExtraModelProvider            : loaded 2 times (x 79B)
Class org.jetbrains.kotlin.idea.gradleTooling.KotlinMPPGradleModel$Companion          : loaded 2 times (x 71B)
Class dagger.spi.internal.shaded.androidx.room.compiler.processing.javac.JavacMethodType$NormalMethodType: loaded 2 times (x 91B)
Class dagger.internal.codegen.model.BindingGraphPlugin                                : loaded 2 times (x 70B)
Class dagger.internal.codegen.validation.MultibindsMethodValidator$Validator          : loaded 2 times (x 80B)
Class dagger.internal.codegen.processingstep.AssistedProcessingStep_Factory           : loaded 2 times (x 79B)
Class dagger.hilt.android.processor.internal.viewmodel.ViewModelValidationPlugin      : loaded 2 times (x 82B)
Class dagger.spi.internal.shaded.androidx.room.compiler.processing.javac.JavacArrayType: loaded 2 times (x 211B)
Class dagger.spi.internal.shaded.androidx.room.compiler.processing.javac.kotlin.JvmAbi: loaded 2 times (x 71B)
Class dagger.spi.internal.shaded.androidx.room.jarjarred.kotlinx.metadata.jvm.internal.JvmExtensionNodesKt: loaded 2 times (x 71B)
Class dagger.spi.internal.shaded.androidx.room.jarjarred.kotlinx.metadata.internal.metadata.ProtoBuf$Effect$InvocationKind: loaded 2 times (x 82B)
Class dagger.spi.internal.shaded.androidx.room.jarjarred.kotlinx.metadata.internal.metadata.ProtoBuf$Visibility$1: loaded 2 times (x 74B)
Class dagger.spi.internal.shaded.androidx.room.jarjarred.kotlinx.metadata.internal.ReadContext: loaded 2 times (x 72B)
Class dagger.spi.internal.shaded.androidx.room.jarjarred.kotlinx.metadata.internal.metadata.jvm.deserialization.BitEncoding: loaded 2 times (x 71B)
Class org.gradle.tooling.internal.consumer.versioning.VersionDetails$R48VersionDetails: loaded 2 times (x 80B)
Class net.rubygrapefruit.platform.internal.Platform$Unix                              : loaded 2 times (x 82B)
Class com.google.common.base.Charsets                                                 : loaded 2 times (x 71B)
Class com.google.common.util.concurrent.Uninterruptibles                              : loaded 2 times (x 71B)
Class com.android.ide.common.gradle.Module$Companion                                  : loaded 2 times (x 71B)
Class com.android.tools.idea.gradle.project.sync.BuildModelsAndMap                    : loaded 2 times (x 72B)
Class com.android.builder.model.v2.models.BasicTestSuite                              : loaded 2 times (x 70B)
Class com.google.gson.stream.MalformedJsonException                                   : loaded 2 times (x 82B)
Class [Lcom.android.tools.idea.gradle.model.IdeAaptOptions$Namespacing;               : loaded 2 times (x 69B)
Class sync_studio_tooling7_br33rtyyf52yhbbj1juqlbp8h                                  : loaded 2 times (x 179B)
Class kotlin.sequences.DistinctSequence                                               : loaded 2 times (x 75B)
Class com.android.tools.idea.gradle.project.sync.FetchedVariantResult$InProgress      : loaded 2 times (x 71B)
Class com.android.tools.idea.gradle.model.impl.IdeDependencyCoreImpl                  : loaded 2 times (x 76B)
Class [Lorg.gradle.tooling.internal.adapter.MethodInvoker;                            : loaded 2 times (x 69B)
Class io.opentelemetry.context.propagation.TextMapGetter                              : loaded 2 times (x 70B)
Class com.intellij.openapi.util.Comparing                                             : loaded 2 times (x 71B)
Class dagger.internal.codegen.bindinggraphvalidation.MissingBindingValidator          : loaded 2 times (x 85B)
Class com.android.tools.idea.gradle.project.sync.SyncActionOptions                    : loaded 2 times (x 72B)
Class dagger.internal.codegen.base.ModuleKind$1                                       : loaded 2 times (x 71B)
Class dagger.internal.codegen.componentgenerator.ComponentGeneratorModule_ComponentHjarGeneratorFactory: loaded 2 times (x 79B)
Class dagger.internal.codegen.validation.ComponentDescriptorValidator_Factory         : loaded 2 times (x 79B)
Class dagger.internal.codegen.bindinggraphvalidation.ProvisionDependencyOnProducerBindingValidator: loaded 2 times (x 85B)
Class dagger.internal.codegen.processingstep.TypeCheckingProcessingStep               : loaded 2 times (x 86B)
Class dagger.internal.codegen.binding.SourceFiles_Factory                             : loaded 2 times (x 78B)
Class [Ldagger.internal.codegen.xprocessing.XTypeElements$Visibility;                 : loaded 2 times (x 69B)
Class dagger.internal.codegen.bindinggraphvalidation.IncompatiblyScopedBindingsValidator: loaded 2 times (x 85B)
Class dagger.internal.codegen.processingstep.AssistedInjectProcessingStep             : loaded 2 times (x 86B)
Class org.gradle.api.internal.classpath.Module                                        : loaded 2 times (x 70B)
Class dagger.spi.internal.shaded.androidx.room.jarjarred.kotlinx.metadata.internal.protobuf.CodedInputStream: loaded 2 times (x 72B)
Class com.squareup.javapoet.ParameterizedTypeName                                     : loaded 2 times (x 81B)
Class com.squareup.javapoet.TypeVariableName                                          : loaded 2 times (x 81B)
Class com.google.common.io.CharSource                                                 : loaded 2 times (x 85B)
Class org.gradle.api.specs.Spec                                                       : loaded 2 times (x 70B)
Class dagger.spi.internal.shaded.androidx.room.jarjarred.kotlinx.metadata.internal.protobuf.WireFormat$JavaType: loaded 2 times (x 79B)
Class net.rubygrapefruit.platform.NativeException                                     : loaded 2 times (x 82B)
Class com.google.common.io.ByteArrayDataOutput                                        : loaded 2 times (x 70B)
Class dagger.spi.internal.shaded.androidx.room.jarjarred.kotlinx.metadata.internal.metadata.jvm.JvmProtoBuf$JvmFieldSignatureOrBuilder: loaded 2 times (x 70B)
Class io.opentelemetry.context.ThreadLocalContextStorage$ScopeImpl                    : loaded 2 times (x 79B)
Class dagger.spi.internal.shaded.androidx.room.jarjarred.kotlinx.metadata.internal.metadata.jvm.JvmProtoBuf$JvmMethodSignature$Builder: loaded 2 times (x 134B)
Class dagger.internal.codegen.validation.BindingElementValidator$1                    : loaded 2 times (x 71B)
Class dagger.internal.codegen.binding.ProductionBinding                               : loaded 2 times (x 95B)
Class dagger.internal.codegen.validation.ExternalBindingGraphPlugins                  : loaded 2 times (x 72B)
Class dagger.internal.codegen.binding.MultibindingDeclaration_Factory_Factory         : loaded 2 times (x 79B)
Class dagger.hilt.android.processor.internal.androidentrypoint.Generators$1           : loaded 2 times (x 71B)
Class dagger.hilt.android.processor.internal.androidentrypoint.AndroidEntryPointProcessingStep$1: loaded 2 times (x 71B)
Class dagger.hilt.processor.internal.kotlin.KotlinMetadataUtil                        : loaded 2 times (x 72B)
Class dagger.spi.internal.shaded.androidx.room.jarjarred.kotlinx.metadata.NodesKt     : loaded 2 times (x 71B)
Class dagger.spi.internal.shaded.androidx.room.jarjarred.kotlinx.metadata.Attributes$visibility$18: loaded 2 times (x 137B)
Class dagger.spi.internal.shaded.androidx.room.jarjarred.kotlinx.metadata.internal.metadata.ProtoBuf$AnnotationOrBuilder: loaded 2 times (x 70B)
Class dagger.spi.internal.shaded.androidx.room.jarjarred.kotlinx.metadata.internal.metadata.ProtoBuf$Property: loaded 2 times (x 148B)
Class dagger.spi.internal.shaded.androidx.room.jarjarred.kotlinx.metadata.internal.protobuf.SmallSortedMap: loaded 2 times (x 130B)
Class dagger.spi.internal.shaded.androidx.room.jarjarred.kotlinx.metadata.internal.metadata.ProtoBuf$Effect$EffectType$1: loaded 2 times (x 74B)
Class dagger.internal.codegen.xprocessing.XTypes$1                                    : loaded 2 times (x 71B)
Class jdk.internal.jimage.ImageReader$SharedImageReader$LocationVisitor               : loaded 2 times (x 70B)
Class com.google.common.reflect.Types$JavaVersion                                     : loaded 2 times (x 83B)
Class org.jetbrains.kotlin.name.Name                                                  : loaded 2 times (x 75B)
Class dagger.spi.internal.shaded.androidx.room.compiler.processing.InternalXAnnotationValue: loaded 2 times (x 155B)
Class dagger.spi.internal.shaded.androidx.room.compiler.processing.XArrayType         : loaded 2 times (x 70B)
Class com.squareup.kotlinpoet.Dynamic                                                 : loaded 2 times (x 82B)
Class dagger.spi.internal.shaded.androidx.room.jarjarred.kotlinx.metadata.internal.metadata.jvm.JvmProtoBuf$JvmPropertySignature$1: loaded 2 times (x 144B)
Class dagger.spi.internal.shaded.androidx.room.jarjarred.kotlinx.metadata.KmValueParameterVisitor: loaded 2 times (x 76B)
Class com.squareup.kotlinpoet.LineWrapper                                             : loaded 2 times (x 78B)
Class dagger.internal.codegen.bindinggraphvalidation.MapMultibindingValidator_Factory : loaded 2 times (x 79B)
Class com.google.common.collect.ImmutableSetMultimap$Builder                          : loaded 2 times (x 83B)
Class com.android.tools.idea.gradle.model.IdeUnresolvedLibrary                        : loaded 2 times (x 70B)
Class com.android.tools.idea.gradle.project.sync.ModelCacheV2ImplKt$modelCacheV2Impl$variantCoreFrom$6: loaded 2 times (x 125B)
Class com.android.tools.idea.gradle.model.impl.BuildFolderPaths                       : loaded 2 times (x 72B)
Class com.intellij.gradle.toolingExtension.impl.modelAction.GradleModelHolderState    : loaded 2 times (x 77B)
Class dagger.internal.codegen.binding.$AutoValue_DelegateDeclaration                  : loaded 2 times (x 83B)
Class dagger.internal.codegen.validation.ProducesMethodValidator_Factory              : loaded 2 times (x 79B)
Class dagger.spi.internal.shaded.androidx.room.compiler.processing.ksp.KSTypeJavaPoetExtKt: loaded 2 times (x 71B)
Class dagger.hilt.processor.internal.kotlin.KotlinMetadataFactory_Factory             : loaded 2 times (x 78B)
Class dagger.spi.internal.shaded.androidx.room.compiler.processing.javac.JavacMethodType$typeVariableNames$2: loaded 2 times (x 79B)
Class [Ldagger.internal.codegen.model.DependencyRequest;                              : loaded 2 times (x 69B)
Class dagger.spi.internal.shaded.androidx.room.compiler.processing.javac.kotlin.KmClassContainer$superType$2: loaded 2 times (x 79B)
Class org.gradle.tooling.model.java.InstalledJdk                                      : loaded 2 times (x 70B)
Class com.intellij.openapi.diagnostic.Logger$Factory                                  : loaded 2 times (x 70B)
Class kotlin.reflect.jvm.internal.KClassCacheKt                                       : loaded 2 times (x 71B)
Class com.google.common.cache.LocalCache$LoadingValueReference                        : loaded 2 times (x 96B)
Class [Ldagger.spi.internal.shaded.androidx.room.jarjarred.kotlinx.metadata.internal.metadata.ProtoBuf$VersionRequirement$Level;: loaded 2 times (x 69B)
Class dagger.spi.internal.shaded.androidx.room.jarjarred.kotlinx.metadata.jvm.JvmPropertyExtensionVisitor: loaded 2 times (x 82B)
Class dagger.spi.internal.shaded.androidx.room.jarjarred.kotlinx.metadata.KmFunction  : loaded 2 times (x 82B)
Class com.squareup.kotlinpoet.TypeName                                                : loaded 2 times (x 82B)
Class dagger.hilt.processor.internal.BaseProcessingStep                               : loaded 2 times (x 87B)
Class dagger.hilt.processor.internal.aggregateddeps.AggregatedDepsProcessor           : loaded 2 times (x 100B)
Class dagger.spi.internal.shaded.androidx.room.compiler.processing.CommonProcessorDelegate$processRound$currentElementsDeferredByStep$1$previousRoundDeferredElementsByAnnotation$1: loaded 2 times (x 78B)
Class dagger.spi.internal.shaded.androidx.room.compiler.processing.javac.JavacTypeElement$packageElement$2: loaded 2 times (x 79B)
Class dagger.spi.internal.shaded.androidx.room.jarjarred.kotlinx.metadata.KmDeclarationContainerVisitor: loaded 2 times (x 77B)
Class dagger.spi.internal.shaded.androidx.room.jarjarred.kotlinx.metadata.internal.protobuf.GeneratedMessageLite$ExtendableMessage: loaded 2 times (x 113B)
Class com.intellij.gradle.toolingExtension.impl.modelSerialization.DefaultSerializationService: loaded 2 times (x 76B)
Class io.opentelemetry.api.trace.SpanBuilder                                          : loaded 2 times (x 70B)
Class io.opentelemetry.api.DefaultOpenTelemetry                                       : loaded 2 times (x 89B)
Class [Ldagger.spi.internal.shaded.androidx.room.jarjarred.kotlinx.metadata.internal.metadata.jvm.JvmProtoBuf$StringTableTypes$Record$Operation;: loaded 2 times (x 69B)
Class org.gradle.tooling.model.BuildModel                                             : loaded 2 times (x 70B)
Class dagger.internal.codegen.binding.MultibindingDeclaration                         : loaded 2 times (x 78B)
Class dagger.internal.codegen.writing.UnwrappedMapKeyGenerator_Factory                : loaded 2 times (x 79B)
Class dagger.internal.codegen.writing.ModuleProxies$ModuleConstructorProxyGenerator   : loaded 2 times (x 77B)
Class dagger.internal.codegen.compileroption.ProcessingEnvironmentCompilerOptions$CommandLineOption: loaded 2 times (x 70B)
Class dagger.internal.codegen.validation.ComponentValidator_Factory                   : loaded 2 times (x 79B)
Class dagger.spi.internal.shaded.auto.common.Overrides$ExplicitOverrides$TypeSubstVisitor: loaded 2 times (x 106B)
Class dagger.spi.internal.shaded.androidx.room.jarjarred.kotlinx.metadata.Attributes$isReified$2: loaded 2 times (x 137B)
Class dagger.spi.internal.shaded.androidx.room.jarjarred.kotlinx.metadata.internal.metadata.ProtoBuf$VersionRequirement$Level: loaded 2 times (x 82B)
Class com.squareup.javapoet.MethodSpec$Builder                                        : loaded 2 times (x 72B)
Class dagger.hilt.processor.internal.kotlin.DaggerKotlinMetadataUtils_MetadataComponent: loaded 2 times (x 71B)
Class dagger.spi.internal.shaded.androidx.room.compiler.processing.javac.JavacMethodParameter$jvmName$2: loaded 2 times (x 79B)
Class dagger.spi.internal.shaded.androidx.room.jarjarred.kotlinx.metadata.internal.metadata.deserialization.Flags$BooleanFlagField: loaded 2 times (x 76B)
Class dagger.spi.internal.shaded.androidx.room.jarjarred.kotlinx.metadata.internal.metadata.jvm.JvmProtoBuf$JvmPropertySignature$Builder: loaded 2 times (x 141B)
Class [Ldagger.spi.internal.shaded.androidx.room.jarjarred.kotlinx.metadata.internal.protobuf.Internal$EnumLite;: loaded 2 times (x 69B)
Class dagger.spi.internal.shaded.androidx.room.jarjarred.kotlinx.metadata.internal.metadata.ProtoBuf$Type$1: loaded 2 times (x 144B)
Class dagger.spi.internal.shaded.androidx.room.jarjarred.kotlinx.metadata.internal.metadata.ProtoBuf$Constructor$1: loaded 2 times (x 144B)
Class kotlin.collections.MapWithDefaultImpl                                           : loaded 2 times (x 126B)
Class com.squareup.javapoet.ArrayTypeName                                             : loaded 2 times (x 81B)
Class dagger.internal.codegen.ProcessingEnvironmentModule_MessagerFactory             : loaded 2 times (x 79B)
Class jdk.internal.jimage.decompressor.ResourceDecompressorRepository                 : loaded 2 times (x 71B)
Class com.google.common.reflect.Invokable$MethodInvokable                             : loaded 2 times (x 107B)
Class dagger.internal.codegen.validation.BindingMethodValidator$Abstractness          : loaded 2 times (x 79B)
Class com.intellij.openapi.externalSystem.model.ExternalSystemException               : loaded 2 times (x 86B)
Class org.jetbrains.kotlin.idea.projectModel.KotlinTarget                             : loaded 2 times (x 70B)
Class dagger.internal.codegen.extension.DaggerCollectors                              : loaded 2 times (x 71B)
Class io.opentelemetry.api.GlobalOpenTelemetry$ObfuscatedOpenTelemetry                : loaded 2 times (x 92B)
Class com.android.tools.idea.gradle.project.sync.ResolvedAndroidProjectPath           : loaded 2 times (x 70B)
Class com.android.tools.idea.gradle.model.IdeDependenciesCore                         : loaded 2 times (x 70B)
Class com.android.tools.idea.gradle.model.impl.IdeDependenciesImplKt                  : loaded 2 times (x 71B)
Class io.opentelemetry.api.internal.IncubatingUtil                                    : loaded 2 times (x 71B)
Class com.android.tools.idea.gradle.model.ResolverType                                : loaded 2 times (x 79B)
Class dagger.spi.internal.shaded.androidx.room.compiler.processing.javac.JavacMethodElement$parameters$2: loaded 2 times (x 79B)
Class com.android.tools.idea.gradle.project.sync.AgpVersionIncompatible               : loaded 2 times (x 82B)
Class com.squareup.javapoet.LineWrapper$RecordingAppendable                           : loaded 2 times (x 77B)
Class com.android.tools.idea.gradle.project.sync.ModelVersion                         : loaded 2 times (x 75B)
Class dagger.spi.internal.shaded.androidx.room.jarjarred.kotlinx.metadata.internal.metadata.deserialization.Flags$FlagField: loaded 2 times (x 73B)
Class dagger.spi.internal.shaded.androidx.room.jarjarred.kotlinx.metadata.internal.metadata.ProtoBuf$ValueParameter$1: loaded 2 times (x 144B)
Class io.opentelemetry.context.propagation.TextMapPropagator                          : loaded 2 times (x 70B)
Class dagger.hilt.android.processor.internal.customtestapplication.CustomTestApplicationProcessor: loaded 2 times (x 100B)
Class com.google.common.primitives.Ints                                               : loaded 2 times (x 71B)
Class org.jetbrains.kotlin.name.ClassId                                               : loaded 2 times (x 72B)
Class com.google.common.reflect.Reflection                                            : loaded 2 times (x 71B)
Class dagger.spi.internal.shaded.androidx.room.jarjarred.kotlinx.metadata.internal.metadata.jvm.JvmProtoBuf$JvmFieldSignature: loaded 2 times (x 108B)
Class com.intellij.gradle.toolingExtension.modelAction.GradleProjectLoadedModelFetchPhase: loaded 2 times (x 81B)
Class dagger.internal.codegen.base.MapKeyAccessibility                                : loaded 2 times (x 71B)
Class dagger.hilt.android.processor.internal.viewmodel.ViewModelValidationPluginKt    : loaded 2 times (x 71B)
Class dagger.internal.codegen.validation.ProvidesMethodValidator                      : loaded 2 times (x 78B)
Class dagger.internal.codegen.DelegateComponentProcessor_SourceFileGeneratorsModule_FactoryGeneratorFactory: loaded 2 times (x 79B)
Class dagger.spi.internal.shaded.androidx.room.jarjarred.kotlinx.metadata.KmVersionRequirementVersionKind: loaded 2 times (x 79B)
Class dagger.spi.internal.shaded.androidx.room.jarjarred.kotlinx.metadata.internal.metadata.deserialization.VersionRequirement$Companion$WhenMappings: loaded 2 times (x 71B)
Class dagger.hilt.android.processor.internal.androidentrypoint.ActivityGenerator      : loaded 2 times (x 72B)
Class dagger.spi.internal.shaded.androidx.room.compiler.processing.javac.JavacConstructorElement$kotlinMetadata$2: loaded 2 times (x 79B)
Class dagger.spi.internal.shaded.androidx.room.jarjarred.kotlinx.metadata.internal.protobuf.WireFormat: loaded 2 times (x 71B)
Class dagger.spi.internal.shaded.androidx.room.jarjarred.kotlinx.metadata.Flag$Common : loaded 2 times (x 71B)
Class dagger.spi.internal.shaded.androidx.room.jarjarred.kotlinx.metadata.internal.metadata.ProtoBuf$Function: loaded 2 times (x 149B)
Class com.google.devtools.ksp.symbol.KSNode                                           : loaded 2 times (x 70B)
Class dagger.spi.internal.shaded.androidx.room.compiler.processing.javac.JavacTypeElement$enclosingElement$2: loaded 2 times (x 79B)
Class jdk.internal.jimage.ImageReader$Directory                                       : loaded 2 times (x 84B)
Class [Lorg.objectweb.asm.AnnotationWriter;                                           : loaded 2 times (x 69B)
Class com.google.common.primitives.Ints$IntConverter                                  : loaded 2 times (x 90B)
Class dagger.internal.codegen.writing.MembersInjectorGenerator_Factory                : loaded 2 times (x 79B)
Class dagger.spi.internal.shaded.androidx.room.jarjarred.kotlinx.metadata.jvm.internal.JvmTypeExtension: loaded 2 times (x 86B)
Class dagger.spi.internal.shaded.androidx.room.jarjarred.kotlinx.metadata.KmValueParameter: loaded 2 times (x 77B)
Class dagger.internal.codegen.validation.AnyBindingMethodValidator                    : loaded 2 times (x 75B)
Class dagger.spi.internal.shaded.androidx.room.jarjarred.kotlinx.metadata.Attributes$modality$2: loaded 2 times (x 137B)
Class dagger.internal.codegen.xprocessing.XProcessingEnvs$1                           : loaded 2 times (x 71B)
Class com.intellij.openapi.util.io.FileUtilRt$SymlinkResolver                         : loaded 2 times (x 70B)
Class com.android.tools.idea.gradle.model.IdeJavaLibraryImpl                          : loaded 2 times (x 92B)
Class com.android.tools.idea.gradle.model.IdeJavaCompileOptions                       : loaded 2 times (x 70B)
Class [Lcom.android.tools.idea.gradle.model.CodeShrinker;                             : loaded 2 times (x 69B)
Class com.android.tools.idea.gradle.project.sync.ModelCacheV2ImplKt$modelCacheV2Impl$variantCoreFrom$9: loaded 2 times (x 125B)
Class dagger.hilt.android.processor.internal.androidentrypoint.AndroidEntryPointMetadata$AndroidType: loaded 2 times (x 79B)
Class com.android.tools.idea.gradle.model.IdeArtifactName$Companion                   : loaded 2 times (x 71B)
Class dagger.spi.internal.shaded.androidx.room.compiler.processing.util.MemoizedSequence$CachedIterator: loaded 2 times (x 79B)
Class dagger.internal.codegen.ServiceLoaders                                          : loaded 2 times (x 71B)
Class dagger.internal.codegen.validation.BindsOptionalOfMethodValidator$Validator     : loaded 2 times (x 80B)
Class dagger.internal.codegen.model.BindingGraph$MaybeBinding                         : loaded 2 times (x 70B)
Class dagger.internal.codegen.binding.InjectionSiteFactory$InjectionSiteVisitor       : loaded 2 times (x 72B)
Class io.opentelemetry.context.ArrayBasedContext                                      : loaded 2 times (x 100B)
Class org.gradle.tooling.internal.consumer.connection.InternalPhasedActionAdapter     : loaded 2 times (x 78B)
Class io.opentelemetry.context.DefaultContextKey                                      : loaded 2 times (x 72B)
Class dagger.internal.codegen.base.SourceFileGenerator                                : loaded 2 times (x 77B)
Class dagger.internal.codegen.binding.SourceFiles                                     : loaded 2 times (x 71B)
Class dagger.internal.codegen.DaggerDelegateComponentProcessor_Injector               : loaded 2 times (x 71B)
Class com.intellij.gradle.toolingExtension.impl.util.GradleTreeTraverserUtil          : loaded 2 times (x 71B)
Class com.android.tools.idea.gradle.model.impl.FileImplKt                             : loaded 2 times (x 71B)
Class dagger.spi.internal.shaded.androidx.room.jarjarred.kotlinx.metadata.internal.extensions.KmFunctionExtension: loaded 2 times (x 70B)
Class com.android.ide.common.repository.AgpVersion                                    : loaded 2 times (x 75B)
Class dagger.spi.internal.shaded.auto.common.MoreTypes$ArrayTypeVisitor               : loaded 2 times (x 102B)
Class dagger.spi.internal.shaded.androidx.room.compiler.processing.javac.kotlin.KmClassContainer$superTypes$2: loaded 2 times (x 79B)
Class [Ldagger.spi.internal.shaded.androidx.room.jarjarred.kotlinx.metadata.internal.metadata.ProtoBuf$VersionRequirement$VersionKind;: loaded 2 times (x 69B)
Class kotlin.io.FileTreeWalk$FileTreeWalkIterator                                     : loaded 2 times (x 83B)
Class com.google.common.cache.LocalCache$StrongValueReference                         : loaded 2 times (x 90B)
Class com.google.common.util.concurrent.AbstractFuture$SynchronizedHelper             : loaded 2 times (x 78B)
Class net.rubygrapefruit.platform.NativeIntegrationUnavailableException               : loaded 2 times (x 82B)
Class org.gradle.api.internal.classpath.DefaultModuleRegistry$DefaultModule           : loaded 2 times (x 86B)
Class org.jetbrains.plugins.gradle.tooling.serialization.internal.IdeaProjectSerializationService$1: loaded 2 times (x 76B)
Class org.jetbrains.plugins.gradle.model.GradleConvention                             : loaded 2 times (x 70B)
Class com.android.tools.idea.gradle.project.sync.LibraryIdentity$LibraryIdentityProvider: loaded 2 times (x 72B)
Class org.gradle.tooling.model.SourceDirectory                                        : loaded 2 times (x 70B)
Class com.intellij.openapi.util.io.FileUtilRt                                         : loaded 2 times (x 71B)
Class org.objectweb.asm.FieldVisitor                                                  : loaded 2 times (x 77B)
Class org.gradle.internal.impldep.com.google.common.base.Preconditions                : loaded 2 times (x 71B)
Class org.gradle.tooling.model.idea.IdeaSingleEntryLibraryDependency                  : loaded 2 times (x 70B)
Class org.gradle.tooling.model.ExternalDependency                                     : loaded 2 times (x 70B)
Class com.android.tools.idea.gradle.project.sync.ModelConsumerVersion                 : loaded 2 times (x 75B)
Class dagger.internal.codegen.base.ComponentCreatorKind                               : loaded 2 times (x 79B)
Class jdk.internal.jimage.ImageBufferCache$2                                          : loaded 2 times (x 91B)
Class dagger.internal.codegen.javapoet.TypeNames                                      : loaded 2 times (x 71B)
Class dagger.internal.codegen.validation.ModuleValidator_Factory                      : loaded 2 times (x 79B)
Class dagger.internal.codegen.validation.BindsOptionalOfMethodValidator_Factory       : loaded 2 times (x 79B)
Class [Lcom.squareup.javapoet.LineWrapper$FlushType;                                  : loaded 2 times (x 69B)
Class dagger.spi.internal.shaded.androidx.room.compiler.processing.javac.JavacExecutableElement: loaded 2 times (x 223B)
Class dagger.spi.internal.shaded.androidx.room.compiler.processing.InternalXAnnotation: loaded 2 times (x 139B)
Class dagger.spi.internal.shaded.androidx.room.jarjarred.kotlinx.metadata.internal.metadata.deserialization.Flags$EnumLiteFlagField: loaded 2 times (x 76B)
Class dagger.spi.internal.shaded.androidx.room.jarjarred.kotlinx.metadata.internal.metadata.ProtoBuf$Package: loaded 2 times (x 129B)
Class dagger.hilt.processor.internal.aliasof.AliasOfProcessor                         : loaded 2 times (x 100B)
Class dagger.spi.internal.shaded.androidx.room.jarjarred.kotlinx.metadata.internal.protobuf.MessageLite: loaded 2 times (x 70B)
Class net.rubygrapefruit.platform.internal.WrapperProcessLauncher                     : loaded 2 times (x 76B)
Class [Lorg.jetbrains.kotlin.config.JVMAssertionsMode;                                : loaded 2 times (x 69B)
Class org.jetbrains.kotlin.config.JVMAssertionsMode                                   : loaded 2 times (x 79B)
Class [Lcom.google.gson.stream.JsonToken;                                             : loaded 2 times (x 69B)
Class org.objectweb.asm.Type                                                          : loaded 2 times (x 72B)
Class org.gradle.internal.classloader.VisitableURLClassLoader$InstrumentingVisitableURLClassLoader: loaded 2 times (x 123B)
Class io.opentelemetry.context.ContextStorageProvider                                 : loaded 2 times (x 70B)
Class org.gradle.tooling.internal.consumer.connection.ToolingParameterProxy           : loaded 2 times (x 76B)
Class dagger.spi.internal.shaded.androidx.room.jarjarred.kotlinx.metadata.internal.metadata.ProtoBuf$ClassOrBuilder: loaded 2 times (x 70B)
Class dagger.spi.internal.shaded.androidx.room.compiler.processing.InternalXAnnotation$valuesByName$2: loaded 2 times (x 79B)
Class org.jetbrains.plugins.gradle.tooling.serialization.internal.IdeaProjectSerializationService$2: loaded 2 times (x 77B)
Class kotlin.sequences.SequencesKt__SequencesKt$sequenceOf$1$1                        : loaded 2 times (x 79B)
Class com.android.tools.idea.gradle.project.sync.AllVariantsSyncActionOptions         : loaded 2 times (x 73B)
Class com.android.tools.idea.gradle.model.impl.IdeProductFlavorImpl                   : loaded 2 times (x 101B)
Class dagger.spi.internal.shaded.androidx.room.compiler.processing.javac.JavacConstructorElement$executableType$2: loaded 2 times (x 79B)
Class com.squareup.javapoet.JavaFile$Builder                                          : loaded 2 times (x 72B)
Class dagger.spi.internal.shaded.androidx.room.jarjarred.kotlinx.metadata.internal.metadata.ProtoBuf$VersionRequirement$Level$1: loaded 2 times (x 74B)
Class dagger.internal.codegen.processingstep.BindingMethodProcessingStep              : loaded 2 times (x 86B)
Class [[Ldagger.internal.codegen.compileroption.ProcessingEnvironmentCompilerOptions$CommandLineOption;: loaded 2 times (x 69B)
Class dagger.spi.internal.shaded.androidx.room.compiler.processing.XConstructorType   : loaded 2 times (x 70B)
Class dagger.internal.codegen.model.AutoValue_DependencyRequest                       : loaded 2 times (x 76B)
Class dagger.internal.codegen.javapoet.AnnotationSpecs$Suppression                    : loaded 2 times (x 79B)
Class io.opentelemetry.api.trace.SpanId                                               : loaded 2 times (x 71B)
Class com.intellij.gradle.toolingExtension.impl.model.taskModel.GradleTaskModelProvider: loaded 2 times (x 78B)
Class dagger.internal.codegen.writing.InjectionMethods                                : loaded 2 times (x 71B)
Class [Ldagger.internal.codegen.validation.BindingElementValidator$AllowsScoping;     : loaded 2 times (x 69B)
Class dagger.internal.codegen.validation.BindingMethodValidator                       : loaded 2 times (x 78B)
Class dagger.internal.codegen.processingstep.MonitoringModuleProcessingStep_Factory   : loaded 2 times (x 79B)
Class dagger.internal.codegen.base.DaggerSuperficialValidation$ValidationException$UnknownErrorType: loaded 2 times (x 83B)
Class [Ldagger.internal.codegen.compileroption.ProcessingEnvironmentCompilerOptions$EnumOption;: loaded 2 times (x 69B)
Class dagger.internal.codegen.bindinggraphvalidation.InjectBindingValidator_Factory   : loaded 2 times (x 79B)
Class dagger.hilt.processor.internal.Processors                                       : loaded 2 times (x 71B)
Class dagger.spi.internal.shaded.androidx.room.compiler.processing.XTypeVariableType  : loaded 2 times (x 70B)
Class io.opentelemetry.context.ImplicitContextKeyed                                   : loaded 2 times (x 70B)
Class dagger.spi.internal.shaded.androidx.room.jarjarred.kotlinx.metadata.KmClass     : loaded 2 times (x 98B)
Class dagger.spi.internal.shaded.androidx.room.compiler.processing.XMessager          : loaded 2 times (x 73B)
Class com.android.tools.idea.gradle.project.sync.ModuleId                             : loaded 2 times (x 72B)
Class com.google.common.io.Files$FileByteSink                                         : loaded 2 times (x 77B)
Class org.objectweb.asm.ByteVector                                                    : loaded 2 times (x 79B)
Class [Lcom.google.common.cache.CacheBuilder$NullListener;                            : loaded 2 times (x 69B)
Class org.gradle.internal.classloader.VisitableURLClassLoader$Spec                    : loaded 2 times (x 74B)
Class org.gradle.internal.classpath.DefaultClassPath                                  : loaded 2 times (x 90B)
Class com.android.tools.idea.gradle.model.IdeBuildType                                : loaded 2 times (x 70B)
Class com.android.tools.idea.gradle.project.sync.ArtifactRef                          : loaded 2 times (x 71B)
Class com.android.tools.idea.gradle.project.sync.VariantSelectionChange               : loaded 2 times (x 72B)
Class com.android.tools.idea.gradle.project.sync.VariantDef                           : loaded 2 times (x 72B)
Class com.android.tools.idea.gradle.project.sync.GradleModulesKt                      : loaded 2 times (x 71B)
Class com.android.tools.idea.gradle.project.sync.InternedModels$nameLibraries$IdeModelAndReferenceAndIdentity: loaded 2 times (x 75B)
Class org.jetbrains.plugins.gradle.tooling.serialization.internal.IdeaProjectSerializationService$WriteContext$FilePathComparator: loaded 2 times (x 91B)
Class net.rubygrapefruit.platform.internal.Platform                                   : loaded 2 times (x 79B)
Class org.jetbrains.plugins.gradle.tooling.serialization.internal.IdeaProjectSerializationService$3: loaded 2 times (x 77B)
Class com.android.tools.idea.gradle.model.IdeAndroidLibrary                           : loaded 2 times (x 70B)
Class org.gradle.api.internal.classpath.EffectiveClassPath                            : loaded 2 times (x 90B)
Class [Lcom.android.tools.idea.gradle.project.sync.AndroidModule$NativeModelVersion;  : loaded 2 times (x 69B)
Class com.android.tools.idea.gradle.model.impl.IdeAndroidProjectImpl$Companion        : loaded 2 times (x 71B)
Class com.android.tools.idea.gradle.model.impl.IdeAaptOptionsImpl                     : loaded 2 times (x 75B)
Class org.gradle.internal.classloader.ClasspathUtil$1                                 : loaded 2 times (x 76B)
Class com.google.common.cache.CacheLoader$UnsupportedLoadingOperationException        : loaded 2 times (x 82B)
Class org.objectweb.asm.ClassWriter                                                   : loaded 2 times (x 106B)
Class com.google.common.collect.AbstractMapBasedMultimap$KeySet$1                     : loaded 2 times (x 82B)
Class [Lnet.rubygrapefruit.platform.internal.FunctionResult$Failure;                  : loaded 2 times (x 69B)
Class jdk.internal.jimage.ImageBufferCache$1                                          : loaded 2 times (x 83B)
Class dagger.spi.internal.shaded.androidx.room.jarjarred.kotlinx.metadata.internal.metadata.deserialization.BinaryVersion$Companion: loaded 2 times (x 71B)
Class dagger.spi.internal.shaded.androidx.room.jarjarred.kotlinx.metadata.internal.metadata.ProtoBuf$Type$Argument: loaded 2 times (x 110B)
Class org.gradle.tooling.internal.consumer.versioning.VersionDetails$R26VersionDetails: loaded 2 times (x 80B)
Class dagger.internal.codegen.base.RequestKinds$1                                     : loaded 2 times (x 71B)
Class dagger.internal.codegen.base.DaggerSuperficialValidation$1                      : loaded 2 times (x 71B)
Class [Ldagger.internal.codegen.validation.ValidationBindingGraphPlugin;              : loaded 2 times (x 69B)
Class dagger.internal.codegen.binding.ModuleDescriptor$Factory                        : loaded 2 times (x 75B)
Class dagger.internal.codegen.processingstep.BindsInstanceProcessingStep_Factory      : loaded 2 times (x 79B)
Class dagger.internal.codegen.validation.BindingMethodValidator$ExceptionSuperclass$1 : loaded 2 times (x 81B)
Class dagger.internal.codegen.writing.UnwrappedMapKeyGenerator                        : loaded 2 times (x 80B)
Class dagger.spi.internal.shaded.androidx.room.compiler.processing.XExecutableType    : loaded 2 times (x 70B)
Class dagger.internal.codegen.bindinggraphvalidation.SetMultibindingValidator_Factory$InstanceHolder: loaded 2 times (x 71B)
Class dagger.internal.codegen.bindinggraphvalidation.MissingBindingValidator_Factory  : loaded 2 times (x 79B)
Class dagger.internal.codegen.binding.ModuleDescriptor_Factory_Factory                : loaded 2 times (x 79B)
Class dagger.internal.codegen.binding.DelegateDeclaration_Factory_Factory             : loaded 2 times (x 79B)
Class dagger.spi.internal.shaded.androidx.room.compiler.processing.javac.JavacMethodParameter: loaded 2 times (x 225B)
Class com.squareup.javapoet.TypeSpec                                                  : loaded 2 times (x 72B)
Class dagger.spi.internal.shaded.androidx.room.compiler.processing.javac.kotlin.KotlinClassMetadataUtilsKt: loaded 2 times (x 71B)
Class dagger.spi.internal.shaded.androidx.room.jarjarred.kotlinx.metadata.Attributes$visibility$14: loaded 2 times (x 137B)
Class [Ldagger.spi.internal.shaded.androidx.room.jarjarred.kotlinx.metadata.internal.metadata.ProtoBuf$Type$Argument$Projection;: loaded 2 times (x 69B)
Class dagger.spi.internal.shaded.androidx.room.jarjarred.kotlinx.metadata.internal.protobuf.RopeByteString: loaded 2 times (x 110B)
Class jdk.internal.jimage.decompressor.ZipDecompressorFactory                         : loaded 2 times (x 74B)
Class com.google.common.reflect.Types$ClassOwnership                                  : loaded 2 times (x 80B)
Class org.objectweb.asm.Symbol                                                        : loaded 2 times (x 73B)
Class com.google.common.base.AbstractIterator                                         : loaded 2 times (x 80B)
Class dagger.internal.Factory                                                         : loaded 2 times (x 70B)
Class dagger.internal.codegen.binding.InjectionAnnotations_Factory                    : loaded 2 times (x 79B)
Class dagger.internal.codegen.binding.MonitoringModules_Factory                       : loaded 2 times (x 78B)
Class com.android.tools.idea.gradle.model.impl.IdeVariantCoreSerializable             : loaded 2 times (x 70B)
Class com.android.builder.model.v2.models.ndk.NativeBuildSystem                       : loaded 2 times (x 79B)
Class dagger.internal.codegen.validation.ComponentCreatorValidator_Factory            : loaded 2 times (x 79B)
Class com.android.tools.idea.gradle.model.IdeCompositeBuildMap                        : loaded 2 times (x 70B)
Class org.gradle.tooling.model.cpp.CppBinary                                          : loaded 2 times (x 70B)
Class [Lio.opentelemetry.context.ThreadLocalContextStorage;                           : loaded 2 times (x 69B)
Class dagger.internal.codegen.model.AutoValue_Key_MultibindingContributionIdentifier  : loaded 2 times (x 74B)
Class dagger.internal.codegen.validation.BindingMethodValidator$ExceptionSuperclass$2 : loaded 2 times (x 81B)
Class dagger.internal.codegen.base.ContributionType$HasContributionType               : loaded 2 times (x 70B)
Class dagger.internal.codegen.kotlin.KotlinMetadataUtil                               : loaded 2 times (x 72B)
Class dagger.internal.codegen.binding.BindingDeclarationFormatter_Factory             : loaded 2 times (x 79B)
Class dagger.hilt.android.processor.internal.bindvalue.AutoValue_BindValueMetadata    : loaded 2 times (x 74B)
Class dagger.hilt.processor.internal.MethodSignature                                  : loaded 2 times (x 73B)
Class dagger.internal.codegen.processingstep.AssistedFactoryProcessingStep_Factory    : loaded 2 times (x 79B)
Class dagger.internal.codegen.xprocessing.XAnnotationValues$1                         : loaded 2 times (x 84B)
Class com.squareup.javapoet.JavaFile                                                  : loaded 2 times (x 72B)
Class [Ldagger.spi.internal.shaded.androidx.room.compiler.processing.InternalXAnnotationValue$Kind;: loaded 2 times (x 69B)
Class com.squareup.javapoet.ClassName$1                                               : loaded 2 times (x 97B)
Class dagger.spi.internal.shaded.androidx.room.compiler.processing.javac.JavacMethodElement$returnType$2: loaded 2 times (x 79B)
Class dagger.internal.codegen.writing.ModuleProxies_ModuleConstructorProxyGenerator_Factory: loaded 2 times (x 79B)
Class dagger.spi.internal.shaded.androidx.room.compiler.processing.javac.JavacAnnotation$type$2: loaded 2 times (x 79B)
Class dagger.spi.internal.shaded.androidx.room.compiler.processing.javac.JavacType$xTypeName$2: loaded 2 times (x 79B)
Class dagger.spi.internal.shaded.androidx.room.jarjarred.kotlinx.metadata.internal.metadata.ProtoBuf$Expression$ConstantValue: loaded 2 times (x 82B)
Class dagger.spi.internal.shaded.androidx.room.jarjarred.kotlinx.metadata.internal.metadata.ProtoBuf$Type$Argument$Projection$1: loaded 2 times (x 74B)
Class [Ldagger.spi.internal.shaded.androidx.room.jarjarred.kotlinx.metadata.internal.protobuf.WireFormat$JavaType;: loaded 2 times (x 69B)
Class dagger.spi.internal.shaded.androidx.room.compiler.processing.javac.kotlin.KmConstructorContainer$parameters$2: loaded 2 times (x 79B)
Class dagger.spi.internal.shaded.androidx.room.compiler.processing.InternalXAnnotated : loaded 2 times (x 70B)
Class dagger.spi.internal.shaded.androidx.room.compiler.processing.XBasicAnnotationProcessor: loaded 2 times (x 70B)
Class com.google.common.io.Closer                                                     : loaded 2 times (x 78B)
Class org.jetbrains.kotlin.config.ApiVersion$Companion                                : loaded 2 times (x 71B)
Class org.gradle.internal.classloader.ClassLoaderSpec                                 : loaded 2 times (x 71B)
Class io.opentelemetry.context.ThreadLocalContextStorage$NoopScope                    : loaded 2 times (x 85B)
Class [Lio.opentelemetry.context.ThreadLocalContextStorage$NoopScope;                 : loaded 2 times (x 69B)
Class com.android.tools.idea.gradle.project.sync.ClasspathIdentifier                  : loaded 2 times (x 72B)
Class com.android.tools.idea.gradle.project.sync.VariantDiscovery$toTraverseAction$1$1$moduleDependencies$1: loaded 2 times (x 125B)
Class com.android.tools.idea.gradle.project.sync.MeasurementCheckpoint                : loaded 2 times (x 79B)
Class com.android.tools.idea.gradle.model.LibraryReference                            : loaded 2 times (x 72B)
Class com.android.tools.idea.gradle.model.IdeAaptOptions                              : loaded 2 times (x 70B)
Class com.android.builder.model.v2.ide.TestSuite                                      : loaded 2 times (x 70B)
Class com.google.common.collect.SortedLists$KeyAbsentBehavior$1                       : loaded 2 times (x 80B)
Class com.android.ide.common.gradle.Separator                                         : loaded 2 times (x 79B)
Class org.gradle.internal.InternalTransformer                                         : loaded 2 times (x 70B)
Class org.jetbrains.kotlin.idea.gradleTooling.IdeaKpmProjectProvider                  : loaded 2 times (x 78B)
Class dagger.internal.codegen.binding.BindingDeclarationFormatter                     : loaded 2 times (x 86B)
Class dagger.internal.codegen.binding.$AutoValue_ComponentDescriptor                  : loaded 2 times (x 89B)
Class dagger.internal.codegen.binding.AutoValue_MultibindingDeclaration               : loaded 2 times (x 79B)
Class dagger.internal.codegen.validation.BindingMethodValidator$ExceptionSuperclass$3 : loaded 2 times (x 81B)
Class dagger.hilt.android.processor.internal.androidentrypoint.AndroidEntryPointMetadata$Type: loaded 2 times (x 72B)
Class dagger.spi.internal.shaded.androidx.room.compiler.processing.javac.JavacArrayType$xTypeName$2: loaded 2 times (x 79B)
Class dagger.spi.internal.shaded.androidx.room.compiler.processing.XExecutableElement : loaded 2 times (x 70B)
Class org.jetbrains.kotlin.config.MavenComparableVersion                              : loaded 2 times (x 78B)
Class dagger.spi.internal.shaded.androidx.room.compiler.processing.XHasModifiers      : loaded 2 times (x 70B)
Class dagger.hilt.android.processor.internal.bindvalue.BindValueProcessingStep        : loaded 2 times (x 87B)
Class com.google.common.io.ByteSource$EmptyByteSource                                 : loaded 2 times (x 85B)
Class net.rubygrapefruit.platform.internal.Platform$MacOs32Bit                        : loaded 2 times (x 82B)
Class net.rubygrapefruit.platform.internal.Platform$Linux64Bit                        : loaded 2 times (x 83B)
Class org.objectweb.asm.AnnotationWriter                                              : loaded 2 times (x 79B)
Class com.google.common.cache.CacheStats                                              : loaded 2 times (x 71B)
Class net.rubygrapefruit.platform.NativeIntegration                                   : loaded 2 times (x 70B)
Class net.rubygrapefruit.platform.Native                                              : loaded 2 times (x 71B)
Class kotlin.io.FileTreeWalk$FileTreeWalkIterator$WhenMappings                        : loaded 2 times (x 71B)
Class dagger.spi.internal.shaded.androidx.room.compiler.processing.javac.JavacTypeElement$_declaredFields$2: loaded 2 times (x 79B)
Class org.jetbrains.plugins.gradle.tooling.serialization.internal.IdeaProjectSerializationService$6: loaded 2 times (x 76B)
Class dagger.spi.internal.shaded.androidx.room.compiler.processing.javac.JavacTypeElement$type$2: loaded 2 times (x 79B)
Class [Lcom.android.tools.idea.gradle.model.ClasspathType;                            : loaded 2 times (x 69B)
Class [Lcom.android.builder.model.v2.models.ndk.NativeBuildSystem;                    : loaded 2 times (x 69B)
Class kotlin.reflect.jvm.internal.pcollections.ConsPStack                             : loaded 2 times (x 79B)
Class [Lcom.android.tools.idea.gradle.model.IdeArtifactName;                          : loaded 2 times (x 69B)
Class com.google.common.collect.SortedLists$KeyAbsentBehavior$2                       : loaded 2 times (x 80B)
Class com.google.common.collect.Cut$AboveAll                                          : loaded 2 times (x 88B)
Class dagger.spi.internal.shaded.androidx.room.jarjarred.kotlinx.metadata.Attributes  : loaded 2 times (x 71B)
Class dagger.spi.internal.shaded.androidx.room.compiler.processing.javac.JavacType$superTypes$2: loaded 2 times (x 79B)
Class dagger.spi.internal.shaded.androidx.room.compiler.processing.XAnnotationValue   : loaded 2 times (x 70B)
Class dagger.spi.internal.shaded.androidx.room.compiler.processing.javac.JavacExecutableElement$Companion: loaded 2 times (x 71B)
Class com.android.tools.idea.gradle.project.sync.SyncCounters                         : loaded 2 times (x 72B)
Class org.jetbrains.plugins.gradle.model.DefaultBuildController                       : loaded 2 times (x 98B)
Class dagger.spi.internal.shaded.auto.common.MoreTypes$AsElementVisitor               : loaded 2 times (x 101B)
Class io.opentelemetry.api.trace.Tracer                                               : loaded 2 times (x 70B)
Class com.intellij.gradle.toolingExtension.modelProvider.GradleClassBuildModelProvider: loaded 2 times (x 80B)
Class dagger.internal.codegen.base.AutoValue_ModuleAnnotation                         : loaded 2 times (x 76B)
Class dagger.MembersInjector                                                          : loaded 2 times (x 70B)
Class dagger.hilt.processor.internal.kotlin.KotlinMetadataUtils                       : loaded 2 times (x 71B)
Class dagger.internal.codegen.processingstep.SuperficialValidator_Factory             : loaded 2 times (x 79B)
Class dagger.spi.internal.shaded.androidx.room.compiler.processing.javac.JavacAnnotationValue$1: loaded 2 times (x 79B)
Class [Ldagger.spi.internal.shaded.androidx.room.jarjarred.kotlinx.metadata.internal.metadata.ProtoBuf$Expression$ConstantValue;: loaded 2 times (x 69B)
Class dagger.spi.internal.shaded.androidx.room.jarjarred.kotlinx.metadata.internal.BooleanFlagDelegate: loaded 2 times (x 72B)
Class dagger.spi.internal.shaded.androidx.room.compiler.processing.XMemberContainer   : loaded 2 times (x 70B)
Class dagger.hilt.android.processor.internal.bindvalue.BindValueProcessor             : loaded 2 times (x 100B)
Class com.google.common.io.LineProcessor                                              : loaded 2 times (x 70B)
Class com.google.common.io.Closer$Suppressor                                          : loaded 2 times (x 70B)
Class org.jetbrains.kotlin.config.MavenComparableVersion$ListItem                     : loaded 2 times (x 218B)
Class org.objectweb.asm.RecordComponentWriter                                         : loaded 2 times (x 78B)
Class com.google.common.util.concurrent.AbstractFuture$Listener                       : loaded 2 times (x 72B)
Class Settings_gradle$1$1                                                             : loaded 2 times (x 74B)
Class dagger.internal.codegen.base.DaggerSuperficialValidation_Factory                : loaded 2 times (x 79B)
Class dagger.internal.codegen.binding.MonitoringModules_Factory$InstanceHolder        : loaded 2 times (x 71B)
Class dagger.internal.codegen.base.ClearableCache                                     : loaded 2 times (x 70B)
Class com.google.common.collect.ImmutableMap$MapViewOfValuesAsSingletonSets$1         : loaded 2 times (x 82B)
Class org.jetbrains.plugins.gradle.tooling.serialization.internal.IdeaProjectSerializationService$7: loaded 2 times (x 76B)
Class com.android.tools.idea.gradle.project.sync.DeliverableJavaModule                : loaded 2 times (x 76B)
Class com.intellij.openapi.util.io.FileUtil                                           : loaded 2 times (x 71B)
Class com.android.ide.common.gradle.Version$Companion$ParseState                      : loaded 2 times (x 70B)
Class dagger.internal.codegen.binding.ProvisionBinding$Builder                        : loaded 2 times (x 88B)
Class com.android.builder.model.v2.ide.TestSuiteArtifact                              : loaded 2 times (x 70B)
Class com.google.common.collect.SortedLists$KeyAbsentBehavior$3                       : loaded 2 times (x 80B)
Class dagger.internal.codegen.writing.MembersInjectorGenerator                        : loaded 2 times (x 77B)
Class com.intellij.gradle.toolingExtension.impl.modelAction.GradleDaemonModelHolder$1 : loaded 2 times (x 78B)
Class dagger.internal.codegen.binding.BindingGraphFactory                             : loaded 2 times (x 75B)
Class io.opentelemetry.api.trace.ArrayBasedTraceState                                 : loaded 2 times (x 86B)
Class io.opentelemetry.context.ContextKey                                             : loaded 2 times (x 70B)
Class io.opentelemetry.context.propagation.TextMapSetter                              : loaded 2 times (x 70B)
Class com.android.tools.idea.gradle.project.sync.AndroidExtraModelProviderImpl        : loaded 2 times (x 72B)
Class dagger.spi.internal.shaded.androidx.room.compiler.processing.javac.JavacTypeVariableType$equalityItems$2: loaded 2 times (x 79B)
Class dagger.spi.internal.shaded.androidx.room.compiler.processing.javac.JavacTypeVariableType: loaded 2 times (x 211B)
Class dagger.internal.codegen.validation.ComponentHierarchyValidator_Factory          : loaded 2 times (x 79B)
Class dagger.internal.codegen.binding.AutoValue_ProvisionBinding                      : loaded 2 times (x 96B)
Class dagger.internal.codegen.validation.ComponentValidator                           : loaded 2 times (x 75B)
Class dagger.internal.codegen.writing.ProducerFactoryGenerator$FutureTransform        : loaded 2 times (x 78B)
Class dagger.internal.codegen.validation.BindsInstanceMethodValidator_Factory         : loaded 2 times (x 79B)
Class dagger.internal.codegen.validation.DiagnosticMessageGenerator_Factory_Factory   : loaded 2 times (x 79B)
Class dagger.internal.codegen.base.SourceFileHjarGenerator                            : loaded 2 times (x 77B)
Class dagger.spi.internal.shaded.androidx.room.compiler.processing.XMethodElementKt   : loaded 2 times (x 71B)
Class dagger.spi.internal.shaded.androidx.room.compiler.processing.javac.JavacArrayType$componentType$2: loaded 2 times (x 79B)
Class dagger.spi.internal.shaded.auto.common.MoreTypes$DeclaredTypeVisitor            : loaded 2 times (x 102B)
Class dagger.spi.internal.shaded.androidx.room.jarjarred.kotlinx.metadata.Attributes$isNullCheckPredicate$2: loaded 2 times (x 137B)
Class dagger.spi.internal.shaded.androidx.room.jarjarred.kotlinx.metadata.internal.FlagDelegatesImplKt$typeBooleanFlag$1: loaded 2 times (x 137B)
Class dagger.spi.internal.shaded.androidx.room.jarjarred.kotlinx.metadata.internal.metadata.ProtoBuf$TypeTable: loaded 2 times (x 109B)
Class dagger.spi.internal.shaded.androidx.room.compiler.processing.XElement           : loaded 2 times (x 70B)
Class kotlin.io.FileTreeWalk$DirectoryState                                           : loaded 2 times (x 73B)
Class [Lorg.objectweb.asm.Label;                                                      : loaded 2 times (x 69B)
Class [Lorg.jetbrains.kotlin.utils.DescriptionAware;                                  : loaded 2 times (x 69B)
Class org.objectweb.asm.Attribute                                                     : loaded 2 times (x 77B)
Class org.gradle.internal.classloader.VisitableURLClassLoader                         : loaded 2 times (x 117B)
Class org.jetbrains.plugins.gradle.model.DefaultGradleLightBuild                      : loaded 2 times (x 82B)
Class com.android.tools.idea.gradle.project.sync.Modules                              : loaded 2 times (x 71B)
Class org.gradle.api.internal.classpath.ManifestUtil                                  : loaded 2 times (x 71B)
Class com.google.common.util.concurrent.ExecutionError                                : loaded 2 times (x 82B)
Class net.rubygrapefruit.platform.internal.Platform$FreeBSD                           : loaded 2 times (x 82B)
Class com.google.common.collect.ImmutableBiMap$SerializedForm                         : loaded 2 times (x 75B)
Class dagger.hilt.android.processor.internal.customtestapplication.CustomTestApplicationProcessingStep: loaded 2 times (x 87B)
Class com.android.builder.model.v2.ide.BasicTestSuiteArtifact                         : loaded 2 times (x 70B)
Class org.jetbrains.plugins.gradle.tooling.serialization.internal.IdeaProjectSerializationService$8: loaded 2 times (x 76B)
Class com.intellij.openapi.util.io.FileUtil$1                                         : loaded 2 times (x 77B)
Class com.android.ide.common.repository.AgpVersion$Companion                          : loaded 2 times (x 71B)
Class com.android.builder.model.v2.ide.TestSuiteTestInfo                              : loaded 2 times (x 70B)
Class com.android.tools.idea.gradle.model.impl.IdeUnresolvedLibraryTableImpl          : loaded 2 times (x 75B)
Class com.android.tools.idea.gradle.model.impl.IdeUnresolvedLibraryTable              : loaded 2 times (x 70B)
Class com.intellij.gradle.toolingExtension.impl.modelSerialization.ToolingSerializer  : loaded 2 times (x 72B)
Class com.android.tools.idea.gradle.project.sync.SyncProjectActionWorker$populateAndroidModels$2$variantDiscovery$1: loaded 2 times (x 78B)
Class com.android.tools.idea.gradle.model.IdeViewBindingOptions                       : loaded 2 times (x 70B)
Class org.gradle.tooling.model.eclipse.EclipseProject                                 : loaded 2 times (x 70B)
Class com.android.tools.idea.gradle.model.IdeBaseArtifactCore                         : loaded 2 times (x 70B)
Class dagger.internal.codegen.model.AutoValue_DaggerAnnotation                        : loaded 2 times (x 77B)
Class dagger.internal.codegen.bindinggraphvalidation.DependencyCycleValidator         : loaded 2 times (x 85B)
Class dagger.internal.codegen.bindinggraphvalidation.SubcomponentFactoryMethodValidator_Factory: loaded 2 times (x 78B)
Class [Lnet.ltgt.gradle.incap.IncrementalAnnotationProcessorType;                     : loaded 2 times (x 69B)
Class com.google.common.util.concurrent.UncheckedExecutionException                   : loaded 2 times (x 82B)
Class dagger.spi.internal.shaded.auto.common.Overrides                                : loaded 2 times (x 72B)
Class dagger.spi.internal.shaded.androidx.room.compiler.processing.javac.kotlin.KmClassContainer$type$2: loaded 2 times (x 79B)
Class net.rubygrapefruit.platform.internal.Platform$Linux32Bit                        : loaded 2 times (x 83B)
Class dagger.spi.internal.shaded.androidx.room.jarjarred.kotlinx.metadata.MemberKind  : loaded 2 times (x 79B)
Class com.google.common.io.ByteSink$AsCharSink                                        : loaded 2 times (x 80B)
Class dagger.spi.internal.shaded.androidx.room.compiler.processing.javac.JavacTypeElement$superClass$2: loaded 2 times (x 79B)
Class com.google.common.io.CharSource$AsByteSource                                    : loaded 2 times (x 85B)
Class com.google.common.collect.ImmutableList$SerializedForm                          : loaded 2 times (x 73B)
Class net.rubygrapefruit.platform.internal.FunctionResult$Failure                     : loaded 2 times (x 79B)
Class net.rubygrapefruit.platform.internal.NativeLibraryLoader                        : loaded 2 times (x 73B)
Class com.google.common.util.concurrent.AbstractFuture$Waiter                         : loaded 2 times (x 72B)
Class Settings_gradle                                                                 : loaded 2 times (x 128B)
Class jdk.internal.jrtfs.JrtDirectoryStream$1                                         : loaded 2 times (x 83B)
Class jdk.internal.jimage.ImageLocation                                               : loaded 2 times (x 90B)
Class dagger.spi.internal.shaded.androidx.room.compiler.processing.XAnnotated         : loaded 2 times (x 70B)
Class dagger.spi.internal.shaded.androidx.room.jarjarred.kotlinx.metadata.internal.metadata.jvm.deserialization.JvmMetadataVersion: loaded 2 times (x 74B)
Class org.jetbrains.kotlin.gradle.idea.kpm.IdeaKpmProjectContainer                    : loaded 2 times (x 70B)
Class com.android.tools.idea.gradle.project.sync.IndexedModels                        : loaded 2 times (x 72B)
Class dagger.spi.internal.shaded.androidx.room.jarjarred.kotlinx.metadata.internal.protobuf.InvalidProtocolBufferException: loaded 2 times (x 84B)
Class com.intellij.openapi.util.io.FileUtil$2                                         : loaded 2 times (x 82B)
Class com.android.tools.idea.gradle.model.IdeUnresolvedUnknownLibrary                 : loaded 2 times (x 70B)
Class com.android.ide.common.gradle.Version$Companion                                 : loaded 2 times (x 71B)
Class com.android.tools.idea.gradle.model.IdeAndroidProject                           : loaded 2 times (x 70B)
Class [Lcom.android.builder.model.v2.ide.BytecodeTransformation;                      : loaded 2 times (x 69B)
Class dagger.spi.internal.shaded.androidx.room.jarjarred.kotlinx.metadata.internal.metadata.ProtoBuf$Class$Kind$1: loaded 2 times (x 74B)
Class dagger.spi.internal.shaded.androidx.room.jarjarred.kotlinx.metadata.Visibility  : loaded 2 times (x 79B)
Class dagger.spi.internal.shaded.androidx.room.jarjarred.kotlinx.metadata.ClassKind   : loaded 2 times (x 79B)
Class dagger.spi.internal.shaded.auto.common.MoreTypes$TypeVariableVisitor            : loaded 2 times (x 102B)
Class dagger.internal.codegen.base.FrameworkTypes                                     : loaded 2 times (x 71B)
Class dagger.internal.codegen.validation.BindingElementValidator$ElementValidator     : loaded 2 times (x 77B)
Class dagger.hilt.processor.internal.root.RootType                                    : loaded 2 times (x 79B)
Class com.squareup.javapoet.FieldSpec                                                 : loaded 2 times (x 72B)
Class dagger.spi.internal.shaded.androidx.room.compiler.processing.XFiler$Mode        : loaded 2 times (x 79B)
Class com.squareup.javapoet.LineWrapper$FlushType                                     : loaded 2 times (x 79B)
Class dagger.spi.internal.shaded.androidx.room.compiler.processing.javac.JavacConstructorElement: loaded 2 times (x 256B)
Class dagger.spi.internal.shaded.androidx.room.compiler.processing.javac.kotlin.JvmDescriptorUtilsKt: loaded 2 times (x 71B)
Class dagger.spi.internal.shaded.androidx.room.jarjarred.kotlinx.metadata.internal.FlagDelegatesImplKt$valueParameterBooleanFlag$1: loaded 2 times (x 137B)
Class dagger.spi.internal.shaded.androidx.room.jarjarred.kotlinx.metadata.internal.FlagDelegatesImplKt$propertyAccessorBooleanFlag$1: loaded 2 times (x 137B)
Class dagger.spi.internal.shaded.androidx.room.jarjarred.kotlinx.metadata.internal.FlagDelegatesImplKt$constructorBooleanFlag$1: loaded 2 times (x 137B)
Class dagger.spi.internal.shaded.androidx.room.jarjarred.kotlinx.metadata.internal.metadata.ProtoBuf$Visibility: loaded 2 times (x 82B)
Class dagger.spi.internal.shaded.androidx.room.jarjarred.kotlinx.metadata.jvm.JvmMethodSignature: loaded 2 times (x 74B)
Class dagger.spi.internal.shaded.androidx.room.jarjarred.kotlinx.metadata.internal.metadata.jvm.deserialization.JvmMemberSignature: loaded 2 times (x 74B)
Class dagger.spi.internal.shaded.androidx.room.jarjarred.kotlinx.metadata.internal.metadata.jvm.deserialization.UtfEncodingKt: loaded 2 times (x 71B)
Class dagger.spi.internal.shaded.androidx.room.compiler.processing.XEquality          : loaded 2 times (x 70B)
Class dagger.spi.internal.shaded.androidx.room.compiler.processing.javac.JavacProcessingEnv$Companion: loaded 2 times (x 71B)
Class jdk.internal.jimage.decompressor.ZipDecompressor                                : loaded 2 times (x 75B)
Class org.objectweb.asm.Handler                                                       : loaded 2 times (x 72B)
Class com.google.common.base.Strings                                                  : loaded 2 times (x 71B)
Class com.google.common.base.Ticker                                                   : loaded 2 times (x 72B)
Class org.gradle.internal.agents.InstrumentingClassLoader                             : loaded 2 times (x 70B)
Class [Ldagger.spi.internal.shaded.androidx.room.compiler.processing.XFiler$Mode;     : loaded 2 times (x 69B)
Class dagger.spi.internal.shaded.androidx.room.compiler.processing.javac.JavacTypeElement$allMethods$1: loaded 2 times (x 79B)
Class com.squareup.kotlinpoet.CodeWriterKt                                            : loaded 2 times (x 71B)
Class dagger.internal.codegen.binding.BindingGraphFactory_Factory                     : loaded 2 times (x 79B)
Class dagger.spi.internal.shaded.androidx.room.jarjarred.kotlinx.metadata.internal.protobuf.FieldSet$FieldDescriptorLite: loaded 2 times (x 70B)
Class dagger.internal.codegen.validation.BindingGraphValidator_Factory                : loaded 2 times (x 79B)
Class dagger.internal.codegen.binding.ContributionBinding$Builder                     : loaded 2 times (x 83B)
Class dagger.internal.codegen.writing.FactoryGenerator                                : loaded 2 times (x 77B)
Class com.intellij.util.containers.UtilKt                                             : loaded 2 times (x 71B)
Class com.android.tools.idea.gradle.model.impl.IdeSourceProviderContainerImpl         : loaded 2 times (x 76B)
Class com.android.tools.idea.gradle.project.sync.BasicModulesKt                       : loaded 2 times (x 71B)
Class com.android.tools.idea.gradle.project.upgrade.AndroidGradlePluginCompatibility  : loaded 2 times (x 79B)
Class com.google.common.collect.Cut$AboveValue                                        : loaded 2 times (x 88B)
Class dagger.internal.codegen.processingstep.InjectProcessingStep                     : loaded 2 times (x 86B)
Class com.android.tools.idea.gradle.project.sync.ModelVersions                        : loaded 2 times (x 72B)
Class dagger.internal.codegen.validation.BindsInstanceMethodValidator                 : loaded 2 times (x 78B)
Class io.opentelemetry.api.trace.ArrayBasedTraceStateBuilder                          : loaded 2 times (x 77B)
Class com.android.tools.idea.gradle.project.sync.SyncProjectActionOptions             : loaded 2 times (x 73B)
Class org.gradle.tooling.BuildController                                              : loaded 2 times (x 70B)
Class dagger.internal.codegen.binding.MultibindingDeclaration$Factory                 : loaded 2 times (x 72B)
Class dagger.internal.codegen.validation.DependencyRequestValidator$Validator         : loaded 2 times (x 72B)
Class dagger.internal.codegen.writing.ProducerFactoryGenerator$NoArgFutureTransform   : loaded 2 times (x 78B)
Class dagger.internal.codegen.processingstep.MapKeyProcessingStep                     : loaded 2 times (x 86B)
Class dagger.internal.codegen.model.Scope                                             : loaded 2 times (x 72B)
Class dagger.internal.codegen.extension.DaggerCollectors$ToOptionalState              : loaded 2 times (x 72B)
Class dagger.spi.internal.shaded.androidx.room.compiler.processing.javac.kotlin.KmFunctionContainer: loaded 2 times (x 70B)
Class dagger.spi.internal.shaded.androidx.room.compiler.processing.javac.JavacMethodElement$typeParameters$2: loaded 2 times (x 79B)
Class dagger.spi.internal.shaded.androidx.room.compiler.processing.XMethodElement     : loaded 2 times (x 70B)
Class io.opentelemetry.api.trace.DefaultTracerProvider                                : loaded 2 times (x 79B)
Class dagger.spi.internal.shaded.auto.common.AnnotationMirrors                        : loaded 2 times (x 71B)
Class org.gradle.tooling.internal.consumer.converters.FixedBuildIdentifierProvider    : loaded 2 times (x 75B)
Class kotlin.reflect.jvm.internal.pcollections.MapEntry                               : loaded 2 times (x 72B)
Class dagger.spi.internal.shaded.androidx.room.jarjarred.kotlinx.metadata.internal.extensions.MetadataExtensions$Companion$INSTANCES$2: loaded 2 times (x 78B)
Class dagger.spi.internal.shaded.androidx.room.jarjarred.kotlinx.metadata.internal.extensions.MetadataExtensions: loaded 2 times (x 70B)
Class dagger.spi.internal.shaded.androidx.room.compiler.processing.util.MemoizedSequence: loaded 2 times (x 75B)
Class dagger.spi.internal.shaded.androidx.room.compiler.processing.javac.JavacBasicAnnotationProcessor$2: loaded 2 times (x 79B)
Class [Lcom.google.common.cache.LocalCache$Segment;                                   : loaded 2 times (x 69B)
Class [Lcom.google.common.cache.LocalCache$Strength;                                  : loaded 2 times (x 69B)
Class com.google.common.cache.CacheBuilder$1                                          : loaded 2 times (x 85B)
Class org.gradle.internal.classpath.DefaultClassPath$ImmutableUniqueList$Builder      : loaded 2 times (x 75B)
Class dagger.spi.internal.shaded.androidx.room.jarjarred.kotlinx.metadata.Modality    : loaded 2 times (x 79B)
Class io.opentelemetry.context.ForwardingExecutorService                              : loaded 2 times (x 104B)
Class dagger.spi.internal.shaded.androidx.room.jarjarred.kotlinx.metadata.internal.EnumFlagDelegate: loaded 2 times (x 72B)
Class dagger.spi.internal.shaded.auto.common.Overrides$ExplicitOverrides              : loaded 2 times (x 76B)
Class com.android.tools.idea.gradle.project.sync.HasBasicGradleProject                : loaded 2 times (x 70B)
Class sync_studio_tooling275_1dejcmdd0z7e6igfu1m4foolo$_run_closure1                  : loaded 2 times (x 139B)
Class com.android.tools.idea.gradle.project.sync.ModelCacheV2ImplKt$modelCacheV2Impl$createFromDependencies$1$LibraryWithDependencies: loaded 2 times (x 72B)
Class com.android.tools.idea.gradle.model.impl.IdeViewBindingOptionsImpl              : loaded 2 times (x 74B)
Class org.jetbrains.kotlin.idea.gradleTooling.AndroidAwareGradleModelProvider$populateModels$1: loaded 2 times (x 74B)
Class org.gradle.tooling.internal.adapter.ProtocolToModelAdapter$ClassMixInMethodInvoker: loaded 2 times (x 76B)
Class io.opentelemetry.api.trace.TracerProvider                                       : loaded 2 times (x 70B)
Class com.google.common.util.concurrent.AbstractFuture$Trusted                        : loaded 2 times (x 70B)
Class org.gradle.tooling.internal.protocol.InternalStreamedValueRelay                 : loaded 2 times (x 70B)
Class dagger.internal.codegen.model.BindingGraph                                      : loaded 2 times (x 93B)
Class dagger.internal.codegen.binding.MembersInjectionBinding                         : loaded 2 times (x 85B)
Class dagger.spi.internal.shaded.androidx.room.jarjarred.kotlinx.metadata.KmVersionRequirementLevel: loaded 2 times (x 79B)
Class dagger.spi.internal.shaded.androidx.room.jarjarred.kotlinx.metadata.KmVersionRequirement: loaded 2 times (x 75B)
Class dagger.hilt.android.processor.internal.androidentrypoint.Generators             : loaded 2 times (x 71B)
Class org.jetbrains.kotlin.cli.common.messages.MessageCollector$Companion             : loaded 2 times (x 71B)
Class kotlin.io.LinesSequence$iterator$1                                              : loaded 2 times (x 79B)
Class dagger.spi.internal.shaded.androidx.room.jarjarred.kotlinx.metadata.internal.FlagDelegatesImplKt$classBooleanFlag$1: loaded 2 times (x 137B)
Class dagger.spi.internal.shaded.androidx.room.compiler.processing.XProcessingEnvConfig$Companion: loaded 2 times (x 71B)
Class dagger.spi.internal.shaded.androidx.room.jarjarred.kotlinx.metadata.internal.metadata.ProtoBuf$Annotation$1: loaded 2 times (x 144B)
Class dagger.internal.codegen.DelegateComponentProcessor                              : loaded 2 times (x 72B)
Class dagger.hilt.processor.internal.root.ComponentTreeDepsProcessingStep             : loaded 2 times (x 87B)
Class kotlin.io.FileTreeWalk$WalkState                                                : loaded 2 times (x 73B)
Class com.google.gson.stream.JsonToken                                                : loaded 2 times (x 79B)
Class com.google.common.cache.LocalCache                                              : loaded 2 times (x 187B)
Class com.google.common.cache.CacheBuilder$2                                          : loaded 2 times (x 79B)
Class dagger.internal.codegen.extension.DaggerStreams                                 : loaded 2 times (x 71B)
Class dagger.spi.internal.shaded.androidx.room.jarjarred.kotlinx.metadata.internal.metadata.ProtoBuf$FunctionOrBuilder: loaded 2 times (x 70B)
Class dagger.spi.internal.shaded.androidx.room.jarjarred.kotlinx.metadata.internal.metadata.ProtoBuf$ValueParameterOrBuilder: loaded 2 times (x 70B)
Class dagger.hilt.android.processor.internal.viewmodel.ViewModelMetadata$Companion$create$1$1: loaded 2 times (x 78B)
Class dagger.spi.internal.shaded.androidx.room.jarjarred.kotlinx.metadata.internal.metadata.ProtoBuf$Type$Argument$1: loaded 2 times (x 144B)
Class [Ldagger.spi.internal.shaded.androidx.room.jarjarred.kotlinx.metadata.KmVersionRequirementVersionKind;: loaded 2 times (x 69B)
Class sync_studio_tooling7_br33rtyyf52yhbbj1juqlbp8h$_run_closure1                    : loaded 2 times (x 139B)
Class com.android.tools.idea.gradle.project.sync.VariantSelectionKt                   : loaded 2 times (x 71B)
Class dagger.spi.internal.shaded.androidx.room.jarjarred.kotlinx.metadata.KmPropertyVisitor: loaded 2 times (x 80B)
Class com.android.tools.idea.gradle.project.sync.AndroidProjectResult$V2Project       : loaded 2 times (x 77B)
Class dagger.spi.internal.shaded.androidx.room.jarjarred.kotlinx.metadata.KmPropertyAccessorAttributes: loaded 2 times (x 71B)
Class com.android.tools.idea.gradle.project.sync.LibraryIdentity$LibraryIdentityProvider$special$$inlined$thenBy$1: loaded 2 times (x 90B)
Class com.squareup.javapoet.TypeSpec$Kind                                             : loaded 2 times (x 79B)
Class dagger.hilt.android.processor.internal.androidentrypoint.AndroidEntryPointMetadata: loaded 2 times (x 91B)
Class io.opentelemetry.api.trace.AutoValue_ArrayBasedTraceState                       : loaded 2 times (x 87B)
Class dagger.internal.codegen.validation.AnyBindingMethodValidator_Factory            : loaded 2 times (x 79B)
Class dagger.internal.codegen.validation.BindingMethodValidator$MethodValidator       : loaded 2 times (x 80B)
Class dagger.internal.codegen.DelegateComponentProcessor_SourceFileGeneratorsModule_ModuleConstructorProxyGeneratorFactory: loaded 2 times (x 79B)
Class dagger.internal.codegen.componentgenerator.ComponentGenerator                   : loaded 2 times (x 77B)
Class dagger.internal.codegen.binding.ComponentDescriptor                             : loaded 2 times (x 87B)
Class dagger.internal.codegen.processingstep.MultibindingAnnotationsProcessingStep_Factory: loaded 2 times (x 79B)
Class dagger.internal.codegen.writing.AnnotationCreatorGenerator_Factory              : loaded 2 times (x 79B)
Class [Ldagger.internal.codegen.compileroption.ValidationType;                        : loaded 2 times (x 69B)
Class dagger.internal.codegen.base.ElementFormatter_Factory$InstanceHolder            : loaded 2 times (x 71B)
Class dagger.internal.codegen.validation.ValidationReport                             : loaded 2 times (x 72B)
Class dagger.spi.internal.shaded.androidx.room.compiler.processing.KClassExtKt        : loaded 2 times (x 71B)
Class dagger.internal.codegen.model.Key                                               : loaded 2 times (x 78B)
Class [Ldagger.hilt.android.processor.internal.androidentrypoint.AndroidEntryPointMetadata$AndroidType;: loaded 2 times (x 69B)
Class com.squareup.javapoet.TypeName$1                                                : loaded 2 times (x 109B)
Class dagger.internal.codegen.model.DependencyRequest$Builder                         : loaded 2 times (x 76B)
Class dagger.internal.codegen.xprocessing.XProcessingEnvs                             : loaded 2 times (x 71B)
Class com.android.tools.idea.gradle.model.impl.IdeBuildImpl                           : loaded 2 times (x 76B)
Class sync_studio_tooling504_5gk5is8xjzxdiagtr0e5u07ec                                : loaded 2 times (x 179B)
Class org.jetbrains.kotlin.idea.projectModel.KotlinTarget$Companion                   : loaded 2 times (x 71B)
Class dagger.spi.internal.shaded.androidx.room.compiler.processing.javac.JavacProcessingEnv$WhenMappings: loaded 2 times (x 71B)
Class kotlin.reflect.jvm.internal.ReflectProperties$LazyVal                           : loaded 2 times (x 75B)
Class kotlin.collections.State                                                        : loaded 2 times (x 79B)
Class org.jetbrains.kotlin.config.LanguageVersion                                     : loaded 2 times (x 91B)
Class com.google.common.cache.CacheBuilder$3                                          : loaded 2 times (x 72B)
Class com.google.common.base.AbstractIterator$1                                       : loaded 2 times (x 71B)
Class com.intellij.gradle.toolingExtension.modelAction.GradleModelFetchPhase$BuildFinished: loaded 2 times (x 70B)
Class dagger.internal.codegen.binding.FrameworkType$1                                 : loaded 2 times (x 84B)
Class [Ldagger.internal.codegen.binding.FrameworkTypeMapper;                          : loaded 2 times (x 69B)
Class dagger.internal.codegen.binding.SubcomponentDeclaration_Factory_Factory         : loaded 2 times (x 79B)
Class [Ldagger.internal.codegen.base.ClearableCache;                                  : loaded 2 times (x 69B)
Class dagger.internal.codegen.bindinggraphvalidation.DependencyCycleValidator_Factory : loaded 2 times (x 79B)
Class dagger.internal.codegen.model.AutoValue_DaggerProcessingEnv                     : loaded 2 times (x 75B)
Class [Lcom.squareup.javapoet.ClassName;                                              : loaded 2 times (x 69B)
Class dagger.internal.codegen.validation.InjectBindingRegistryImpl$BindingsCollection : loaded 2 times (x 72B)
Class com.android.ide.common.gradle.NonNumeric                                        : loaded 2 times (x 77B)
Class com.android.ide.common.gradle.Version                                           : loaded 2 times (x 75B)
Class com.squareup.kotlinpoet.UtilKt$escapeSegmentsIfNecessary$2                      : loaded 2 times (x 78B)
Class com.android.tools.idea.gradle.model.IdeAaptOptions$Namespacing                  : loaded 2 times (x 79B)
Class dagger.spi.internal.shaded.androidx.room.compiler.processing.XConstructorElement: loaded 2 times (x 70B)
Class com.android.tools.idea.gradle.model.IdeApiVersion                               : loaded 2 times (x 70B)
Class com.google.common.util.concurrent.AbstractFuture$UnsafeAtomicHelper$1           : loaded 2 times (x 76B)
Class org.jetbrains.kotlin.config.MavenComparableVersion$IntegerItem                  : loaded 2 times (x 80B)
Class dagger.spi.internal.shaded.androidx.room.jarjarred.kotlinx.metadata.KmTypeVisitor: loaded 2 times (x 82B)
Class org.gradle.tooling.model.eclipse.EclipseExternalDependency                      : loaded 2 times (x 70B)
Class org.gradle.tooling.internal.adapter.ProtocolToModelAdapter$TypeSpecificMappingAction: loaded 2 times (x 81B)
Class io.opentelemetry.api.trace.TraceState                                           : loaded 2 times (x 70B)
Class org.gradle.tooling.model.eclipse.HierarchicalEclipseProject                     : loaded 2 times (x 70B)
Class org.gradle.tooling.internal.consumer.versioning.VersionDetails$R35VersionDetails: loaded 2 times (x 80B)
Class dagger.internal.codegen.base.AutoValue_MapType                                  : loaded 2 times (x 80B)
Class dagger.internal.codegen.binding.Binding                                         : loaded 2 times (x 83B)
Class dagger.internal.codegen.binding.OptionalBindingDeclaration_Factory_Factory      : loaded 2 times (x 79B)
Class dagger.spi.internal.shaded.androidx.room.jarjarred.kotlinx.metadata.Attributes$visibility$10: loaded 2 times (x 137B)
Class com.squareup.javapoet.TypeName$2                                                : loaded 2 times (x 71B)
Class dagger.spi.internal.shaded.androidx.room.compiler.processing.XNullability       : loaded 2 times (x 79B)
Class com.squareup.javapoet.CodeWriter                                                : loaded 2 times (x 72B)
Class dagger.spi.internal.shaded.androidx.room.compiler.processing.javac.JavacTypeElement$JavacEnumTypeElement: loaded 2 times (x 349B)
Class dagger.spi.internal.shaded.androidx.room.jarjarred.kotlinx.metadata.internal.metadata.deserialization.VersionRequirement$Version: loaded 2 times (x 71B)
Class dagger.spi.internal.shaded.androidx.room.compiler.processing.javac.JavacDeclaredType$typeArguments$2: loaded 2 times (x 79B)
Class dagger.hilt.processor.internal.originatingelement.OriginatingElementProcessor   : loaded 2 times (x 100B)
Class sync_studio_tooling10_5ejd27smyrvqug4hp9odoofur$_run_closure1                   : loaded 2 times (x 139B)
Class jdk.internal.jimage.ImageStrings                                                : loaded 2 times (x 70B)
Class com.google.common.io.CharSource$EmptyCharSource                                 : loaded 2 times (x 86B)
Class com.google.common.collect.ForwardingMap                                         : loaded 2 times (x 132B)
Class dagger.internal.codegen.kotlin.KotlinMetadataFactory_Factory$InstanceHolder     : loaded 2 times (x 71B)
Class dagger.internal.codegen.bindinggraphvalidation.CompositeBindingGraphPlugin_Factory_Impl: loaded 2 times (x 75B)
Class dagger.internal.codegen.model.DiagnosticReporter                                : loaded 2 times (x 75B)
Class dagger.spi.model.DaggerProcessingEnv$Backend                                    : loaded 2 times (x 79B)
Class dagger.internal.codegen.model.AutoValue_Scope                                   : loaded 2 times (x 73B)
Class [Ldagger.internal.codegen.base.ComponentCreatorAnnotation;                      : loaded 2 times (x 69B)
Class dagger.internal.codegen.compileroption.ValidationType$1                         : loaded 2 times (x 71B)
Class com.android.tools.idea.gradle.project.sync.IdeModelFactoryV2Kt                  : loaded 2 times (x 71B)
Class dagger.internal.codegen.validation.ValidationReport$Builder                     : loaded 2 times (x 72B)
Class io.opentelemetry.api.trace.DefaultTracer$NoopSpanBuilder                        : loaded 2 times (x 91B)
Class io.opentelemetry.api.trace.SpanContext                                          : loaded 2 times (x 70B)
Class com.android.tools.idea.gradle.model.IdeBasicVariant                             : loaded 2 times (x 70B)
Class io.opentelemetry.context.LazyStorage                                            : loaded 2 times (x 71B)
Class dagger.spi.internal.shaded.auto.common.MoreTypes$PrimitiveTypeVisitor           : loaded 2 times (x 102B)
Class dagger.internal.codegen.model.DaggerType                                        : loaded 2 times (x 74B)
Class dagger.internal.codegen.validation.DiagnosticReporterFactory                    : loaded 2 times (x 72B)
Class dagger.internal.codegen.compileroption.ProcessingEnvironmentCompilerOptions     : loaded 2 times (x 95B)
Class com.android.tools.idea.gradle.model.impl.IdeJavaCompileOptionsImpl              : loaded 2 times (x 78B)
Class com.android.ide.common.gradle.Component                                         : loaded 2 times (x 72B)
Class dagger.spi.internal.shaded.androidx.room.compiler.codegen.XTypeName             : loaded 2 times (x 75B)
Class org.jetbrains.plugins.gradle.tooling.serialization.internal.IdeaProjectSerializationService$TestResourceDirectoriesGetter: loaded 2 times (x 75B)
Class dagger.spi.internal.shaded.androidx.room.compiler.processing.javac.kotlin.JvmDescriptorTypeVisitor$visitExecutable$parameterDescriptors$1: loaded 2 times (x 79B)
Class dagger.spi.internal.shaded.androidx.room.compiler.processing.InternalXAnnotationKt: loaded 2 times (x 71B)
Class dagger.spi.internal.shaded.androidx.room.compiler.processing.XType              : loaded 2 times (x 70B)
Class dagger.spi.internal.shaded.androidx.room.jarjarred.kotlinx.metadata.internal.protobuf.CodedOutputStream: loaded 2 times (x 72B)
Class dagger.spi.internal.shaded.androidx.room.jarjarred.kotlinx.metadata.internal.protobuf.Internal$EnumLiteMap: loaded 2 times (x 70B)
Class dagger.spi.internal.shaded.androidx.room.jarjarred.kotlinx.metadata.internal.metadata.ProtoBuf$Annotation: loaded 2 times (x 109B)
Class dagger.spi.internal.shaded.androidx.room.jarjarred.kotlinx.metadata.internal.protobuf.GeneratedMessageLite: loaded 2 times (x 101B)
Class dagger.spi.internal.shaded.androidx.room.compiler.processing.javac.kotlin.KmClassContainer$propertyList$2: loaded 2 times (x 79B)
Class dagger.hilt.processor.internal.generatesrootinput.GeneratesRootInputProcessingStep: loaded 2 times (x 87B)
Class sync_studio_tooling6_9kxmo07ahv5hpf6dtg4m1g3br$_run_closure1                    : loaded 2 times (x 139B)
Class [Lcom.google.common.io.FileWriteMode;                                           : loaded 2 times (x 69B)
Class com.google.common.cache.LocalCache$2                                            : loaded 2 times (x 142B)
Class com.intellij.gradle.toolingExtension.modelAction.GradleModelFetchPhase$ProjectLoaded: loaded 2 times (x 70B)
Class com.intellij.gradle.toolingExtension.modelProvider.GradleClassProjectModelProvider: loaded 2 times (x 80B)
Class [Lio.opentelemetry.api.trace.ImmutableTraceFlags;                               : loaded 2 times (x 69B)
Class net.rubygrapefruit.platform.internal.WindowsProcessLauncher                     : loaded 2 times (x 76B)
Class com.google.common.reflect.TypeToken$SimpleTypeToken                             : loaded 2 times (x 73B)
Class com.google.common.io.ByteSource$ByteArrayByteSource                             : loaded 2 times (x 85B)
Class com.android.tools.idea.gradle.project.sync.IdeAndroidModels                     : loaded 2 times (x 72B)
Class com.android.tools.idea.gradle.project.sync.SyncProjectActionWorker$populateAndroidModels$3$1: loaded 2 times (x 125B)
Class com.android.tools.idea.gradle.model.IdeUnresolvedArtifactLibrary                : loaded 2 times (x 70B)
Class com.android.tools.idea.gradle.model.IdeBuildTasksAndOutputInformation           : loaded 2 times (x 70B)
Class [Lcom.android.tools.idea.gradle.model.IdeAndroidProjectType;                    : loaded 2 times (x 69B)
Class com.google.common.io.CharSource$StringCharSource                                : loaded 2 times (x 86B)
Class dagger.hilt.processor.internal.HiltCompilerOptions$EnumOption                   : loaded 2 times (x 72B)
Class org.jetbrains.kotlin.idea.gradleTooling.KotlinDslScriptModelProvider            : loaded 2 times (x 79B)
Class dagger.internal.codegen.binding.Nullability                                     : loaded 2 times (x 73B)
Class dagger.internal.codegen.writing.ProducerFactoryGenerator$SingleArgFutureTransform: loaded 2 times (x 78B)
Class dagger.internal.codegen.validation.BindsMethodValidator$Validator               : loaded 2 times (x 80B)
Class [Ldagger.internal.codegen.model.RequestKind;                                    : loaded 2 times (x 69B)
Class dagger.internal.codegen.bindinggraphvalidation.CompositeBindingGraphPlugin_Factory: loaded 2 times (x 72B)
Class dagger.internal.codegen.validation.MembersInjectionValidator_Factory            : loaded 2 times (x 79B)
Class dagger.spi.internal.shaded.auto.common.Visibility                               : loaded 2 times (x 79B)
Class dagger.spi.internal.shaded.androidx.room.jarjarred.kotlinx.metadata.internal.metadata.ProtoBuf$VersionRequirement$1: loaded 2 times (x 144B)
Class dagger.spi.internal.shaded.androidx.room.compiler.processing.DeclarationCollectorKt$collectAllMethods$1: loaded 2 times (x 95B)
Class dagger.internal.Preconditions                                                   : loaded 2 times (x 71B)
Class dagger.hilt.android.processor.internal.viewmodel.ViewModelMetadata              : loaded 2 times (x 72B)
Class dagger.spi.internal.shaded.androidx.room.jarjarred.kotlinx.metadata.jvm.JvmTypeExtensionVisitor: loaded 2 times (x 80B)
Class dagger.spi.internal.shaded.androidx.room.compiler.processing.javac.JavacExecutableElement$jvmDescriptor$2: loaded 2 times (x 79B)
Class dagger.spi.internal.shaded.androidx.room.jarjarred.kotlinx.metadata.internal.extensions.KmPropertyExtension: loaded 2 times (x 70B)
Class dagger.spi.internal.shaded.androidx.room.jarjarred.kotlinx.metadata.internal.metadata.ProtoBuf$Effect$EffectType: loaded 2 times (x 82B)
Class dagger.spi.internal.shaded.androidx.room.jarjarred.kotlinx.metadata.internal.metadata.ProtoBuf$TypeParameter$1: loaded 2 times (x 144B)
Class dagger.hilt.processor.internal.earlyentrypoint.EarlyEntryPointProcessor         : loaded 2 times (x 100B)
Class com.google.common.io.Files                                                      : loaded 2 times (x 71B)
Class net.rubygrapefruit.platform.internal.NativeLibraryLocator                       : loaded 2 times (x 73B)
Class net.rubygrapefruit.platform.Process                                             : loaded 2 times (x 70B)
Class com.google.common.cache.LocalCache$EntryFactory                                 : loaded 2 times (x 83B)
Class dagger.spi.internal.shaded.androidx.room.jarjarred.kotlinx.metadata.KmTypeProjection$Companion: loaded 2 times (x 71B)
Class com.squareup.javapoet.CodeWriter$Multiset                                       : loaded 2 times (x 72B)
Class dagger.spi.internal.shaded.androidx.room.compiler.processing.javac.JavacAnnotation$declaredAnnotationValues$2: loaded 2 times (x 79B)
Class com.android.tools.idea.gradle.model.impl.FileImpl                               : loaded 2 times (x 121B)
Class dagger.hilt.processor.internal.kotlin.DaggerKotlinMetadataUtils_MetadataComponent$Builder: loaded 2 times (x 71B)
Class dagger.Lazy                                                                     : loaded 2 times (x 70B)
Class dagger.internal.codegen.binding.MethodSignatureFormatter                        : loaded 2 times (x 86B)
Class dagger.internal.codegen.writing.AnnotationCreatorGenerator                      : loaded 2 times (x 80B)
Class [Lcom.android.ide.common.gradle.Separator;                                      : loaded 2 times (x 69B)
Class com.android.tools.idea.gradle.model.impl.IdeModuleSourceSet                     : loaded 2 times (x 70B)
Class dagger.internal.codegen.validation.ProvidesMethodValidator$Validator            : loaded 2 times (x 80B)
Class dagger.internal.codegen.binding.ModuleDescriptor                                : loaded 2 times (x 80B)
Class org.gradle.tooling.model.Task                                                   : loaded 2 times (x 70B)
Class [Ldagger.internal.codegen.model.BindingKind;                                    : loaded 2 times (x 69B)
Class com.android.builder.model.v2.ide.BytecodeTransformation                         : loaded 2 times (x 79B)
Class dagger.spi.internal.shaded.androidx.room.jarjarred.kotlinx.metadata.jvm.KotlinClassMetadata$Companion: loaded 2 times (x 71B)
Class [Lorg.jetbrains.kotlin.config.LanguageOrApiVersion;                             : loaded 2 times (x 69B)
Class org.jetbrains.kotlin.idea.projectModel.ExtraFeatures                            : loaded 2 times (x 70B)
Class dagger.internal.codegen.writing.InjectionMethods$ProvisionMethod                : loaded 2 times (x 71B)
Class com.google.common.cache.LocalCache$1                                            : loaded 2 times (x 89B)
Class dagger.internal.codegen.validation.MembersInjectionValidator                    : loaded 2 times (x 72B)
Class dagger.internal.codegen.binding.KeyFactory_Factory                              : loaded 2 times (x 79B)
Class jdk.internal.jrtfs.JrtFileSystemProvider                                        : loaded 2 times (x 101B)
Class dagger.spi.internal.shaded.androidx.room.compiler.processing.javac.JavacBasicAnnotationProcessor: loaded 2 times (x 98B)
Class dagger.spi.internal.shaded.androidx.room.compiler.processing.javac.JavacProcessingEnvMessager$Companion: loaded 2 times (x 71B)
Class dagger.internal.codegen.validation.DiagnosticReporterFactory$DiagnosticReporterImpl: loaded 2 times (x 76B)
Class dagger.spi.internal.shaded.androidx.room.jarjarred.kotlinx.metadata.jvm.JvmPropertyExtensionVisitor$Companion: loaded 2 times (x 71B)
Class dagger.spi.internal.shaded.androidx.room.jarjarred.kotlinx.metadata.internal.metadata.jvm.deserialization.JvmNameResolverBase$WhenMappings: loaded 2 times (x 71B)
Class dagger.spi.internal.shaded.androidx.room.jarjarred.kotlinx.metadata.internal.protobuf.Internal$EnumLite: loaded 2 times (x 70B)
Class dagger.spi.internal.shaded.androidx.room.jarjarred.kotlinx.metadata.internal.protobuf.FieldSet: loaded 2 times (x 72B)
Class dagger.spi.internal.shaded.androidx.room.jarjarred.kotlinx.metadata.InconsistentKotlinMetadataException: loaded 2 times (x 82B)
Class dagger.internal.codegen.binding.FrameworkType                                   : loaded 2 times (x 84B)
Class com.squareup.javapoet.Util                                                      : loaded 2 times (x 71B)
Class com.google.common.reflect.Types$NativeTypeVariableEquals                        : loaded 2 times (x 71B)
Class com.google.common.reflect.TypeParameter                                         : loaded 2 times (x 72B)
Class com.google.common.cache.LocalCache$AbstractReferenceEntry                       : loaded 2 times (x 107B)
Class com.google.common.base.Splitter$1$1                                             : loaded 2 times (x 86B)
Class com.intellij.gradle.toolingExtension.impl.util.GradleExecutorServiceUtil        : loaded 2 times (x 71B)
Class com.android.tools.idea.gradle.model.IdeVectorDrawablesOptions                   : loaded 2 times (x 70B)
Class com.android.tools.idea.gradle.project.sync.VariantDependenciesCompat$AdjacencyList: loaded 2 times (x 72B)
Class com.android.tools.idea.gradle.model.IdeSourceProvider                           : loaded 2 times (x 72B)
Class com.android.tools.idea.gradle.model.IdeTestOptions                              : loaded 2 times (x 70B)
Class sync_studio_tooling504_5gk5is8xjzxdiagtr0e5u07ec$_run_closure1                  : loaded 2 times (x 139B)
Class com.android.tools.idea.gradle.model.impl.IdeBuildTasksAndOutputInformationImpl  : loaded 2 times (x 80B)
Class com.android.tools.idea.gradle.model.IdeMultiVariantData                         : loaded 2 times (x 70B)
Class com.android.tools.idea.gradle.project.sync.BuildTypeDef                         : loaded 2 times (x 72B)
Class com.android.tools.idea.gradle.project.sync.IdeModelFactoryV2                    : loaded 2 times (x 72B)
Class com.android.ide.common.gradle.Numeric                                           : loaded 2 times (x 77B)
Class [Lcom.android.tools.idea.gradle.model.impl.IdeModuleSourceSet;                  : loaded 2 times (x 69B)
Class com.android.builder.model.v2.models.TestSuiteDependenciesAdjacencyList          : loaded 2 times (x 70B)
Class com.android.tools.idea.gradle.project.sync.SyncActionRunner$Companion           : loaded 2 times (x 71B)
Class com.android.tools.idea.gradle.project.sync.SyncActionRunner                     : loaded 2 times (x 76B)
Class io.opentelemetry.context.propagation.NoopTextMapPropagator                      : loaded 2 times (x 76B)
Class com.android.tools.idea.gradle.project.sync.GradleSyncStudioFlags                : loaded 2 times (x 72B)
Class com.intellij.gradle.toolingExtension.modelAction.GradleBuildFinishedModelFetchPhase: loaded 2 times (x 81B)
Class [Ldagger.internal.codegen.javapoet.AnnotationSpecs$Suppression;                 : loaded 2 times (x 69B)
Class com.android.tools.idea.gradle.project.sync.DefaultVariantsKt$getDefaultVariant$$inlined$thenBy$1: loaded 2 times (x 90B)
Class dagger.internal.codegen.binding.SourceFiles$1                                   : loaded 2 times (x 71B)
Class dagger.spi.internal.shaded.androidx.room.compiler.processing.javac.JavacFieldElement: loaded 2 times (x 227B)
Class com.android.tools.idea.gradle.project.sync.JavaModule                           : loaded 2 times (x 78B)
Class dagger.internal.codegen.writing.InaccessibleMapKeyProxyGenerator_Factory        : loaded 2 times (x 79B)
Class dagger.internal.codegen.model.BindingGraph$Node                                 : loaded 2 times (x 70B)
Class com.google.common.collect.Iterators$PeekingImpl                                 : loaded 2 times (x 89B)
Class dagger.internal.codegen.DelegateComponentProcessor$Injector$Factory             : loaded 2 times (x 70B)
Class org.gradle.internal.service.ServiceLocator                                      : loaded 2 times (x 70B)
Class [Lorg.objectweb.asm.Type;                                                       : loaded 2 times (x 69B)
Class dagger.spi.internal.shaded.androidx.room.compiler.processing.javac.JavacMethodParameter$kotlinMetadata$2: loaded 2 times (x 79B)
Class org.jetbrains.kotlin.config.LanguageOrApiVersion                                : loaded 2 times (x 70B)
Class [Lorg.objectweb.asm.Attribute;                                                  : loaded 2 times (x 69B)
Class dagger.hilt.android.processor.internal.androidentrypoint.AndroidEntryPointProcessingStep: loaded 2 times (x 87B)
Class dagger.spi.internal.shaded.androidx.room.compiler.processing.javac.JavacElement$equalityItems$2: loaded 2 times (x 79B)
Class com.squareup.kotlinpoet.TypeNames                                               : loaded 2 times (x 71B)
Class dagger.spi.internal.shaded.androidx.room.compiler.processing.javac.JavacType$rawType$2: loaded 2 times (x 79B)
Class dagger.spi.internal.shaded.androidx.room.jarjarred.kotlinx.metadata.KmVariance  : loaded 2 times (x 79B)
Class dagger.spi.internal.shaded.androidx.room.jarjarred.kotlinx.metadata.Attributes$hasAnnotations$2: loaded 2 times (x 137B)
Class dagger.spi.internal.shaded.androidx.room.jarjarred.kotlinx.metadata.internal.metadata.jvm.JvmProtoBuf$JvmMethodSignature: loaded 2 times (x 108B)
Class dagger.spi.internal.shaded.androidx.room.jarjarred.kotlinx.metadata.Attributes$hasAnnotations$26: loaded 2 times (x 137B)
Class dagger.spi.internal.shaded.androidx.room.compiler.processing.javac.JavacConstructorElement$parameters$2$1$1: loaded 2 times (x 79B)
Class dagger.hilt.processor.internal.AutoValue_MethodSignature                        : loaded 2 times (x 74B)
Class com.google.devtools.ksp.symbol.KSAnnotated                                      : loaded 2 times (x 70B)
Class dagger.hilt.processor.internal.ProcessorErrorHandler                            : loaded 2 times (x 72B)
Class [Ldagger.spi.internal.shaded.androidx.room.compiler.processing.XProcessingEnv$Backend;: loaded 2 times (x 69B)
Class org.objectweb.asm.SymbolTable                                                   : loaded 2 times (x 72B)
Class com.google.common.cache.CacheLoader$InvalidCacheLoadException                   : loaded 2 times (x 82B)
Class org.gradle.internal.classloader.SystemClassLoaderSpec                           : loaded 2 times (x 71B)
Class [Ldagger.spi.internal.shaded.auto.common.Visibility;                            : loaded 2 times (x 69B)
Class com.intellij.openapi.diagnostic.DefaultLogger                                   : loaded 2 times (x 101B)
Class dagger.internal.codegen.validation.MultibindsMethodValidator_Factory            : loaded 2 times (x 79B)
Class dagger.internal.codegen.binding.BindingGraphConverter                           : loaded 2 times (x 72B)
Class dagger.internal.codegen.validation.DiagnosticMessageGenerator$Factory           : loaded 2 times (x 72B)
Class com.android.tools.idea.gradle.project.sync.AndroidArtifactRef                   : loaded 2 times (x 72B)
Class dagger.internal.codegen.binding.BindingGraph$TopLevelBindingGraph               : loaded 2 times (x 99B)
Class dagger.internal.codegen.binding.AssistedInjectionAnnotations                    : loaded 2 times (x 71B)
Class dagger.internal.codegen.binding.BindingType                                     : loaded 2 times (x 79B)
Class dagger.internal.codegen.model.AutoValue_DaggerExecutableElement                 : loaded 2 times (x 74B)
Class org.gradle.tooling.internal.consumer.connection.ParameterAwareBuildControllerAdapter: loaded 2 times (x 101B)
Class io.opentelemetry.context.propagation.DefaultContextPropagators                  : loaded 2 times (x 75B)
Class io.opentelemetry.context.ContextStorageWrappers                                 : loaded 2 times (x 71B)
Class com.android.tools.idea.gradle.project.sync.ModelConverter                       : loaded 2 times (x 71B)
Class com.android.tools.idea.gradle.project.sync.SyncActionRunnerKt$toMeasuringController$1: loaded 2 times (x 86B)
Class com.google.common.collect.TreeRangeSet$AsRanges                                 : loaded 2 times (x 149B)
Class dagger.internal.codegen.binding.FrameworkField                                  : loaded 2 times (x 73B)
Class com.android.tools.idea.gradle.project.sync.AndroidModule$NativeModelVersion     : loaded 2 times (x 79B)
Class dagger.internal.codegen.xprocessing.XMethodElements                             : loaded 2 times (x 71B)
Class dagger.spi.internal.shaded.androidx.room.compiler.processing.javac.JavacMethodType: loaded 2 times (x 91B)
Class dagger.spi.internal.shaded.androidx.room.compiler.processing.javac.JavacFieldElement$setter$2: loaded 2 times (x 79B)
Class [Ldagger.spi.model.DaggerProcessingEnv$Backend;                                 : loaded 2 times (x 69B)
Class dagger.spi.model.DaggerProcessingEnv                                            : loaded 2 times (x 75B)
Class [Ldagger.internal.codegen.compileroption.ProcessingEnvironmentCompilerOptions$Feature;: loaded 2 times (x 69B)
Class dagger.internal.codegen.bindinggraphvalidation.ProvisionDependencyOnProducerBindingValidator_Factory: loaded 2 times (x 78B)
Class dagger.internal.codegen.DaggerDelegateComponentProcessor_Injector$InjectorImpl  : loaded 2 times (x 75B)
Class dagger.spi.internal.shaded.androidx.room.compiler.processing.javac.kotlin.KmFunctionContainerImpl: loaded 2 times (x 100B)
Class com.android.tools.idea.gradle.project.sync.IdeModelWithPostProcessor            : loaded 2 times (x 72B)
Class com.android.tools.idea.gradle.model.impl.IdeModuleWellKnownSourceSet$Companion  : loaded 2 times (x 71B)
Class com.android.ide.common.gradle.Version$Companion$ParseState$NONNUMERIC           : loaded 2 times (x 74B)
Class com.squareup.kotlinpoet.WildcardTypeName$Companion                              : loaded 2 times (x 71B)
Class dagger.spi.internal.shaded.androidx.room.jarjarred.kotlinx.metadata.Attributes$hasAnnotations$10: loaded 2 times (x 137B)
Class dagger.spi.internal.shaded.androidx.room.jarjarred.kotlinx.metadata.internal.extensions.ExtensionUtilsKt: loaded 2 times (x 71B)
Class dagger.spi.internal.shaded.androidx.room.jarjarred.kotlinx.metadata.internal.metadata.jvm.JvmProtoBuf$StringTableTypes$1: loaded 2 times (x 144B)
Class dagger.spi.internal.shaded.androidx.room.jarjarred.kotlinx.metadata.internal.extensions.MetadataExtensions$Companion: loaded 2 times (x 71B)
Class dagger.spi.internal.shaded.androidx.room.compiler.processing.javac.kotlin.KmClassContainer: loaded 2 times (x 79B)
Class dagger.spi.internal.shaded.androidx.room.compiler.processing.CommonProcessorDelegate$processRound$currentElementsDeferredByStep$1$stepDeferredElementsByAnnotation$1: loaded 2 times (x 78B)
Class dagger.spi.internal.shaded.androidx.room.compiler.processing.javac.JavacProcessingEnv$messager$2: loaded 2 times (x 79B)
Class com.google.common.cache.LocalCache$StrongEntry                                  : loaded 2 times (x 108B)
Class com.google.common.util.concurrent.AbstractFuture$TrustedFuture                  : loaded 2 times (x 114B)
Class com.google.common.cache.LoadingCache                                            : loaded 2 times (x 70B)
Class com.android.tools.idea.gradle.project.sync.NativeVariantAbiResult$None          : loaded 2 times (x 71B)
Class com.android.tools.idea.gradle.project.sync.VariantSelectionChange$Companion     : loaded 2 times (x 71B)
Class com.intellij.openapi.diagnostic.Attachment                                      : loaded 2 times (x 72B)
Class [Lcom.android.tools.idea.gradle.model.impl.IdeDependenciesCoreImpl;             : loaded 2 times (x 69B)
Class com.google.common.collect.Cut$BelowValue                                        : loaded 2 times (x 88B)
Class org.gradle.tooling.internal.consumer.converters.ConsumerTargetTypeProvider      : loaded 2 times (x 76B)
Class com.google.common.base.MoreObjects                                              : loaded 2 times (x 71B)
Class org.jetbrains.kotlin.config.LanguageFeature                                     : loaded 2 times (x 80B)
Class com.google.common.reflect.TypeResolver$TypeVariableKey                          : loaded 2 times (x 72B)
Class com.intellij.openapi.diagnostic.Logger$DefaultFactory                           : loaded 2 times (x 74B)
Class com.android.tools.idea.gradle.project.sync.LibraryIdentity$Companion            : loaded 2 times (x 71B)
Class com.android.tools.idea.gradle.model.impl.IdeModuleWellKnownSourceSet            : loaded 2 times (x 84B)
Class com.android.tools.idea.gradle.project.sync.InternedModels                       : loaded 2 times (x 72B)
Class com.android.tools.idea.gradle.project.sync.BasicV2AndroidModuleGradleProject    : loaded 2 times (x 73B)
Class jdk.internal.jrtfs.SystemImage$2                                                : loaded 2 times (x 76B)
Class dagger.spi.internal.shaded.androidx.room.compiler.processing.XProcessingStep    : loaded 2 times (x 70B)
Class dagger.spi.internal.shaded.androidx.room.jarjarred.kotlinx.metadata.internal.metadata.ProtoBuf$TypeParameter$Variance$1: loaded 2 times (x 74B)
Class dagger.spi.internal.shaded.androidx.room.compiler.processing.compat.XConverters : loaded 2 times (x 71B)
Class org.gradle.tooling.internal.consumer.connection.NestedActionAwareBuildControllerAdapter: loaded 2 times (x 101B)
Class org.gradle.tooling.internal.consumer.versioning.VersionDetails$R51VersionDetails: loaded 2 times (x 80B)
Class org.gradle.tooling.model.gradle.GradleBuild                                     : loaded 2 times (x 70B)
Class io.opentelemetry.api.trace.Span                                                 : loaded 2 times (x 70B)
Class org.gradle.tooling.internal.consumer.versioning.VersionDetails                  : loaded 2 times (x 80B)
Class dagger.hilt.processor.internal.ProcessorErrors                                  : loaded 2 times (x 71B)
Class com.google.common.graph.BaseGraph                                               : loaded 2 times (x 70B)
Class dagger.internal.codegen.binding.AutoValue_ComponentDescriptor                   : loaded 2 times (x 90B)
Class dagger.internal.codegen.validation.MapKeyValidator                              : loaded 2 times (x 72B)
Class dagger.internal.codegen.base.ElementFormatter_Factory                           : loaded 2 times (x 78B)
Class dagger.spi.internal.shaded.androidx.room.compiler.processing.javac.JavacAnnotation: loaded 2 times (x 139B)
Class dagger.spi.internal.shaded.auto.common.MoreElements$2                           : loaded 2 times (x 71B)
Class dagger.internal.DoubleCheck                                                     : loaded 2 times (x 80B)
Class dagger.spi.internal.shaded.androidx.room.compiler.processing.InternalXAnnotationValue$kind$2: loaded 2 times (x 79B)
Class dagger.spi.internal.shaded.androidx.room.compiler.processing.javac.JavacAnnotation$annotationValues$2: loaded 2 times (x 79B)
Class dagger.spi.internal.shaded.androidx.room.compiler.processing.javac.JavacDeclaredType: loaded 2 times (x 187B)
Class dagger.hilt.processor.internal.HiltCompilerOptions                              : loaded 2 times (x 71B)
Class kotlin.io.FileTreeWalk$FileTreeWalkIterator$TopDownDirectoryState               : loaded 2 times (x 74B)
Class jdk.internal.jrtfs.JrtFileSystem                                                : loaded 2 times (x 102B)
Class com.google.common.io.ByteStreams$LimitedInputStream                             : loaded 2 times (x 92B)
Class net.rubygrapefruit.platform.ProcessLauncher                                     : loaded 2 times (x 70B)
Class org.objectweb.asm.MethodWriter                                                  : loaded 2 times (x 106B)
Class [Lcom.google.common.cache.Weigher;                                              : loaded 2 times (x 69B)
Class com.google.common.collect.RegularImmutableMap$BucketOverflowException           : loaded 2 times (x 82B)
Class com.android.tools.idea.gradle.project.sync.GradleProject$ModelConsumer          : loaded 2 times (x 72B)
Class com.squareup.kotlinpoet.ClassName$Companion                                     : loaded 2 times (x 71B)
Class com.squareup.javapoet.TypeSpec$Builder                                          : loaded 2 times (x 72B)
Class org.gradle.internal.classloader.ClassLoaderHierarchy                            : loaded 2 times (x 70B)
Class com.squareup.javapoet.MethodSpec                                                : loaded 2 times (x 72B)
Class dagger.spi.internal.shaded.androidx.room.jarjarred.kotlinx.metadata.jvm.internal.JvmFunctionExtension: loaded 2 times (x 85B)
Class dagger.internal.codegen.bindinggraphvalidation.CompositeBindingGraphPlugin$Factory: loaded 2 times (x 70B)
Class dagger.internal.codegen.binding.MethodSignatureFormatter$1                      : loaded 2 times (x 87B)
Class com.android.tools.idea.gradle.project.sync.DeliverableGradleModule              : loaded 2 times (x 76B)
Class com.intellij.openapi.diagnostic.LogLevel                                        : loaded 2 times (x 79B)
Class com.android.tools.idea.gradle.model.IdeUnknownLibraryImpl                       : loaded 2 times (x 83B)
Class com.android.ide.common.gradle.Version$Companion$ParseState$EMPTY                : loaded 2 times (x 74B)
Class com.android.tools.idea.gradle.project.sync.VariantDiscoveryKt                   : loaded 2 times (x 71B)
Class com.android.tools.idea.gradle.project.sync.HasAndroidVariantResolver            : loaded 2 times (x 70B)
Class dagger.internal.codegen.binding.KeyFactory$1                                    : loaded 2 times (x 71B)
Class com.google.common.collect.Cut                                                   : loaded 2 times (x 88B)
Class org.gradle.tooling.internal.consumer.converters.IdeaProjectJavaLanguageSettingsMixin: loaded 2 times (x 73B)
Class com.android.tools.idea.gradle.project.sync.BuildInfo                            : loaded 2 times (x 72B)
Class com.android.builder.model.v2.models.TestApkTestSuiteSource                      : loaded 2 times (x 70B)
Class com.google.common.graph.Network                                                 : loaded 2 times (x 70B)
Class dagger.internal.codegen.validation.BindsInstanceParameterValidator              : loaded 2 times (x 78B)
Class [Ldagger.internal.codegen.validation.BindingElementValidator$AllowsMultibindings;: loaded 2 times (x 69B)
Class com.android.tools.idea.gradle.project.sync.ModelCacheV2ImplKt                   : loaded 2 times (x 71B)
Class dagger.hilt.android.processor.internal.androidentrypoint.InjectorEntryPointGenerator: loaded 2 times (x 72B)
Class com.android.tools.idea.gradle.model.IdeSigningConfig                            : loaded 2 times (x 70B)
Class dagger.spi.internal.shaded.androidx.room.jarjarred.kotlinx.metadata.internal.FlagDelegatesImplKt$propertyBooleanFlag$1: loaded 2 times (x 137B)
Class dagger.spi.internal.shaded.androidx.room.jarjarred.kotlinx.metadata.internal.metadata.jvm.deserialization.JvmProtoBufUtil: loaded 2 times (x 71B)
Class dagger.spi.internal.shaded.androidx.room.compiler.processing.javac.JavacTypeElement$Companion$WhenMappings: loaded 2 times (x 71B)
Class dagger.spi.internal.shaded.androidx.room.compiler.processing.javac.JavacProcessingEnvMessager: loaded 2 times (x 73B)
Class kotlin.text.Charsets                                                            : loaded 2 times (x 71B)
Class jdk.internal.jimage.decompressor.CompressedResourceHeader                       : loaded 2 times (x 71B)
Class org.jetbrains.kotlin.cli.common.CompilerSystemProperties$Companion              : loaded 2 times (x 71B)
Class [Lcom.google.common.base.AbstractIterator$State;                                : loaded 2 times (x 69B)
Class com.android.tools.idea.gradle.model.IdeLibrary                                  : loaded 2 times (x 70B)
Class net.rubygrapefruit.platform.internal.Platform$FreeBSD64Bit                      : loaded 2 times (x 82B)
Class dagger.internal.codegen.base.MapType                                            : loaded 2 times (x 80B)
Class dagger.internal.codegen.binding.FrameworkType$2                                 : loaded 2 times (x 84B)
Class com.google.common.cache.CacheLoader$FunctionToCacheLoader                       : loaded 2 times (x 75B)
Class com.android.tools.idea.gradle.model.impl.IdeVariantCoreImpl$Companion           : loaded 2 times (x 71B)
Class com.google.common.collect.Range$RangeLexOrdering                                : loaded 2 times (x 115B)
Class com.android.ide.common.repository.AgpVersion$Companion$WhenMappings             : loaded 2 times (x 71B)
Class com.google.common.reflect.Types$ParameterizedTypeImpl                           : loaded 2 times (x 81B)
Class jdk.internal.jrtfs.SystemImage$1                                                : loaded 2 times (x 78B)
Class dagger.spi.internal.shaded.androidx.room.compiler.processing.javac.JavacBasicAnnotationProcessor$steps$2: loaded 2 times (x 79B)
Class dagger.spi.internal.shaded.androidx.room.compiler.processing.XFiler             : loaded 2 times (x 70B)
Class io.opentelemetry.api.OpenTelemetry                                              : loaded 2 times (x 70B)
Class dagger.spi.internal.shaded.androidx.room.compiler.processing.XTypeElement       : loaded 2 times (x 70B)
Class com.android.tools.idea.gradle.project.sync.VariantDetails                       : loaded 2 times (x 72B)
Class dagger.spi.internal.shaded.auto.common.AnnotationOutput                         : loaded 2 times (x 71B)
Class dagger.internal.codegen.xprocessing.XElements                                   : loaded 2 times (x 71B)
Class dagger.spi.internal.shaded.androidx.room.compiler.processing.javac.JavacExecutableType$parameterTypes$2: loaded 2 times (x 79B)
Class dagger.internal.codegen.model.Binding                                           : loaded 2 times (x 70B)
Class dagger.internal.codegen.binding.InjectBindingRegistry                           : loaded 2 times (x 70B)
Class dagger.spi.internal.shaded.androidx.room.jarjarred.kotlinx.metadata.internal.metadata.ProtoBuf$ContractOrBuilder: loaded 2 times (x 70B)
Class [Ldagger.internal.codegen.compileroption.FeatureStatus;                         : loaded 2 times (x 69B)
Class dagger.internal.codegen.validation.BindingMethodValidatorsModule_IndexValidatorsFactory: loaded 2 times (x 79B)
Class dagger.spi.internal.shaded.androidx.room.compiler.processing.ksp.KSTypeJavaPoetExtKt$typeVarNameConstructor$2: loaded 2 times (x 78B)
Class [Lcom.squareup.javapoet.TypeName;                                               : loaded 2 times (x 69B)
Class dagger.spi.internal.shaded.androidx.room.jarjarred.kotlinx.metadata.internal.metadata.jvm.deserialization.JvmNameResolverBase$Companion: loaded 2 times (x 71B)
Class dagger.spi.internal.shaded.androidx.room.jarjarred.kotlinx.metadata.internal.protobuf.CodedOutputStream$ByteBufferOutputStream: loaded 2 times (x 86B)
Class dagger.spi.internal.shaded.androidx.room.jarjarred.kotlinx.metadata.Attributes$hasAnnotations$6: loaded 2 times (x 137B)
Class dagger.spi.internal.shaded.androidx.room.jarjarred.kotlinx.metadata.KmTypeExtensionVisitor: loaded 2 times (x 70B)
Class dagger.spi.internal.shaded.androidx.room.jarjarred.kotlinx.metadata.internal.metadata.ProtoBuf$Contract: loaded 2 times (x 107B)
Class dagger.spi.internal.shaded.androidx.room.jarjarred.kotlinx.metadata.internal.metadata.jvm.JvmProtoBuf: loaded 2 times (x 71B)
Class dagger.hilt.processor.internal.definecomponent.DefineComponentProcessor         : loaded 2 times (x 100B)
Class com.google.common.reflect.Types$JavaVersion$1                                   : loaded 2 times (x 83B)
Class [Lorg.jetbrains.kotlin.config.ExplicitApiMode;                                  : loaded 2 times (x 69B)
Class com.google.common.cache.LocalCache$ValueReference                               : loaded 2 times (x 70B)
Class com.google.common.io.FileWriteMode                                              : loaded 2 times (x 79B)
Class jdk.internal.jimage.BasicImageReader                                            : loaded 2 times (x 95B)
Class dagger.spi.internal.shaded.androidx.room.compiler.processing.javac.JavacTypeElement$allFieldsIncludingPrivateSupers$1: loaded 2 times (x 79B)
Class dagger.spi.internal.shaded.androidx.room.compiler.processing.javac.kotlin.KmClassContainer$Companion: loaded 2 times (x 71B)
Class org.jetbrains.plugins.gradle.model.tests.ExternalTestSourceMapping              : loaded 2 times (x 70B)
Class com.android.tools.idea.gradle.project.sync.VariantDependenciesCompat            : loaded 2 times (x 72B)
Class dagger.spi.internal.shaded.androidx.room.jarjarred.kotlinx.metadata.internal.metadata.deserialization.ProtoBufUtilKt: loaded 2 times (x 71B)
Class com.android.tools.idea.gradle.model.IdeDependenciesInfo                         : loaded 2 times (x 70B)
Class dagger.spi.internal.shaded.androidx.room.jarjarred.kotlinx.metadata.internal.metadata.ProtoBuf$MemberKind: loaded 2 times (x 82B)
Class dagger.spi.internal.shaded.androidx.room.jarjarred.kotlinx.metadata.KmTypeProjection: loaded 2 times (x 72B)
Class dagger.spi.internal.shaded.auto.common.MoreElements$TypeElementVisitor          : loaded 2 times (x 93B)
Class io.opentelemetry.api.trace.PropagatedSpan                                       : loaded 2 times (x 112B)
Class dagger.spi.internal.shaded.androidx.room.compiler.processing.javac.kotlin.KmPropertyFunctionContainerImpl: loaded 2 times (x 109B)
Class dagger.spi.internal.shaded.androidx.room.compiler.processing.javac.JavacConstructorElement$parameters$2: loaded 2 times (x 79B)
Class dagger.internal.codegen.validation.MapKeyValidator_Factory                      : loaded 2 times (x 79B)
Class dagger.internal.codegen.binding.ComponentDescriptor_Factory_Factory             : loaded 2 times (x 79B)
Class dagger.hilt.processor.internal.root.ir.InvalidRootsException                    : loaded 2 times (x 82B)
Class dagger.spi.internal.shaded.androidx.room.jarjarred.kotlinx.metadata.KmVersion   : loaded 2 times (x 71B)
Class [Lkotlin.reflect.jvm.internal.impl.builtins.functions.FunctionClassKind;        : loaded 2 times (x 69B)
Class dagger.internal.codegen.binding.KeyFactory                                      : loaded 2 times (x 72B)
Class com.squareup.kotlinpoet.Taggable                                                : loaded 2 times (x 70B)
Class dagger.spi.internal.shaded.androidx.room.compiler.processing.javac.kotlin.JvmDescriptorTypeVisitor$WhenMappings: loaded 2 times (x 71B)
Class dagger.spi.internal.shaded.androidx.room.compiler.processing.javac.JavacMethodElement$propertyName$2: loaded 2 times (x 79B)
Class com.android.tools.idea.gradle.project.sync.SelectedVariants                     : loaded 2 times (x 72B)
Class dagger.spi.internal.shaded.androidx.room.jarjarred.kotlinx.metadata.internal.metadata.ProtoBuf$VersionRequirement$VersionKind: loaded 2 times (x 82B)
Class dagger.spi.internal.shaded.androidx.room.jarjarred.kotlinx.metadata.internal.FlagImplKt: loaded 2 times (x 71B)
Class dagger.spi.internal.shaded.androidx.room.jarjarred.kotlinx.metadata.Attributes$hasAnnotations$14: loaded 2 times (x 137B)
Class dagger.spi.internal.shaded.androidx.room.jarjarred.kotlinx.metadata.internal.metadata.deserialization.VersionRequirementTable$Companion: loaded 2 times (x 71B)
Class dagger.spi.internal.shaded.androidx.room.jarjarred.kotlinx.metadata.internal.metadata.ProtoBuf$TypeParameter: loaded 2 times (x 130B)
Class dagger.spi.internal.shaded.androidx.room.jarjarred.kotlinx.metadata.internal.protobuf.LazyFieldLite: loaded 2 times (x 82B)
Class dagger.spi.internal.shaded.androidx.room.jarjarred.kotlinx.metadata.KmDeclarationContainerExtensionVisitor: loaded 2 times (x 70B)
Class dagger.spi.internal.shaded.androidx.room.jarjarred.kotlinx.metadata.jvm.internal.JvmMetadataExtensions: loaded 2 times (x 103B)
Class dagger.spi.internal.shaded.androidx.room.compiler.processing.javac.JavacRoundEnv: loaded 2 times (x 78B)
Class com.intellij.gradle.toolingExtension.impl.modelSerialization.ToolingSerializer$1: loaded 2 times (x 76B)
Class com.google.common.hash.PrimitiveSink                                            : loaded 2 times (x 70B)
Class com.google.common.reflect.Types$JavaVersion$2                                   : loaded 2 times (x 83B)
Class com.google.common.reflect.Types                                                 : loaded 2 times (x 71B)
Class com.google.common.util.concurrent.AbstractFuture$Failure                        : loaded 2 times (x 72B)
Class com.android.tools.idea.gradle.model.IdeBuild                                    : loaded 2 times (x 70B)
Class com.android.tools.idea.gradle.project.sync.ModelCache                           : loaded 2 times (x 70B)
Class com.android.tools.idea.gradle.model.impl.IdeDependenciesCoreImpl                : loaded 2 times (x 70B)
Class dagger.spi.internal.shaded.androidx.room.jarjarred.kotlinx.metadata.internal.metadata.deserialization.BinaryVersion: loaded 2 times (x 74B)
Class dagger.spi.internal.shaded.androidx.room.jarjarred.kotlinx.metadata.jvm.internal.JvmClassExtension: loaded 2 times (x 93B)
Class com.android.tools.idea.gradle.project.sync.AndroidProjectPathResolver           : loaded 2 times (x 70B)
Class dagger.spi.internal.shaded.androidx.room.jarjarred.kotlinx.metadata.internal.ReadersKt: loaded 2 times (x 71B)
Class com.android.tools.idea.gradle.project.sync.VariantDiscovery$prepareRequestedOrDefaultModuleConfigurations$$inlined$sortedBy$1: loaded 2 times (x 89B)
Class com.android.tools.idea.gradle.model.IdeArtifactName$Companion$WhenMappings      : loaded 2 times (x 71B)
Class dagger.internal.codegen.base.UniqueNameSet                                      : loaded 2 times (x 72B)
Class [Lcom.android.tools.idea.gradle.model.ResolverType;                             : loaded 2 times (x 69B)
Class com.android.tools.idea.gradle.project.sync.LibraryIdentity                      : loaded 2 times (x 72B)
Class com.android.tools.idea.gradle.model.IdeVariantCore                              : loaded 2 times (x 70B)
Class dagger.spi.model.BindingGraph$Edge                                              : loaded 2 times (x 70B)
Class org.gradle.internal.classpath.TransformedClassPath                              : loaded 2 times (x 96B)
Class com.android.tools.idea.gradle.project.upgrade.AndroidGradlePluginCompatibilityKt: loaded 2 times (x 71B)
Class com.android.tools.idea.gradle.project.sync.BasicIncompleteAndroidModule         : loaded 2 times (x 73B)
Class com.google.common.cache.CacheBuilder$NullListener                               : loaded 2 times (x 82B)
Class com.android.tools.idea.gradle.project.sync.ActionToRun$toSafeController$1       : loaded 2 times (x 86B)
Class org.gradle.tooling.model.GradleTask                                             : loaded 2 times (x 70B)
Class org.objectweb.asm.FieldWriter                                                   : loaded 2 times (x 78B)
Class com.google.common.reflect.Invokable                                             : loaded 2 times (x 103B)
Class io.opentelemetry.api.trace.TraceFlags                                           : loaded 2 times (x 70B)
Class dagger.spi.internal.shaded.androidx.room.compiler.processing.javac.JavacBasicAnnotationProcessor$commonDelegate$2: loaded 2 times (x 79B)
Class com.squareup.javapoet.CodeBlock$CodeBlockJoiner                                 : loaded 2 times (x 72B)
Class dagger.internal.codegen.model.AutoValue_DaggerTypeElement                       : loaded 2 times (x 75B)
Class dagger.internal.codegen.binding.DelegateDeclaration$Factory                     : loaded 2 times (x 72B)
Class dagger.internal.codegen.binding.MonitoringModules                               : loaded 2 times (x 75B)
Class [Ldagger.internal.codegen.compileroption.ProcessingEnvironmentCompilerOptions$Validation;: loaded 2 times (x 69B)
Class dagger.spi.internal.shaded.androidx.room.jarjarred.kotlinx.metadata.internal.metadata.jvm.deserialization.JvmMetadataVersion$Companion: loaded 2 times (x 71B)
Class dagger.internal.codegen.binding.DependencyRequestFactory_Factory                : loaded 2 times (x 79B)
Class dagger.internal.codegen.ProcessingEnvironmentModule_ProcessingOptionsFactory    : loaded 2 times (x 79B)
Class dagger.internal.codegen.kotlin.KotlinMetadataUtil_Factory                       : loaded 2 times (x 79B)
Class dagger.spi.internal.shaded.androidx.room.compiler.processing.XVariableElement   : loaded 2 times (x 70B)
Class dagger.spi.internal.shaded.androidx.room.jarjarred.kotlinx.metadata.internal.protobuf.WireFormat$FieldType: loaded 2 times (x 83B)
Class [Lcom.squareup.javapoet.TypeSpec$Kind;                                          : loaded 2 times (x 69B)
Class dagger.spi.internal.shaded.androidx.room.compiler.processing.javac.JavacTypeElement$JavacEnumTypeElement$entries$2: loaded 2 times (x 79B)
Class dagger.spi.internal.shaded.androidx.room.compiler.processing.javac.JavacAnnotationValueKt$UNWRAP_VISITOR$1: loaded 2 times (x 103B)
Class dagger.spi.internal.shaded.androidx.room.compiler.processing.javac.kotlin.JvmDescriptorTypeVisitor: loaded 2 times (x 99B)
Class [Ldagger.spi.internal.shaded.androidx.room.jarjarred.kotlinx.metadata.internal.metadata.ProtoBuf$Class$Kind;: loaded 2 times (x 69B)
Class dagger.spi.internal.shaded.androidx.room.jarjarred.kotlinx.metadata.internal.protobuf.RopeByteString$RopeInputStream: loaded 2 times (x 92B)
Class dagger.spi.internal.shaded.androidx.room.jarjarred.kotlinx.metadata.internal.metadata.jvm.JvmProtoBuf$JvmPropertySignature: loaded 2 times (x 114B)
Class dagger.spi.internal.shaded.androidx.room.jarjarred.kotlinx.metadata.internal.metadata.ProtoBuf$TypeTable$1: loaded 2 times (x 144B)
Class com.google.common.io.CharSink                                                   : loaded 2 times (x 79B)
Class com.google.common.reflect.Types$JavaVersion$3                                   : loaded 2 times (x 83B)
Class org.objectweb.asm.Label                                                         : loaded 2 times (x 73B)
Class org.objectweb.asm.CurrentFrame                                                  : loaded 2 times (x 73B)
Class org.objectweb.asm.ClassTooLargeException                                        : loaded 2 times (x 83B)
Class com.google.gson.stream.JsonReader                                               : loaded 2 times (x 97B)
Class dagger.spi.internal.shaded.androidx.room.jarjarred.kotlinx.metadata.internal.metadata.ProtoBuf$Class$1: loaded 2 times (x 144B)
Class dagger.spi.internal.shaded.androidx.room.jarjarred.kotlinx.metadata.internal.metadata.ProtoBuf$Type$ArgumentOrBuilder: loaded 2 times (x 70B)
Class dagger.spi.internal.shaded.androidx.room.jarjarred.kotlinx.metadata.internal.metadata.ProtoBuf$Modality: loaded 2 times (x 82B)
Class dagger.spi.internal.shaded.androidx.room.compiler.processing.javac.JavacMethodElement$parameters$2$1$1: loaded 2 times (x 79B)
Class dagger.spi.internal.shaded.androidx.room.jarjarred.kotlinx.metadata.internal.metadata.ProtoBuf$VersionRequirement: loaded 2 times (x 116B)
Class dagger.spi.internal.shaded.androidx.room.jarjarred.kotlinx.metadata.internal.metadata.deserialization.VersionRequirement: loaded 2 times (x 72B)
Class dagger.spi.internal.shaded.auto.common.Overrides$NativeOverrides                : loaded 2 times (x 74B)
Class dagger.spi.internal.shaded.androidx.room.compiler.processing.javac.JavacType$typeName$2: loaded 2 times (x 79B)
Class dagger.spi.internal.shaded.androidx.room.compiler.processing.XTypeParameterElement: loaded 2 times (x 70B)
Class dagger.internal.codegen.validation.InjectBindingRegistryImpl_Factory            : loaded 2 times (x 79B)
Class com.android.ide.common.gradle.Version$Companion$ParseState$NUMERIC              : loaded 2 times (x 74B)
Class com.android.tools.idea.gradle.project.sync.VariantNameResolutionKt$buildVariantNameResolver$1: loaded 2 times (x 75B)
Class com.android.tools.idea.gradle.model.impl.IdeVariantBuildInformationImpl         : loaded 2 times (x 76B)
Class dagger.internal.codegen.validation.BindingElementValidator$AllowsMultibindings  : loaded 2 times (x 79B)
Class dagger.internal.codegen.processingstep.BindsInstanceProcessingStep              : loaded 2 times (x 86B)
Class com.android.ide.common.repository.AgpVersion$PreviewKind                        : loaded 2 times (x 79B)
Class com.android.builder.model.v2.models.ProjectGraph                                : loaded 2 times (x 70B)
Class dagger.spi.model.DiagnosticReporter                                             : loaded 2 times (x 75B)
Class com.intellij.gradle.toolingExtension.impl.util.GradleModelProviderUtil          : loaded 2 times (x 71B)
Class dagger.internal.codegen.base.SetType                                            : loaded 2 times (x 77B)
Class dagger.internal.codegen.binding.DependencyVariableNamer                         : loaded 2 times (x 71B)
Class [Ldagger.internal.codegen.base.ModuleKind;                                      : loaded 2 times (x 69B)
Class dagger.internal.codegen.binding.$AutoValue_ProvisionBinding$Builder             : loaded 2 times (x 103B)
Class dagger.internal.codegen.base.DaggerSuperficialValidation$ValidationException    : loaded 2 times (x 83B)
Class dagger.internal.codegen.compileroption.ProcessingEnvironmentCompilerOptions$Feature: loaded 2 times (x 90B)
Class dagger.hilt.processor.internal.aggregateddeps.PkgPrivateMetadata                : loaded 2 times (x 75B)
Class dagger.internal.codegen.javapoet.AnnotationSpecs                                : loaded 2 times (x 71B)
Class dagger.spi.internal.shaded.androidx.room.compiler.codegen.XClassName$Companion  : loaded 2 times (x 71B)
Class dagger.spi.internal.shaded.androidx.room.compiler.processing.javac.JavacAnnotationValue$value$2: loaded 2 times (x 79B)
Class dagger.spi.internal.shaded.androidx.room.compiler.processing.javac.kotlin.KmClassContainer$constructorList$2: loaded 2 times (x 79B)
Class dagger.spi.internal.shaded.androidx.room.jarjarred.kotlinx.metadata.KmPropertyExtensionVisitor: loaded 2 times (x 70B)
Class dagger.spi.internal.shaded.androidx.room.jarjarred.kotlinx.metadata.internal.protobuf.LazyField: loaded 2 times (x 83B)
Class dagger.spi.internal.shaded.androidx.room.jarjarred.kotlinx.metadata.internal.extensions.KmExtension: loaded 2 times (x 70B)
Class dagger.spi.internal.shaded.androidx.room.compiler.processing.javac.JavacElement$docComment$2: loaded 2 times (x 79B)
Class com.google.common.io.ByteSource$AsCharSource                                    : loaded 2 times (x 86B)
Class com.google.common.reflect.Types$JavaVersion$4                                   : loaded 2 times (x 83B)
Class org.jetbrains.kotlin.cli.common.messages.MessageCollector$Companion$NONE$1      : loaded 2 times (x 76B)
Class org.jetbrains.kotlin.config.MavenComparableVersion$Item                         : loaded 2 times (x 70B)
Class org.objectweb.asm.Frame                                                         : loaded 2 times (x 73B)
Class org.objectweb.asm.MethodVisitor                                                 : loaded 2 times (x 105B)
Class com.google.common.cache.LocalCache$EntryFactory$1                               : loaded 2 times (x 83B)
Class [Lcom.google.common.cache.RemovalListener;                                      : loaded 2 times (x 69B)
Class dagger.internal.codegen.bindinggraphvalidation.NullableBindingValidator_Factory : loaded 2 times (x 79B)
Class dagger.internal.codegen.compileroption.ProcessingEnvironmentCompilerOptions$EnumOption: loaded 2 times (x 70B)
Class dagger.internal.codegen.compileroption.ProcessingEnvironmentCompilerOptions$Validation$1: loaded 2 times (x 93B)
Class dagger.internal.codegen.validation.BindingMethodValidator$ExceptionSuperclass   : loaded 2 times (x 81B)
Class dagger.internal.codegen.validation.BindsInstanceParameterValidator$Validator    : loaded 2 times (x 77B)
Class kotlin.coroutines.jvm.internal.CoroutineDumpState                               : loaded 2 times (x 71B)
Class com.android.tools.idea.gradle.project.sync.SyncVariantResult                    : loaded 2 times (x 72B)
Class org.gradle.tooling.model.idea.IdeaContentRoot                                   : loaded 2 times (x 70B)
Class com.android.tools.idea.gradle.model.impl.IdeVectorDrawablesOptionsImpl          : loaded 2 times (x 75B)
Class com.android.tools.idea.gradle.model.IdeArtifactName                             : loaded 2 times (x 79B)
Class org.jetbrains.plugins.gradle.tooling.serialization.internal.IdeaProjectSerializationService$JdkGetter: loaded 2 times (x 75B)
Class org.gradle.tooling.internal.consumer.versioning.VersionDetails$R28VersionDetails: loaded 2 times (x 80B)
Class dagger.spi.internal.shaded.androidx.room.compiler.processing.util.NamingUtilsKt : loaded 2 times (x 71B)
Class dagger.internal.codegen.model.AutoValue_DaggerElement                           : loaded 2 times (x 74B)
Class dagger.internal.codegen.base.DaggerSuperficialValidation$ValidationException$KnownErrorType: loaded 2 times (x 83B)
Class dagger.spi.internal.shaded.androidx.room.jarjarred.kotlinx.metadata.KmVersionRequirementVisitor: loaded 2 times (x 75B)
Class org.jetbrains.plugins.gradle.tooling.serialization.internal.IdeaProjectSerializationService$ResourceDirectoriesGetter: loaded 2 times (x 75B)
Class dagger.spi.internal.shaded.androidx.room.compiler.processing.javac.JavacPackageElement: loaded 2 times (x 193B)
Class dagger.spi.internal.shaded.androidx.room.compiler.processing.javac.kotlin.KmPropertyContainer: loaded 2 times (x 79B)
Class dagger.spi.internal.shaded.androidx.room.jarjarred.kotlinx.metadata.internal.metadata.ProtoBuf$Modality$1: loaded 2 times (x 74B)
Class dagger.spi.internal.shaded.androidx.room.jarjarred.kotlinx.metadata.internal.metadata.jvm.JvmProtoBuf$JvmFieldSignature$1: loaded 2 times (x 144B)
Class dagger.spi.internal.shaded.androidx.room.jarjarred.kotlinx.metadata.internal.protobuf.WireFormat$FieldType$1: loaded 2 times (x 83B)
Class dagger.spi.internal.shaded.androidx.room.jarjarred.kotlinx.metadata.internal.protobuf.ByteString: loaded 2 times (x 108B)
Class dagger.spi.internal.shaded.androidx.room.compiler.processing.XEquality$Companion: loaded 2 times (x 71B)
Class com.google.common.reflect.Types$JavaVersion$5                                   : loaded 2 times (x 71B)
Class [Lcom.google.common.reflect.Types$ClassOwnership;                               : loaded 2 times (x 69B)
Class com.google.common.cache.LocalCache$EntryFactory$2                               : loaded 2 times (x 83B)
Class dagger.internal.codegen.binding.$AutoValue_OptionalBindingDeclaration           : loaded 2 times (x 75B)
Class dagger.internal.codegen.bindinggraphvalidation.DuplicateBindingsValidator       : loaded 2 times (x 85B)
Class dagger.internal.codegen.processingstep.ComponentProcessingStep                  : loaded 2 times (x 86B)
Class dagger.internal.codegen.binding.ComponentDescriptor$Factory                     : loaded 2 times (x 75B)
Class org.gradle.tooling.model.gradle.BasicGradleProject                              : loaded 2 times (x 70B)
Class com.google.common.base.Splitter$1                                               : loaded 2 times (x 77B)
Class com.google.common.cache.LocalCache$Strength$3                                   : loaded 2 times (x 81B)
Class com.android.ide.common.gradle.Component$Companion                               : loaded 2 times (x 71B)
Class com.android.tools.idea.gradle.model.IdeLintOptions                              : loaded 2 times (x 70B)
Class com.android.tools.idea.gradle.project.sync.VariantAssetSourceProviderContext    : loaded 2 times (x 72B)
Class com.android.tools.idea.gradle.project.sync.DefaultVariantsKt$getDefaultVariant$$inlined$compareBy$1: loaded 2 times (x 90B)
Class com.android.builder.model.v2.dsl.ClassField                                     : loaded 2 times (x 70B)
Class com.google.common.collect.Cut$BelowAll                                          : loaded 2 times (x 88B)
Class com.android.tools.idea.gradle.project.sync.AndroidExtraModelProviderWorkerKt    : loaded 2 times (x 71B)
Class org.jetbrains.plugins.gradle.tooling.util.ClassMap                              : loaded 2 times (x 72B)
Class net.rubygrapefruit.platform.internal.Platform$Posix                             : loaded 2 times (x 81B)
Class io.opentelemetry.context.propagation.ContextPropagators                         : loaded 2 times (x 70B)
Class com.google.common.io.ByteStreams                                                : loaded 2 times (x 71B)
Class org.objectweb.asm.Handle                                                        : loaded 2 times (x 72B)
Class dagger.hilt.android.processor.internal.viewmodel.ViewModelValidationPluginKt$WhenMappings: loaded 2 times (x 71B)
Class dagger.internal.codegen.processingstep.ProcessingStepsModule                    : loaded 2 times (x 70B)
Class dagger.internal.codegen.validation.ValidationBindingGraphPlugins                : loaded 2 times (x 72B)
Class dagger.internal.codegen.DelegateComponentProcessor_SourceFileGeneratorsModule_MembersInjectorGeneratorFactory: loaded 2 times (x 79B)
Class dagger.internal.codegen.base.DaggerSuperficialValidation                        : loaded 2 times (x 72B)
Class dagger.internal.codegen.binding.BindingFactory_Factory                          : loaded 2 times (x 79B)
Class dagger.spi.internal.shaded.androidx.room.compiler.processing.javac.JavacTypeElement$kotlinMetadata$2: loaded 2 times (x 79B)
Class dagger.hilt.android.processor.internal.androidentrypoint.$AutoValue_AndroidEntryPointMetadata: loaded 2 times (x 92B)
Class dagger.spi.internal.shaded.androidx.room.jarjarred.kotlinx.metadata.internal.metadata.ProtoBuf$TypeTableOrBuilder: loaded 2 times (x 70B)
Class dagger.spi.internal.shaded.androidx.room.jarjarred.kotlinx.metadata.jvm.JvmConstructorExtensionVisitor$Companion: loaded 2 times (x 71B)
Class dagger.spi.internal.shaded.androidx.room.jarjarred.kotlinx.metadata.Attributes$hasAnnotations$22: loaded 2 times (x 137B)
Class dagger.spi.internal.shaded.androidx.room.jarjarred.kotlinx.metadata.Attributes$hasAnnotations$18: loaded 2 times (x 137B)
Class dagger.spi.internal.shaded.androidx.room.jarjarred.kotlinx.metadata.internal.ReadersKt$WhenMappings: loaded 2 times (x 71B)
Class dagger.spi.internal.shaded.androidx.room.jarjarred.kotlinx.metadata.internal.metadata.deserialization.Flags: loaded 2 times (x 71B)
Class dagger.spi.internal.shaded.androidx.room.jarjarred.kotlinx.metadata.KmType      : loaded 2 times (x 83B)
Class dagger.spi.internal.shaded.androidx.room.jarjarred.kotlinx.metadata.internal.protobuf.ExtensionRegistryLite$ObjectIntPair: loaded 2 times (x 72B)
Class dagger.spi.internal.shaded.androidx.room.jarjarred.kotlinx.metadata.internal.protobuf.WireFormat$FieldType$2: loaded 2 times (x 83B)
Class dagger.internal.Provider                                                        : loaded 2 times (x 70B)
Class org.objectweb.asm.ModuleWriter                                                  : loaded 2 times (x 82B)
Class com.google.common.cache.LocalCache$EntryFactory$3                               : loaded 2 times (x 83B)
Class com.google.common.base.Ticker$1                                                 : loaded 2 times (x 72B)
Class dagger.hilt.android.processor.internal.androidentrypoint.ActivityGenerator$ActivityMethod: loaded 2 times (x 79B)
Class dagger.spi.internal.shaded.androidx.room.compiler.processing.DeclarationCollectorKt: loaded 2 times (x 71B)
Class [Ldagger.spi.internal.shaded.androidx.room.jarjarred.kotlinx.metadata.KmVersionRequirementLevel;: loaded 2 times (x 69B)
Class dagger.internal.codegen.bindinggraphvalidation.IncompatiblyScopedBindingsValidator_Factory: loaded 2 times (x 79B)
Class dagger.internal.codegen.bindinggraphvalidation.BindingGraphValidationModule_ProvidePluginsFactory: loaded 2 times (x 79B)
Class com.android.tools.idea.gradle.model.IdeAndroidLibraryImpl$Companion             : loaded 2 times (x 71B)
Class com.android.tools.idea.gradle.model.IdeAndroidArtifactCore                      : loaded 2 times (x 70B)
Class com.android.tools.idea.gradle.model.impl.IdeApiVersionImpl                      : loaded 2 times (x 77B)
Class com.android.tools.idea.gradle.project.sync.AndroidProjectResult$Companion       : loaded 2 times (x 71B)
Class dagger.internal.codegen.validation.BindingMethodValidatorsModule                : loaded 2 times (x 70B)
Class com.google.common.collect.SortedLists$KeyPresentBehavior$1                      : loaded 2 times (x 80B)
Class org.gradle.tooling.model.kotlin.dsl.EditorReportSeverity                        : loaded 2 times (x 79B)
Class com.intellij.gradle.toolingExtension.impl.modelAction.GradleDaemonModelHolder$ConvertedModel: loaded 2 times (x 72B)
Class org.gradle.tooling.internal.consumer.converters.EclipseExternalDependencyUnresolvedMixin: loaded 2 times (x 73B)
Class org.gradle.tooling.model.BuildableElement                                       : loaded 2 times (x 70B)
Class org.gradle.tooling.model.HasGradleProject                                       : loaded 2 times (x 70B)
Class org.gradle.tooling.internal.consumer.versioning.VersionDetails$R44VersionDetails: loaded 2 times (x 80B)
Class org.jetbrains.kotlin.idea.projectModel.KotlinPlatform                           : loaded 2 times (x 79B)
Class dagger.internal.codegen.binding.SubcomponentDeclaration$Factory                 : loaded 2 times (x 73B)
Class dagger.spi.internal.shaded.androidx.room.compiler.processing.javac.JavacFieldElement$enclosingElement$2: loaded 2 times (x 79B)
Class dagger.internal.codegen.validation.ComponentCreatorValidator                    : loaded 2 times (x 75B)
Class dagger.internal.codegen.binding.OptionalBindingDeclaration                      : loaded 2 times (x 74B)
Class dagger.internal.codegen.binding.$AutoValue_MultibindingDeclaration              : loaded 2 times (x 79B)
Class dagger.internal.codegen.binding.BindsTypeChecker                                : loaded 2 times (x 72B)
Class dagger.internal.codegen.validation.BindingElementValidator                      : loaded 2 times (x 78B)
Class dagger.internal.codegen.xprocessing.XTypeElements                               : loaded 2 times (x 71B)
Class dagger.spi.internal.shaded.androidx.room.compiler.processing.javac.JavacConstructorElement$typeParameters$2: loaded 2 times (x 79B)
Class dagger.internal.codegen.binding.AutoValue_FrameworkField                        : loaded 2 times (x 74B)
Class dagger.spi.internal.shaded.androidx.room.jarjarred.kotlinx.metadata.internal.metadata.ProtoBuf$Effect$InvocationKind$1: loaded 2 times (x 74B)
Class dagger.spi.internal.shaded.androidx.room.jarjarred.kotlinx.metadata.internal.protobuf.WireFormat$FieldType$3: loaded 2 times (x 83B)
Class dagger.spi.internal.shaded.androidx.room.compiler.processing.javac.kotlin.KmData: loaded 2 times (x 70B)
Class com.intellij.openapi.util.Pair                                                  : loaded 2 times (x 72B)
Class net.rubygrapefruit.platform.internal.Platform$MacOs                             : loaded 2 times (x 82B)
Class net.rubygrapefruit.platform.internal.Platform$Window64Bit                       : loaded 2 times (x 79B)
Class com.google.common.cache.LocalCache$EntryFactory$4                               : loaded 2 times (x 83B)
Class com.android.tools.idea.gradle.project.sync.HasLintJar                           : loaded 2 times (x 70B)
Class com.android.tools.idea.gradle.model.IdeAndroidProjectType                       : loaded 2 times (x 79B)
Class com.android.tools.idea.gradle.project.sync.ModelCacheV2ImplKt$modelCacheV2Impl$variantCoreFrom$15: loaded 2 times (x 125B)
Class com.android.tools.idea.gradle.project.sync.ModelResult$Context                  : loaded 2 times (x 70B)
Class com.android.tools.idea.gradle.project.sync.DeliverableGradleModule$ModelConsumer: loaded 2 times (x 72B)
Class com.android.tools.idea.gradle.model.IdeAndroidLibraryImplKt                     : loaded 2 times (x 71B)
Class com.android.tools.idea.gradle.model.IdeArtifactLibrary                          : loaded 2 times (x 70B)
Class com.google.common.collect.ImmutableMap$MapViewOfValuesAsSingletonSets$1$1       : loaded 2 times (x 83B)
Class com.android.tools.idea.gradle.model.impl.IdeLintOptionsImpl                     : loaded 2 times (x 103B)
Class com.android.tools.idea.gradle.model.IdeSourceProviderContainer                  : loaded 2 times (x 70B)
Class com.google.common.collect.SortedLists$KeyPresentBehavior$2                      : loaded 2 times (x 80B)
Class dagger.hilt.processor.internal.kotlin.KotlinMetadataFactory_Factory$InstanceHolder: loaded 2 times (x 71B)
Class com.android.builder.model.v2.models.VariantDependenciesFlatList                 : loaded 2 times (x 70B)
Class dagger.hilt.android.processor.internal.androidentrypoint.AutoValue_AndroidEntryPointMetadata: loaded 2 times (x 92B)
Class org.gradle.tooling.internal.consumer.connection.NestedActionAwareBuildControllerAdapter$1: loaded 2 times (x 76B)
Class org.gradle.tooling.model.build.BuildEnvironment                                 : loaded 2 times (x 70B)
Class com.intellij.gradle.toolingExtension.impl.model.sourceSetModel.GradleSourceSetModelProvider: loaded 2 times (x 79B)
Class dagger.internal.codegen.model.DaggerExecutableElement                           : loaded 2 times (x 73B)
Class dagger.spi.internal.shaded.androidx.room.compiler.processing.javac.JavacArrayType$equalityItems$2: loaded 2 times (x 79B)
Class com.google.common.cache.LocalCache$Strength$2                                   : loaded 2 times (x 81B)
Class dagger.internal.codegen.langmodel.Accessibility                                 : loaded 2 times (x 71B)
Class dagger.internal.codegen.validation.SpiModelBindingGraphConverter$DiagnosticReporterImpl: loaded 2 times (x 76B)
Class dagger.spi.internal.shaded.androidx.room.jarjarred.kotlinx.metadata.internal.metadata.ProtoBuf$VersionRequirementOrBuilder: loaded 2 times (x 70B)
Class kotlin.reflect.jvm.internal.impl.builtins.functions.FunctionClassKind           : loaded 2 times (x 80B)
Class com.squareup.javapoet.AnnotationSpec                                            : loaded 2 times (x 72B)
Class com.squareup.javapoet.CodeBlock                                                 : loaded 2 times (x 72B)
Class dagger.spi.internal.shaded.androidx.room.compiler.processing.javac.JavacExecutableElement$thrownTypes$2: loaded 2 times (x 79B)
Class [Ldagger.spi.internal.shaded.androidx.room.compiler.processing.XNullability;    : loaded 2 times (x 69B)
Class com.google.common.util.concurrent.SettableFuture                                : loaded 2 times (x 114B)
Class dagger.spi.internal.shaded.androidx.room.jarjarred.kotlinx.metadata.KmConstructorVisitor: loaded 2 times (x 76B)
Class dagger.spi.internal.shaded.androidx.room.jarjarred.kotlinx.metadata.internal.protobuf.WireFormat$FieldType$4: loaded 2 times (x 83B)
Class kotlin.sequences.ConstrainedOnceSequence                                        : loaded 2 times (x 75B)
Class com.google.common.io.ByteStreams$1                                              : loaded 2 times (x 85B)
Class com.google.common.cache.LocalCache$EntryFactory$5                               : loaded 2 times (x 83B)
Class org.jetbrains.kotlin.cli.common.messages.CompilerMessageSeverity                : loaded 2 times (x 79B)
Class org.jetbrains.plugins.gradle.tooling.serialization.internal.IdeaProjectSerializationService$11: loaded 2 times (x 76B)
Class net.rubygrapefruit.platform.internal.Platform$MacOs64Bit                        : loaded 2 times (x 82B)
Class com.google.common.reflect.Types$ClassOwnership$3                                : loaded 2 times (x 71B)
Class org.jetbrains.plugins.gradle.tooling.serialization.internal.IdeaProjectSerializationService$TargetBytecodeVersionGetter: loaded 2 times (x 75B)
Class [Lcom.android.tools.idea.gradle.model.IdeTestOptions$Execution;                 : loaded 2 times (x 69B)
Class com.android.builder.model.v2.models.AssetsTestSuiteSource                       : loaded 2 times (x 70B)
Class dagger.spi.internal.shaded.androidx.room.compiler.processing.javac.JavacTypeElement$xClassName$2: loaded 2 times (x 79B)
Class com.google.common.collect.SortedLists$KeyPresentBehavior$3                      : loaded 2 times (x 80B)
Class org.gradle.internal.impldep.com.google.common.base.Present                      : loaded 2 times (x 81B)
Class org.gradle.tooling.internal.consumer.connection.HasCompatibilityMapping         : loaded 2 times (x 73B)
Class dagger.spi.internal.shaded.androidx.room.compiler.processing.javac.kotlin.KmClassContainer$typeParameters$2: loaded 2 times (x 79B)
Class dagger.hilt.processor.internal.kotlin.KotlinMetadataFactory                     : loaded 2 times (x 72B)
Class org.gradle.tooling.internal.consumer.connection.InternalBuildActionAdapter      : loaded 2 times (x 80B)
Class dagger.spi.internal.shaded.androidx.room.jarjarred.kotlinx.metadata.internal.metadata.deserialization.VersionRequirement$Companion: loaded 2 times (x 71B)
Class dagger.internal.codegen.kotlin.KotlinMetadataFactory_Factory                    : loaded 2 times (x 78B)
Class dagger.internal.InstanceFactory                                                 : loaded 2 times (x 82B)
Class dagger.hilt.processor.internal.root.AggregatedRootGenerator                     : loaded 2 times (x 72B)
Class com.google.common.collect.EmptyImmutableSetMultimap                             : loaded 2 times (x 180B)
Class dagger.spi.internal.shaded.androidx.room.jarjarred.kotlinx.metadata.Attributes$kind$11: loaded 2 times (x 137B)
Class dagger.internal.codegen.validation.ProducesMethodValidator                      : loaded 2 times (x 78B)
Class dagger.spi.internal.shaded.androidx.room.jarjarred.kotlinx.metadata.internal.metadata.ProtoBuf$Type: loaded 2 times (x 145B)
Class dagger.spi.internal.shaded.androidx.room.jarjarred.kotlinx.metadata.internal.protobuf.SmallSortedMap$1: loaded 2 times (x 130B)
Class dagger.spi.internal.shaded.androidx.room.jarjarred.kotlinx.metadata.internal.metadata.ProtoBuf$ConstructorOrBuilder: loaded 2 times (x 70B)
Class dagger.spi.internal.shaded.androidx.room.jarjarred.kotlinx.metadata.KmClassExtensionVisitor: loaded 2 times (x 70B)
Class dagger.hilt.android.processor.internal.viewmodel.ViewModelMetadata$Companion    : loaded 2 times (x 71B)
Class dagger.hilt.processor.internal.ClassNames                                       : loaded 2 times (x 71B)
Class dagger.spi.internal.shaded.androidx.room.compiler.processing.XProcessingEnv$Backend: loaded 2 times (x 79B)
Class org.jetbrains.kotlin.config.JVMAssertionsMode$Companion                         : loaded 2 times (x 71B)
Class com.google.common.cache.LocalCache$EntryFactory$6                               : loaded 2 times (x 83B)
Class org.gradle.internal.installation.CurrentGradleInstallationLocator               : loaded 2 times (x 71B)
Class dagger.internal.codegen.componentgenerator.ComponentGenerator_Factory           : loaded 2 times (x 79B)
Class dagger.internal.codegen.model.Key$Builder                                       : loaded 2 times (x 76B)
Class dagger.internal.codegen.model.DaggerElement                                     : loaded 2 times (x 73B)
Class com.android.tools.idea.gradle.project.sync.AllKotlinModels                      : loaded 2 times (x 72B)
Class dagger.spi.internal.shaded.auto.common.AnnotationOutput$1                       : loaded 2 times (x 107B)
Class com.google.common.collect.SortedLists                                           : loaded 2 times (x 71B)
Class [Lcom.google.common.collect.SortedLists$KeyPresentBehavior;                     : loaded 2 times (x 69B)
Class com.google.common.collect.SortedLists$KeyPresentBehavior$4                      : loaded 2 times (x 80B)
Class org.gradle.tooling.model.idea.IdeaJavaLanguageSettings                          : loaded 2 times (x 70B)
Class org.jetbrains.plugins.gradle.tooling.serialization.internal.adapter.kotlin.dsl.InternalKotlinDslScriptsModel: loaded 2 times (x 76B)
Class org.gradle.tooling.internal.adapter.ProtocolToModelAdapter$ChainedMethodInvoker : loaded 2 times (x 76B)
Class org.jetbrains.kotlin.idea.gradleTooling.IdeaKotlinDependenciesContainer         : loaded 2 times (x 70B)
Class com.intellij.gradle.toolingExtension.impl.util.GradleExecutorServiceUtil$SimpleThreadFactory: loaded 2 times (x 75B)
Class com.intellij.platform.diagnostic.telemetry.rt.context.TelemetryContextGetter    : loaded 2 times (x 75B)
Class [Ldagger.internal.codegen.binding.FrameworkType;                                : loaded 2 times (x 69B)
Class org.jetbrains.plugins.gradle.model.ProjectImportModelProvider$GradleModelConsumer$1: loaded 2 times (x 77B)
Class dagger.internal.codegen.model.AutoValue_DependencyRequest$Builder               : loaded 2 times (x 77B)
Class dagger.spi.internal.shaded.androidx.room.compiler.processing.XMethodType        : loaded 2 times (x 70B)
Class dagger.internal.codegen.validation.ComponentHierarchyValidator                  : loaded 2 times (x 72B)
Class dagger.internal.codegen.writing.ProducerFactoryGenerator$MultiArgFutureTransform: loaded 2 times (x 78B)
Class dagger.internal.codegen.validation.BindsInstanceMethodValidator$Validator       : loaded 2 times (x 77B)
Class com.android.tools.idea.gradle.project.sync.AndroidExtraModelProviderKt$flattenDag$2: loaded 2 times (x 95B)
Class dagger.internal.codegen.binding.BindingGraphConverter_Factory                   : loaded 2 times (x 79B)
Class dagger.spi.internal.shaded.androidx.room.compiler.codegen.XTypeName$Companion   : loaded 2 times (x 71B)
Class dagger.spi.internal.shaded.androidx.room.compiler.processing.javac.DefaultJavacType$equalityItems$2: loaded 2 times (x 79B)
Class dagger.spi.internal.shaded.androidx.room.compiler.processing.javac.JavacMethodElement: loaded 2 times (x 269B)
Class dagger.spi.internal.shaded.androidx.room.jarjarred.kotlinx.metadata.internal.metadata.deserialization.VersionRequirementTable: loaded 2 times (x 72B)
Class dagger.spi.internal.shaded.androidx.room.compiler.processing.javac.JavacTypeElement$qualifiedName$2: loaded 2 times (x 79B)
Class com.android.tools.idea.gradle.model.IdeVariantBuildInformation                  : loaded 2 times (x 70B)
Class dagger.hilt.processor.internal.aggregateddeps.AggregatedDepsProcessingStep      : loaded 2 times (x 87B)
Class dagger.spi.internal.shaded.androidx.room.compiler.processing.XProcessingEnvConfig$Builder: loaded 2 times (x 72B)
Class [Lkotlin.io.FileWalkDirection;                                                  : loaded 2 times (x 69B)
Class org.objectweb.asm.ClassReader                                                   : loaded 2 times (x 93B)
Class com.google.common.io.ByteSource$SlicedByteSource                                : loaded 2 times (x 85B)
Class net.rubygrapefruit.platform.internal.jni.WindowsHandleFunctions                 : loaded 2 times (x 71B)
Class com.google.common.collect.Maps$KeySet                                           : loaded 2 times (x 137B)
Class com.google.common.cache.LocalCache$EntryFactory$7                               : loaded 2 times (x 83B)
Class org.gradle.internal.service.DefaultServiceLocator                               : loaded 2 times (x 83B)
Class dagger.spi.internal.shaded.androidx.room.compiler.processing.javac.JavacMethodElement$executableType$2: loaded 2 times (x 79B)
Class com.google.common.cache.LocalCache$Strength$1                                   : loaded 2 times (x 81B)
Class org.gradle.internal.classloader.FilteringClassLoader                            : loaded 2 times (x 105B)
Class kotlin.io.TextStreamsKt                                                         : loaded 2 times (x 71B)
Class dagger.hilt.processor.internal.uninstallmodules.UninstallModulesProcessor       : loaded 2 times (x 100B)
Class dagger.spi.internal.shaded.androidx.room.jarjarred.kotlinx.metadata.internal.protobuf.AbstractMessageLite: loaded 2 times (x 98B)
Class dagger.spi.internal.shaded.androidx.room.jarjarred.kotlinx.metadata.internal.metadata.jvm.JvmProtoBuf$StringTableTypesOrBuilder: loaded 2 times (x 70B)
Class org.objectweb.asm.ModuleVisitor                                                 : loaded 2 times (x 81B)
Class org.jetbrains.kotlin.config.JvmDefaultMode                                      : loaded 2 times (x 79B)
Class com.android.tools.idea.gradle.project.sync.VariantNameResolutionKt              : loaded 2 times (x 71B)
Class com.google.common.reflect.TypeResolver                                          : loaded 2 times (x 72B)
Class com.google.common.collect.SortedLists$KeyPresentBehavior$5                      : loaded 2 times (x 80B)
Class com.google.common.reflect.Types$ClassOwnership$2                                : loaded 2 times (x 80B)
Class com.google.common.io.ByteArrayDataInput                                         : loaded 2 times (x 70B)
Class dagger.spi.internal.shaded.androidx.room.compiler.processing.XProcessingEnv$Companion: loaded 2 times (x 71B)
Class org.jetbrains.plugins.gradle.model.FilePatternSet                               : loaded 2 times (x 70B)
Class org.jetbrains.plugins.gradle.model.GradleLightProject                           : loaded 2 times (x 70B)
Class io.opentelemetry.api.trace.SpanContextKey                                       : loaded 2 times (x 71B)
Class com.android.tools.idea.gradle.project.sync.AdditionalClassifierArtifactsActionOptions: loaded 2 times (x 72B)
Class dagger.spi.internal.shaded.androidx.room.compiler.processing.javac.XTypeElementStore: loaded 2 times (x 72B)
Class dagger.internal.codegen.xprocessing.XExecutableTypes                            : loaded 2 times (x 71B)
Class dagger.spi.internal.shaded.androidx.room.jarjarred.kotlinx.metadata.internal.metadata.ProtoBuf$Constructor: loaded 2 times (x 124B)
Class dagger.internal.codegen.processingstep.ModuleProcessingStep                     : loaded 2 times (x 86B)
Class dagger.internal.codegen.bindinggraphvalidation.InjectBindingValidator           : loaded 2 times (x 85B)
Class dagger.internal.codegen.processingstep.AssistedProcessingStep                   : loaded 2 times (x 86B)
Class dagger.spi.internal.shaded.androidx.room.jarjarred.kotlinx.metadata.internal.ReadUtilsKt: loaded 2 times (x 71B)
Class dagger.internal.codegen.componentgenerator.TopLevelImplementationComponent$Factory: loaded 2 times (x 70B)
Class dagger.spi.internal.shaded.androidx.room.compiler.processing.javac.JavacVariableElement: loaded 2 times (x 200B)
Class dagger.spi.internal.shaded.androidx.room.compiler.codegen.XTypeNameKt           : loaded 2 times (x 71B)
Class dagger.spi.internal.shaded.androidx.room.jarjarred.kotlinx.metadata.jvm.JvmConstructorExtensionVisitor: loaded 2 times (x 78B)
Class dagger.spi.internal.shaded.androidx.room.jarjarred.kotlinx.metadata.internal.metadata.ProtoBuf$Type$Argument$Projection: loaded 2 times (x 82B)
Class dagger.spi.internal.shaded.androidx.room.jarjarred.kotlinx.metadata.internal.metadata.jvm.JvmProtoBuf$JvmPropertySignatureOrBuilder: loaded 2 times (x 70B)
Class dagger.spi.internal.shaded.androidx.room.jarjarred.kotlinx.metadata.internal.protobuf.ByteString$ByteIterator: loaded 2 times (x 70B)
Class dagger.spi.internal.shaded.androidx.room.jarjarred.kotlinx.metadata.internal.protobuf.Parser: loaded 2 times (x 70B)
Class dagger.internal.codegen.binding.InjectionSiteFactory_Factory                    : loaded 2 times (x 79B)
Class dagger.internal.codegen.validation.ModuleValidator$ModuleMethodKind             : loaded 2 times (x 79B)
Class kotlin.io.FileTreeWalk                                                          : loaded 2 times (x 75B)
Class jdk.internal.jrtfs.JrtDirectoryStream                                           : loaded 2 times (x 89B)
Class org.jetbrains.kotlin.util.capitalizeDecapitalize.CapitalizeDecapitalizeKt       : loaded 2 times (x 71B)
Class com.google.common.cache.LocalCache$EntryFactory$8                               : loaded 2 times (x 83B)
Class org.gradle.internal.installation.CurrentGradleInstallation                      : loaded 2 times (x 73B)
Class dagger.internal.codegen.processingstep.ComponentProcessingStep_Factory          : loaded 2 times (x 79B)
Class dagger.spi.internal.shaded.androidx.room.jarjarred.kotlinx.metadata.KmProperty  : loaded 2 times (x 81B)
Class dagger.spi.internal.shaded.androidx.room.jarjarred.kotlinx.metadata.Attributes$visibility$2: loaded 2 times (x 137B)
Class dagger.internal.codegen.writing.FactoryGenerator$1                              : loaded 2 times (x 71B)
Class com.android.tools.idea.gradle.model.IdeVariantHeader                            : loaded 2 times (x 70B)
Class [Ldagger.spi.internal.shaded.androidx.room.jarjarred.kotlinx.metadata.internal.metadata.ProtoBuf$Modality;: loaded 2 times (x 69B)
Class dagger.spi.internal.shaded.androidx.room.jarjarred.kotlinx.metadata.internal.extensions.KmConstructorExtension: loaded 2 times (x 70B)
Class dagger.spi.internal.shaded.androidx.room.jarjarred.kotlinx.metadata.internal.metadata.ProtoBuf$Package$1: loaded 2 times (x 144B)
Class com.android.tools.idea.gradle.model.IdeUnknownLibrary                           : loaded 2 times (x 70B)
Class org.gradle.internal.service.UnknownServiceException                             : loaded 2 times (x 83B)
Class com.android.tools.idea.gradle.project.sync.LibraryIdentity$LibraryIdentityProvider$special$$inlined$compareBy$1: loaded 2 times (x 90B)
Class com.google.common.base.AbstractIterator$State                                   : loaded 2 times (x 79B)
Class com.google.common.cache.LocalCache$LocalLoadingCache                            : loaded 2 times (x 134B)
Class com.google.common.util.concurrent.AbstractFuture$SafeAtomicHelper               : loaded 2 times (x 79B)
Class com.android.tools.idea.gradle.project.sync.GradleInjectedSyncActionRunner       : loaded 2 times (x 70B)
Class [Lorg.objectweb.asm.AnnotationVisitor;                                          : loaded 2 times (x 69B)
Class org.jetbrains.kotlin.cli.common.CompilerSystemProperties                        : loaded 2 times (x 80B)
Class org.jetbrains.kotlin.config.LanguageVersion$Companion                           : loaded 2 times (x 71B)
Class org.gradle.tooling.model.gradle.ProjectPublications                             : loaded 2 times (x 70B)
Class org.jetbrains.kotlin.idea.projectModel.KotlinTargetJar                          : loaded 2 times (x 70B)
Class dagger.internal.codegen.base.ComponentAnnotation                                : loaded 2 times (x 76B)
Class dagger.internal.codegen.componentgenerator.ComponentHjarGenerator               : loaded 2 times (x 77B)
Class dagger.spi.internal.shaded.androidx.room.compiler.processing.InternalXAnnotationValue$Kind: loaded 2 times (x 79B)
Class dagger.spi.internal.shaded.androidx.room.jarjarred.kotlinx.metadata.internal.protobuf.GeneratedMessageLite$GeneratedExtension: loaded 2 times (x 79B)
Class dagger.spi.internal.shaded.androidx.room.jarjarred.kotlinx.metadata.internal.metadata.jvm.JvmProtoBuf$JvmMethodSignature$1: loaded 2 times (x 144B)
Class dagger.spi.internal.shaded.androidx.room.jarjarred.kotlinx.metadata.internal.protobuf.SmallSortedMap$EmptySet$1: loaded 2 times (x 78B)
Class com.google.common.reflect.Types$ClassOwnership$1                                : loaded 2 times (x 80B)
Class dagger.spi.internal.shaded.androidx.room.jarjarred.kotlinx.metadata.internal.extensions.KmClassExtension: loaded 2 times (x 70B)
Class [Lkotlin.collections.State;                                                     : loaded 2 times (x 69B)
Class org.objectweb.asm.Opcodes                                                       : loaded 2 times (x 70B)
Class com.google.common.cache.CacheLoader$1                                           : loaded 2 times (x 75B)
Class org.gradle.util.internal.GUtil                                                  : loaded 2 times (x 71B)
Class jdk.internal.jrtfs.SystemImage                                                  : loaded 2 times (x 74B)
Class dagger.spi.internal.shaded.androidx.room.compiler.processing.XElementKt         : loaded 2 times (x 71B)
Class dagger.spi.internal.shaded.androidx.room.compiler.processing.javac.JavacMethodElement$name$2: loaded 2 times (x 79B)
Class dagger.internal.codegen.validation.ValidationBindingGraphPlugins_Factory        : loaded 2 times (x 79B)
Class dagger.internal.codegen.validation.InjectValidator                              : loaded 2 times (x 75B)
Class dagger.spi.internal.shaded.androidx.room.jarjarred.kotlinx.metadata.Attributes$kind$7: loaded 2 times (x 137B)
Class dagger.internal.codegen.validation.InjectBindingRegistryImpl                    : loaded 2 times (x 81B)
Class dagger.internal.codegen.writing.ProducerFactoryGenerator_Factory                : loaded 2 times (x 79B)
Class dagger.internal.codegen.base.ModuleAnnotation                                   : loaded 2 times (x 76B)
Class dagger.spi.internal.shaded.androidx.room.compiler.processing.javac.kotlin.KmClassContainer$functionByDescriptor$2: loaded 2 times (x 79B)
Class com.android.tools.idea.gradle.project.sync.AndroidSdkBootClasspathUtilKt        : loaded 2 times (x 71B)
Class com.android.tools.idea.gradle.model.impl.IdeVariantCoreImpl                     : loaded 2 times (x 108B)
Class com.android.tools.idea.gradle.model.impl.IdeExtraSourceProviderImpl             : loaded 2 times (x 76B)
Class com.squareup.javapoet.LineWrapper$1                                             : loaded 2 times (x 71B)
Class com.android.tools.idea.gradle.project.sync.AgpVersionTooOld                     : loaded 2 times (x 82B)
Class net.ltgt.gradle.incap.IncrementalAnnotationProcessorType                        : loaded 2 times (x 79B)
Class io.opentelemetry.api.trace.TraceId                                              : loaded 2 times (x 71B)
Class dagger.internal.codegen.bindinggraphvalidation.SetMultibindingValidator         : loaded 2 times (x 85B)
Class dagger.internal.codegen.processingstep.MonitoringModuleGenerator                : loaded 2 times (x 77B)
Class dagger.internal.codegen.binding.ContributionBinding                             : loaded 2 times (x 90B)
Class dagger.spi.internal.shaded.androidx.room.compiler.processing.JavaPoetExtKt      : loaded 2 times (x 71B)
Class dagger.spi.internal.shaded.androidx.room.compiler.processing.javac.JavacType    : loaded 2 times (x 187B)
Class dagger.spi.internal.shaded.androidx.room.jarjarred.kotlinx.metadata.internal.metadata.ProtoBuf$Expression$ConstantValue$1: loaded 2 times (x 74B)
Class dagger.spi.internal.shaded.androidx.room.jarjarred.kotlinx.metadata.internal.FlagImpl: loaded 2 times (x 72B)
Class dagger.spi.internal.shaded.androidx.room.jarjarred.kotlinx.metadata.internal.metadata.ProtoBuf$PackageOrBuilder: loaded 2 times (x 70B)
Class [Ldagger.spi.internal.shaded.androidx.room.jarjarred.kotlinx.metadata.internal.metadata.ProtoBuf$TypeParameter$Variance;: loaded 2 times (x 69B)
Class dagger.spi.internal.shaded.androidx.room.jarjarred.kotlinx.metadata.internal.protobuf.SmallSortedMap$EmptySet$2: loaded 2 times (x 78B)
Class dagger.internal.codegen.writing.InjectionMethods$CheckNotNullPolicy             : loaded 2 times (x 79B)
Class dagger.spi.internal.shaded.androidx.room.compiler.processing.javac.JavacFiler   : loaded 2 times (x 78B)
Class com.google.common.io.ByteSource                                                 : loaded 2 times (x 84B)
Class com.google.common.util.concurrent.AbstractFuture$SetFuture                      : loaded 2 times (x 75B)
Class com.google.common.cache.AbstractCache$StatsCounter                              : loaded 2 times (x 70B)
Class com.android.tools.idea.gradle.project.sync.ModelProviderCachedData              : loaded 2 times (x 72B)
Class com.android.tools.idea.gradle.project.sync.SyncTestMode                         : loaded 2 times (x 79B)
Class dagger.internal.DaggerGenerated                                                 : loaded 2 times (x 70B)
Class org.jetbrains.plugins.gradle.model.ProjectImportModelProvider$GradleModelConsumer: loaded 2 times (x 70B)
Class org.jetbrains.plugins.gradle.model.ExternalSourceDirectorySet                   : loaded 2 times (x 70B)
Class com.android.tools.idea.gradle.project.sync.ModelCacheV2ImplKt$modelCacheV2Impl$variantCoreFrom$12: loaded 2 times (x 125B)
Class com.android.builder.model.v2.ide.TestSuiteTarget                                : loaded 2 times (x 70B)
Class com.android.tools.idea.gradle.project.sync.ModelResult$Companion                : loaded 2 times (x 71B)
Class com.android.tools.idea.gradle.project.sync.AndroidProjectResultKt               : loaded 2 times (x 71B)
Class com.android.tools.idea.gradle.project.sync.ModuleConfiguration                  : loaded 2 times (x 72B)
Class org.gradle.tooling.internal.consumer.converters.IncludedBuildsMixin             : loaded 2 times (x 74B)
Class io.opentelemetry.api.internal.ImmutableSpanContext                              : loaded 2 times (x 91B)
Class dagger.spi.internal.shaded.androidx.room.compiler.processing.javac.JavacTypeElement$className$2: loaded 2 times (x 79B)
Class org.gradle.api.internal.ClassPathProvider                                       : loaded 2 times (x 70B)
Class [Lorg.gradle.api.internal.ClassPathProvider;                                    : loaded 2 times (x 69B)
Class com.google.common.io.CharSource$ConcatenatedCharSource                          : loaded 2 times (x 86B)
Class dagger.internal.codegen.validation.ModuleValidator                              : loaded 2 times (x 72B)
Class dagger.internal.codegen.kotlin.KotlinMetadataFactory                            : loaded 2 times (x 75B)
Class sync_studio_tooling5_b9u7ntfh3g3xtsj8ixnrkt81d$_run_closure1                    : loaded 2 times (x 139B)
Class dagger.spi.internal.shaded.androidx.room.jarjarred.kotlinx.metadata.internal.extensions.KmTypeExtension: loaded 2 times (x 70B)
Class dagger.spi.internal.shaded.androidx.room.jarjarred.kotlinx.metadata.internal.metadata.jvm.JvmProtoBuf$StringTableTypes$Record$Operation$1: loaded 2 times (x 74B)
Class dagger.spi.internal.shaded.androidx.room.jarjarred.kotlinx.metadata.internal.protobuf.MessageLite$Builder: loaded 2 times (x 70B)
Class kotlin.collections.AbstractIterator$WhenMappings                                : loaded 2 times (x 71B)
Class org.objectweb.asm.Context                                                       : loaded 2 times (x 72B)
Class com.google.common.reflect.Types$TypeVariableImpl                                : loaded 2 times (x 72B)
Class org.gradle.internal.installation.GradleInstallation                             : loaded 2 times (x 75B)
Class dagger.spi.internal.shaded.androidx.room.compiler.processing.javac.JavacElement : loaded 2 times (x 179B)
Class dagger.spi.internal.shaded.androidx.room.jarjarred.kotlinx.metadata.internal.protobuf.MessageLiteOrBuilder: loaded 2 times (x 70B)
Class dagger.spi.internal.shaded.auto.common.MoreTypes$TypeEquivalence                : loaded 2 times (x 82B)
Class dagger.spi.internal.shaded.auto.common.MoreTypes$ExecutableTypeVisitor          : loaded 2 times (x 102B)
Class [Ldagger.hilt.processor.internal.root.RootType;                                 : loaded 2 times (x 69B)
Class sync_studio_tooling3_d5wstl1iurbenq60ghmjabit$_run_closure1                     : loaded 2 times (x 139B)
Class com.android.tools.idea.gradle.project.sync.StandaloneDeliverableModel$Companion : loaded 2 times (x 71B)
Class [Lcom.android.tools.idea.gradle.model.IdeDependenciesCore;                      : loaded 2 times (x 69B)
Class com.android.tools.idea.gradle.project.sync.AgpCompatibilityKt                   : loaded 2 times (x 71B)
Class dagger.hilt.processor.internal.root.Root                                        : loaded 2 times (x 77B)
Class dagger.internal.codegen.processingstep.SuperficialValidator                     : loaded 2 times (x 75B)
Class io.opentelemetry.api.trace.DefaultTracer                                        : loaded 2 times (x 74B)
Class org.gradle.tooling.internal.adapter.ProtocolToModelAdapter$2                    : loaded 2 times (x 78B)
Class dagger.internal.codegen.processingstep.AssistedFactoryProcessingStep            : loaded 2 times (x 86B)
Class dagger.spi.internal.shaded.androidx.room.compiler.processing.javac.JavacExecutableType: loaded 2 times (x 81B)
Class dagger.internal.codegen.binding.ProductionBinding$Builder                       : loaded 2 times (x 90B)
Class dagger.internal.codegen.compileroption.FeatureStatus                            : loaded 2 times (x 79B)
Class dagger.internal.codegen.DelegateComponentProcessor$Injector                     : loaded 2 times (x 70B)
Class dagger.spi.internal.shaded.androidx.room.compiler.processing.javac.JavacAnnotationValueKt$UNWRAP_VISITOR$1$visitArray$1$1: loaded 2 times (x 79B)
Class dagger.hilt.processor.internal.kotlin.KotlinMetadataUtils$MetadataComponent     : loaded 2 times (x 70B)
Class dagger.internal.codegen.componentgenerator.ComponentGeneratorModule             : loaded 2 times (x 70B)
Class com.squareup.kotlinpoet.ClassNames                                              : loaded 2 times (x 71B)
Class dagger.spi.internal.shaded.androidx.room.jarjarred.kotlinx.metadata.Attributes$isNegated$2: loaded 2 times (x 137B)
Class dagger.internal.codegen.model.DaggerAnnotation                                  : loaded 2 times (x 76B)
Class dagger.spi.internal.shaded.androidx.room.jarjarred.kotlinx.metadata.internal.metadata.deserialization.TypeTable: loaded 2 times (x 72B)
Class com.squareup.javapoet.ClassName                                                 : loaded 2 times (x 84B)
Class jdk.internal.jimage.decompressor.ResourceDecompressor$StringsProvider           : loaded 2 times (x 70B)
Class org.jetbrains.kotlin.config.LanguageFeature$State                               : loaded 2 times (x 82B)
Class com.google.common.base.Splitter$Strategy                                        : loaded 2 times (x 70B)
Class dagger.internal.codegen.binding.FrameworkType$3                                 : loaded 2 times (x 71B)
Class org.gradle.tooling.ToolingModelContract                                         : loaded 2 times (x 70B)
Class com.google.common.collect.TreeRangeSet                                          : loaded 2 times (x 115B)
Class com.android.tools.idea.gradle.project.sync.DefaultVariantsKt$getDefaultVariant$$inlined$thenBy$2: loaded 2 times (x 90B)
Class com.android.tools.idea.gradle.project.sync.ModelFeature                         : loaded 2 times (x 79B)
Class com.android.tools.idea.gradle.model.impl.IdeAndroidProjectImpl                  : loaded 2 times (x 107B)
Class com.android.tools.idea.gradle.project.sync.VariantDiscovery                     : loaded 2 times (x 72B)
Class com.android.tools.idea.gradle.model.impl.IdeBuildTypeImpl                       : loaded 2 times (x 93B)
Class com.android.tools.idea.gradle.model.impl.IdeAndroidArtifactCoreImpl             : loaded 2 times (x 103B)
Class com.android.tools.idea.gradle.project.sync.ArtifactDependenciesCompat           : loaded 2 times (x 72B)
Class org.jetbrains.plugins.gradle.tooling.serialization.internal.IdeaProjectSerializationService$10: loaded 2 times (x 76B)
Class com.android.tools.idea.gradle.project.sync.DependencyGraphCompat                : loaded 2 times (x 71B)
Class kotlin.sequences.SequencesKt__SequencesKt$sequenceOf$$inlined$Sequence$1        : loaded 2 times (x 75B)
Class com.android.ide.common.gradle.Part                                              : loaded 2 times (x 77B)
Class org.objectweb.asm.AnnotationVisitor                                             : loaded 2 times (x 78B)
Class com.google.common.base.Splitter                                                 : loaded 2 times (x 72B)
Class org.gradle.api.internal.DefaultClassPathProvider                                : loaded 2 times (x 76B)
Class com.android.tools.idea.gradle.model.CodeShrinker                                : loaded 2 times (x 79B)
Class org.gradle.tooling.model.internal.Exceptions                                    : loaded 2 times (x 71B)
Class org.gradle.tooling.UnsupportedVersionException                                  : loaded 2 times (x 83B)
Class com.intellij.gradle.toolingExtension.impl.model.buildScriptClasspathModel.GradleBuildScriptClasspathModelProvider: loaded 2 times (x 79B)
Class com.intellij.gradle.toolingExtension.impl.modelAction.GradleModelFetchAction    : loaded 2 times (x 86B)
Class org.gradle.tooling.BuildAction                                                  : loaded 2 times (x 70B)
Class dagger.internal.codegen.base.$AutoValue_ModuleAnnotation                        : loaded 2 times (x 76B)
Class [Ldagger.internal.codegen.validation.BindingMethodValidator$ExceptionSuperclass;: loaded 2 times (x 69B)
Class dagger.internal.codegen.validation.BindsMethodValidator_Factory                 : loaded 2 times (x 79B)
Class kotlin.reflect.jvm.internal.impl.builtins.functions.FunctionClassKind$Companion : loaded 2 times (x 71B)
Class dagger.spi.internal.shaded.androidx.room.compiler.processing.javac.kotlin.KmClassContainer$primaryConstructorSignature$2: loaded 2 times (x 79B)
Class dagger.spi.internal.shaded.androidx.room.compiler.processing.javac.JavacTypeElement$superInterfaces$2: loaded 2 times (x 79B)
Class dagger.spi.internal.shaded.androidx.room.compiler.processing.javac.JavacTypeElement$packageName$2: loaded 2 times (x 79B)
Class dagger.hilt.processor.internal.root.ComponentTreeDepsProcessor                  : loaded 2 times (x 100B)
Class kotlin.io.FileWalkDirection                                                     : loaded 2 times (x 79B)

---------------  S Y S T E M  ---------------

OS:
 Windows 11 , 64 bit Build 22000 (10.0.22000.2538)
OS uptime: 8 days 23:17 hours
Hyper-V role detected

CPU: total 4 (initial active 4) (4 cores per cpu, 1 threads per core) family 6 model 190 stepping 0 microcode 0x15, cx8, cmov, fxsr, mmx, 3dnowpref, sse, sse2, sse3, ssse3, sse4.1, sse4.2, popcnt, lzcnt, tsc, tscinvbit, avx, avx2, aes, erms, clmul, bmi1, bmi2, adx, sha, fma, vzeroupper, clflush, clflushopt, clwb, hv, serialize, rdtscp, rdpid, fsrm, f16c, cet_ibt, cet_ss
Processor Information for the first 4 processors :
  Max Mhz: 800, Current Mhz: 800, Mhz Limit: 800

Memory: 4k page, system-wide physical 16037M (1325M free)
TotalPageFile size 20546M (AvailPageFile size 0M)
current process WorkingSet (physical memory assigned to process): 1640M, peak: 1640M
current process commit charge ("private bytes"): 1747M, peak: 1750M

vm_info: OpenJDK 64-Bit Server VM (21.0.10+-14961533-b1163.108) for windows-amd64 JRE (21.0.10+-14961533-b1163.108), built on 2026-03-02T19:58:50Z by "builder" with MS VC++ 16.10 / 16.11 (VS2019)

END.
